date,away_team,away_score,home_team,home_score,venue
2025-11-03,Lehigh Mountain Hawks,57,Houston Cougars,75,"Fertitta Center, Houston, TX"
2025-11-03,Florida Gators,87,Arizona Wildcats,93,"T-Mobile Arena, Las Vegas, NV"
2025-11-03,New Haven Chargers,55,UConn Huskies,79,"Gampel Pavilion, Storrs, CT"
2025-11-03,Quinnipiac Bobcats,74,St. John's Red Storm,108,"Carnesecca Arena, Queens, NY"
2025-11-03,Oakland Golden Grizzlies,78,Michigan Wolverines,121,"Crisler Center, Ann Arbor, MI"
2025-11-03,Villanova Wildcats,66,BYU Cougars,71,"T-Mobile Arena, Las Vegas, NV"
2025-11-03,South Carolina State Bulldogs,45,Louisville Cardinals,104,"KFC Yum! Center, Louisville, KY"
2025-11-03,Eastern Washington Eagles,74,UCLA Bruins,80,"Pauley Pavilion, Los Angeles, CA"
2025-11-03,Southern Jaguars,77,Arkansas Razorbacks,109,"Bud Walton Arena, Fayetteville, AR"
2025-11-03,North Dakota Fighting Hawks,62,Alabama Crimson Tide,91,"Coleman Coliseum, Tuscaloosa, AL"
2025-11-03,Fairleigh Dickinson Knights,50,Iowa State Cyclones,88,"Hilton Coliseum, Ames, IA"
2025-11-03,Jackson State Tigers,55,Illinois Fighting Illini,113,"State Farm Center, Champaign, IL"
2025-11-03,Mercer Bears,61,Tennessee Volunteers,76,"Food City Center, Knoxville, TN"
2025-11-03,Green Bay Phoenix,51,Kansas Jayhawks,94,"Allen Fieldhouse, Lawrence, KS"
2025-11-03,Bethune-Cookman Wildcats,90,Auburn Tigers,95,"Neville Arena, Auburn, AL"
2025-11-03,Texas Southern Tigers,43,Gonzaga Bulldogs,98,"McCarthey Athletic Center, Spokane, WA"
2025-11-03,Colgate Raiders,69,Michigan State Spartans,80,"Breslin Center, East Lansing, MI"
2025-11-03,Campbell Fighting Camels,64,Wisconsin Badgers,96,"Kohl Center, Madison, WI"
2025-11-03,Central Arkansas Bears,54,North Carolina Tar Heels,94,"Dean E. Smith Center, Chapel Hill, NC"
2025-11-03,Queens University Royals,74,Winthrop Eagles,81,"Rock Hill Sports & Event Center, Rock Hill, SC"
2025-11-03,Bradley Braves,63,St. Bonaventure Bonnies,69,"Rock Hill Sports & Event Center, Rock Hill, SC"
2025-11-03,Arlington Baptist Patriots,60,East Texas A&M Lions,119,"The Field House, Commerce, TX"
2025-11-03,Texas A&M-San Antonio Jaguars,53,Lamar Cardinals,93,"Montagne Center, Beaumont, TX"
2025-11-03,College Of Biblical Studies Ambassadors,48,Prairie View A&M Panthers,95,"William Nicks Building, Prairie View, TX"
2025-11-03,Omaha Mavericks,77,Murray State Racers,85,"Sanford Pentagon, Sioux Falls, SD"
2025-11-03,Millsaps Majors,76,Stephen F. Austin Lumberjacks,103,"William R. Johnson Coliseum, Nacogdoches, TX"
2025-11-03,Northern Arizona Lumberjacks,71,Drake Bulldogs,77,"Sanford Pentagon, Sioux Falls, SD"
2025-11-03,Thomas (ME) Terriers,48,Stonehill Skyhawks,100,"Merkert Gymnasium, South Easton, MA"
2025-11-03,Widener Pride,59,Drexel Dragons,93,"Daskalakis Athletic Center, Philadelphia, PA"
2025-11-03,Johnson & Wales (NC) JOHNSON & WALES-CHARLOTTE,58,VMI Keydets,122,"Cameron Hall, Lexington, VA"
2025-11-03,Georgia State Panthers,49,Eastern Michigan Eagles,71,"Gervin GameAbove Center, Ypsilanti, MI"
2025-11-03,Farmingdale State Rams,59,Stony Brook Seawolves,66,"Stony Brook Arena, Stony Brook, NY"
2025-11-03,Furman Paladins,71,High Point Panthers,97,"Rock Hill Sports & Event Center, Rock Hill, SC"
2025-11-03,Southern Miss Golden Eagles,79,Buffalo Bulls,85,"Alumni Arena, Buffalo, NY"
2025-11-03,IU Indianapolis Jaguars,102,Ohio State Buckeyes,118,"Value City Arena, Columbus, OH"
2025-11-03,Coppin State Eagles,61,Maryland Terrapins,83,"CFG Bank Arena, Baltimore, MD"
2025-11-03,Morgan State Bears,70,Georgetown Hoyas,87,"Capital One Arena, Washington, DC"
2025-11-03,Old Dominion Monarchs,72,Miami (OH) RedHawks,87,"Millett Hall, Oxford, OH"
2025-11-03,Erskine Flying Fleet,61,The Citadel Bulldogs,105,"McAlister Field House, Charleston, SC"
2025-11-03,Union (KY) Bulldogs,39,Chattanooga Mocs,92,"McKenzie Arena, Chattanooga, TN"
2025-11-03,Missouri Tigers,88,Howard Bison,67,"Burr Gymnasium, Washington, DC"
2025-11-03,Coastal Carolina Chanticleers,71,Western Michigan Broncos,76,"University Arena (MI), Kalamazoo, MI"
2025-11-03,Arkansas State Red Wolves,89,Ohio Bobcats,85,"Convocation Center (OH), Athens, OH"
2025-11-03,Florida National Conquistadors,49,Florida International Panthers,101,"Ocean Bank Convocation Center, Miami, FL"
2025-11-03,Washington Adventist Shock,76,Norfolk State Spartans,98,"Joseph G. Echols Hall, Norfolk, VA"
2025-11-03,DeSales Bulldogs,63,Davidson Wildcats,97,"John M. Belk Arena, Davidson, NC"
2025-11-03,Midway University Eagles,84,Morehead State Eagles,89,"Ellis T. Johnson Arena, Morehead, KY"
2025-11-03,Kentucky Christian Knights,57,Liberty Flames,98,"Liberty Arena (VA), Lynchburg, VA"
2025-11-03,Paine Lions,29,Kennesaw State Owls,105,"KSU Convocation Center, Kennesaw, GA"
2025-11-03,Oakwood Ambassadors,63,Jacksonville State Gamecocks,117,"Pete Mathews Coliseum, Jacksonville, AL"
2025-11-03,Georgian Court Lions,63,William & Mary Tribe,110,"Kaplan Arena, Williamsburg, VA"
2025-11-03,Tusculum Pioneers,58,Charleston Cougars,79,"TD Arena, Charleston, SC"
2025-11-03,Marshall Thundering Herd,78,Massachusetts Minutemen,72,"Mullins Center, Amherst, MA"
2025-11-03,Mary Baldwin Fighting Squirrels,55,Longwood Lancers,92,"Joan Perry Brock Center, Farmville, VA"
2025-11-03,SUNY Cobleskill Fighting Tigers,50,Le Moyne Dolphins,94,"Ted Grant Court, Syracuse, NY"
2025-11-03,Western New England Golden Bears,68,Vermont Catamounts,75,"Patrick Gymnasium, Burlington, VT"
2025-11-03,Rivier Raiders,55,UMass Lowell River Hawks,107,"Kennedy Family Athletic Complex, Lowell, MA"
2025-11-03,Wofford Terriers,46,George Mason Patriots,70,"EagleBank Arena, Fairfax, VA"
2025-11-03,Western Illinois Leathernecks,75,Radford Highlanders,80,"The Dedmon Center, Radford, VA"
2025-11-03,Mount Olive Trojans,77,UNC Wilmington Seahawks,106,"Trask Coliseum, Wilmington, NC"
2025-11-03,South Alabama Jaguars,76,Toledo Rockets,74,"Savage Arena, Toledo, OH"
2025-11-03,App State Mountaineers,66,Central Michigan Chippewas,82,"McGuirk Arena, Mount Pleasant, MI"
2025-11-03,Texas State Bobcats,48,Bowling Green Falcons,83,"Stroh Center, Bowling Green, OH"
2025-11-03,Franklin Grizzlies,37,Wright State Raiders,86,"Nutter Center, Dayton, OH"
2025-11-03,Cincinnati Clermont Cougars,69,Northern Kentucky Norse,126,"Truist Arena, Highland Heights, KY"
2025-11-03,New College (FL) Mighty Banyans,60,Florida Gulf Coast Eagles,96,"Alico Arena, Fort Myers, FL"
2025-11-03,Fairfield Stags,68,Penn State Nittany Lions,76,"Bryce Jordan Center, University Park, PA"
2025-11-03,Troy Trojans,103,Kent State Golden Flashes,97,"M.A.C. Center, Kent, OH"
2025-11-03,Wagner Seahawks,74,VCU Rams,103,"Siegel Center, Richmond, VA"
2025-11-03,Lafayette Leopards,76,Saint Joseph's Hawks,85,"Michael J. Hagan '85 Arena, Philadelphia, PA"
2025-11-03,Louisiana Ragin' Cajuns,64,Ball State Cardinals,75,"Worthen Arena, Muncie, IN"
2025-11-03,Bryant Bulldogs,66,Siena Saints,82,"MVP Arena, Albany, NY"
2025-11-03,James Madison Dukes,71,Akron Zips,85,"James A. Rhodes Arena, Akron, OH"
2025-11-03,Western Carolina Catamounts,63,Cincinnati Bearcats,94,"Fifth Third Arena, Cincinnati, OH"
2025-11-03,Charleston Southern Buccaneers,67,Virginia Tech Hokies,98,"Cassell Coliseum, Blacksburg, VA"
2025-11-03,Binghamton Bearcats,47,Syracuse Orange,85,"JMA Wireless Dome, Syracuse, NY"
2025-11-03,Youngstown State Penguins,59,Pittsburgh Panthers,74,"Petersen Events Center, Pittsburgh, PA"
2025-11-03,North Carolina Central Eagles,66,NC State Wolfpack,114,"Lenovo Center, Raleigh, NC"
2025-11-03,Boston College Eagles,78,Florida Atlantic Owls,83,"Eleanor R. Baldwin Arena, Boca Raton, FL"
2025-11-03,Stetson Hatters,62,Rhode Island Rams,93,"Thomas M. Ryan Center, Kingston, RI"
2025-11-03,Niagara Purple Eagles,63,Duquesne Dukes,83,"UPMC Cooper Fieldhouse, Pittsburgh, PA"
2025-11-03,Canisius Golden Griffins,48,Dayton Flyers,88,"UD Arena, Dayton, OH"
2025-11-03,New Hampshire Wildcats,38,Clemson Tigers,88,"Littlejohn Coliseum, Clemson, SC"
2025-11-03,Vermont State - Johnson Badgers,55,Central Connecticut Blue Devils,117,"Detrick Gymnasium, New Britain, CT"
2025-11-03,Rider Broncs,53,Virginia Cavaliers,87,"John Paul Jones Arena, Charlottesville, VA"
2025-11-03,Long Island University Sharks,67,Notre Dame Fighting Irish,89,"Purcell Pavilion, South Bend, IN"
2025-11-03,Delaware Blue Hens,70,Bucknell Bison,78,"Sojka Pavilion, Lewisburg, PA"
2025-11-03,Marist Red Foxes,62,Xavier Musketeers,66,"Cintas Center, Cincinnati, OH"
2025-11-03,Holy Cross Crusaders,79,Providence Friars,89,"Amica Mutual Pavilion, Providence, RI"
2025-11-03,Champion Christian Tigers,65,McNeese Cowboys,127,"Townsley Law Arena, Lake Charles, LA"
2025-11-03,Huston-Tillotson Rams,47,Grambling Tigers,91,"Fredrick C. Hobdy Assembly Center, Grambling, LA"
2025-11-03,Saint Peter's Peacocks,50,Seton Hall Pirates,77,"Prudential Center, Newark, NJ"
2025-11-03,Mississippi Valley State Delta Devils,55,UAB Blazers,106,"Bartow Arena, Birmingham, AL"
2025-11-03,Boston University Terriers,76,Northeastern Huskies,75,"Matthews Arena, Boston, MA"
2025-11-03,Tennessee Tech Golden Eagles,70,Western Kentucky Hilltoppers,82,"E.A. Diddle Arena, Bowling Green, KY"
2025-11-03,LeTourneau Yellow Jackets,59,Sam Houston Bearkats,95,"Bernard G. Johnson Coliseum, Huntsville, TX"
2025-11-03,Bellarmine Knights,59,Georgia Bulldogs,104,"Stegeman Coliseum, Athens, GA"
2025-11-03,Maryland Eastern Shore Hawks,52,Georgia Tech Yellow Jackets,56,"McCamish Pavilion, Atlanta, GA"
2025-11-03,Navy Midshipmen,76,Presbyterian Blue Hose,55,"Templeton Center, Clinton, SC"
2025-11-03,Air Force Falcons,63,Belmont Bruins,79,"Curb Event Center Arena, Nashville, TN"
2025-11-03,Evangel Crusaders,74,Kansas City Roos,80,"Swinney Center, Kansas City, MO"
2025-11-03,Northwestern State Demons,68,Texas A&M Aggies,98,"Reed Arena, College Station, TX"
2025-11-03,Fisk Bulldogs,50,Tennessee State Tigers,101,"Gentry Center, Nashville, TN"
2025-11-03,McKendree Bearcats,42,Southern Illinois Salukis,83,"Banterra Center, Carbondale, IL"
2025-11-03,Southern Arkansas Muleriders,70,Houston Christian Huskies,74,"Sharp Gymnasium, Houston, TX"
2025-11-03,Oklahoma Christian OKLAHOMA CHRISTIAN,57,Tulsa Golden Hurricane,100,"Reynolds Center, Tulsa, OK"
2025-11-03,Blue Mountain Toppers,60,Alabama A&M Bulldogs,80,"Event Center, Huntsville, AL"
2025-11-03,Gardner-Webb Runnin' Bulldogs,60,Minnesota Golden Gophers,87,"Williams Arena, Minneapolis, MN"
2025-11-03,SUNY-Maritime Privateers,49,Army Black Knights,73,"Christl Arena, West Point, NY"
2025-11-03,Menlo Oaks,69,UC Davis Aggies,96,"University Credit Union Center, Davis, CA"
2025-11-03,West Georgia Wolves,53,Nebraska Cornhuskers,86,"Pinnacle Bank Arena, Lincoln, NE"
2025-11-03,Lipscomb Bisons,61,Vanderbilt Commodores,105,"Memorial Gymnasium (TN), Nashville, TN"
2025-11-03,UNT Dallas Trailblazers,40,UT Arlington Mavericks,91,"College Park Center, Arlington, TX"
2025-11-03,UL Monroe Warhawks,82,Northern Illinois Huskies,102,"NIU Convocation Center, Dekalb, IL"
2025-11-03,Detroit Mercy Titans,71,UIC Flames,91,"Credit Union 1 Arena, Chicago, IL"
2025-11-03,UAlbany Great Danes,53,Marquette Golden Eagles,80,"Fiserv Forum, Milwaukee, WI"
2025-11-03,Chicago State Cougars,62,DePaul Blue Demons,92,"Wintrust Arena, Chicago, IL"
2025-11-03,Hampton Pirates,86,Milwaukee Panthers,90,"UW-Milwaukee Panther Arena, Milwaukee, WI"
2025-11-03,Indiana State Sycamores,76,Charlotte 49ers,92,"Halton Arena, Charlotte, NC"
2025-11-03,Mercyhurst Lakers,47,Northwestern Wildcats,70,"Welsh-Ryan Arena, Evanston, IL"
2025-11-03,UT Rio Grande Valley Vaqueros,81,Baylor Bears,96,"Foster Pavilion, Waco, TX"
2025-11-03,American University Eagles,74,Wake Forest Demon Deacons,88,"LJVM Coliseum, Winston-Salem, NC"
2025-11-03,Tarleton State Texans,76,SMU Mustangs,96,"Moody Coliseum (Dallas), Dallas, TX"
2025-11-03,Southeast Missouri State Redhawks,67,Saint Louis Billikens,92,"Chaifetz Arena, St. Louis, MO"
2025-11-03,Cleveland State Vikings,88,Loyola Chicago Ramblers,91,"Gentile Arena, Chicago, IL"
2025-11-03,Maine Black Bears,47,George Washington Revolutionaries,67,"Charles E. Smith Center, Washington, DC"
2025-11-03,Jacksonville Dolphins,69,Miami Hurricanes,86,"Watsco Center, Coral Gables, FL"
2025-11-03,SE Louisiana Lions,58,Ole Miss Rebels,88,"The Sandy and John Black Pavilion at Ole Miss, Oxford, MS"
2025-11-03,New Orleans Privateers,78,TCU Horned Frogs,74,"Schollmaier Arena, Fort Worth, TX"
2025-11-03,Bryan (TN) Lions,47,Austin Peay Governors,128,"F&M Bank Arena, Clarksville, TN"
2025-11-03,New Mexico Highlands Cowboys,54,North Texas Mean Green,88,"The Super Pit, Denton, TX"
2025-11-03,Samford Bulldogs,72,Tulane Green Wave,85,"Devlin Fieldhouse, New Orleans, LA"
2025-11-03,Northern State Wolves,75,Wyoming Cowboys,99,"Arena-Auditorium, Laramie, WY"
2025-11-03,Trinity (TX) Tigers,56,Texas A&M-Corpus Christi Islanders,83,"American Bank Center, Corpus Christi, TX"
2025-11-03,Saint Francis Red Flash,66,Oklahoma Sooners,102,"Lloyd Noble Center, Norman, OK"
2025-11-03,Utah Tech Trailblazers,81,South Dakota Coyotes,79,"Sanford Coyote Sports Center, Vermillion, SD"
2025-11-03,Florida A&M Rattlers,67,South Florida Bulls,102,"Yuengling Center, Tampa, FL"
2025-11-03,Hofstra Pride,78,UCF Knights,82,"Addition Financial Arena, Orlando, FL"
2025-11-03,South Dakota State Jackrabbits,75,Merrimack Warriors,66,"Sanford Pentagon, Sioux Falls, SD"
2025-11-03,UT Permian Basin Falcons,56,UTEP Miners,98,"Don Haskins Center, El Paso, TX"
2025-11-03,Northwest Indian RedHawks,41,Montana Grizzlies,106,"Dahlberg Arena, Missoula, MT"
2025-11-03,Westminster (UT) Griffins,54,Utah State Aggies,110,"Dee Glen Smith Spectrum, Logan, UT"
2025-11-03,West Coast Baptist Eagles,38,Weber State Wildcats,130,"Dee Events Center, Ogden, UT"
2025-11-03,Life Pacific Warriors,80,Pepperdine Waves,88,"Firestone Fieldhouse, Malibu, CA"
2025-11-03,Hawai'i Pacific Sea Warriors,79,Boise State Broncos,78,"ExtraMile Arena, Boise, ID"
2025-11-03,Incarnate Word Cardinals,64,Colorado State Rams,98,"Moby Arena, Fort Collins, CO"
2025-11-03,McMurry War Hawks,55,Abilene Christian Wildcats,92,"Moody Coliseum (Abilene), Abilene, TX"
2025-11-03,Purdue Fort Wayne Mastodons,71,Grand Canyon Lopes,90,"Global Credit Union Arena, Phoenix, AZ"
2025-11-03,Towson Tigers,67,Loyola Maryland Greyhounds,56,"CFG Bank Arena, Baltimore, MD"
2025-11-03,San José State Spartans,75,Utah Utes,84,"Jon M. Huntsman Center, Salt Lake City, UT"
2025-11-03,Montana State Bobcats,78,Colorado Buffaloes,84,"CU Events Center, Boulder, CO"
2025-11-03,Cal Poly Mustangs,64,USC Trojans,94,"Galen Center, Los Angeles, CA"
2025-11-03,Colorado College Tigers,57,Northern Colorado Bears,91,"Bank of Colorado Arena, Greeley, CO"
2025-11-03,North Dakota State Bison,65,Oregon State Beavers,67,"Gill Coliseum, Corvallis, OR"
2025-11-03,Idaho Vandals,83,Washington State Cougars,81,"Beasley Coliseum, Pullman, WA"
2025-11-03,Bethesda University Flames,49,UC Irvine Anteaters,125,"Bren Events Center, Irvine, CA"
2025-11-03,St. Thomas-Minnesota Tommies,58,Saint Mary's Gaels,84,"University Credit Union Pavilion, Moraga, CA"
2025-11-03,La Verne Leopards,73,UC San Diego Tritons,105,"LionTree Arena, San Diego, CA"
2025-11-03,UC Santa Cruz Banana Slugs,53,San Francisco Dons,98,"The Sobrato Center, San Francisco, CA"
2025-11-03,La Sierra Golden Eagles,49,UC Riverside Highlanders,90,"SRC Arena, Riverside, CA"
2025-11-03,Denver Pioneers,73,Seattle U Redhawks,84,"Redhawk Center, Seattle, WA"
2025-11-03,Willamette Bearcats,83,Portland Pilots,120,"Chiles Center, Portland, OR"
2025-11-03,Lincoln University (CA) Oaklanders,54,Loyola Marymount Lions,137,"Gersten Pavilion, Los Angeles, CA"
2025-11-03,Nobel Knights,58,Cal State Northridge Matadors,99,"Premier America Credit Union Arena, Northridge, CA"
2025-11-03,Caltech CALTECH,82,Cal State Fullerton Titans,136,"Titan Gym, Fullerton, CA"
2025-11-03,Cal State Bakersfield Roadrunners,60,California Golden Bears,87,"Haas Pavilion, Berkeley, CA"
2025-11-03,Fresno Pacific Sunbirds,51,Fresno State Bulldogs,88,"Save Mart Center, Fresno, CA"
2025-11-03,South Carolina Upstate Spartans,75,California Baptist Lancers,87,"Dale E. and Sarah Ann Fowler Events Center, Riverside, CA"
2025-11-03,Arkansas-Pine Bluff Golden Lions,50,Washington Huskies,94,"Alaska Airlines Arena, Seattle, WA"
2025-11-04,Evansville Purple Aces,51,Purdue Boilermakers,82,"Mackey Arena, West Lafayette, IN"
2025-11-04,Texas Longhorns,60,Duke Blue Devils,75,"Spectrum Center, Charlotte, NC"
2025-11-04,Nicholls Colonels,51,Kentucky Wildcats,77,"Rupp Arena, Lexington, KY"
2025-11-04,Lindenwood Lions,60,Texas Tech Red Raiders,98,"United Supermarkets Arena, Lubbock, TX"
2025-11-04,Penn State-York Nittany Lions,53,UMBC Retrievers,74,"Chesapeake Employers Insurance Arena, Baltimore, MD"
2025-11-04,East-West University Phantoms,50,SIU Edwardsville Cougars,119,"First Community Arena, Edwardsville, IL"
2025-11-04,North Carolina A&T Aggies,72,South Carolina Gamecocks,91,"Colonial Life Arena, Columbia, SC"
2025-11-04,Alcorn State Braves,76,Florida State Seminoles,108,"Tucker Center, Tallahassee, FL"
2025-11-04,Converse University Valkyries,50,East Tennessee State Buccaneers,102,"Freedom Hall (TN), Johnson City, TN"
2025-11-04,Caldwell Cougars,68,Monmouth Hawks,96,"OceanFirst Bank Center, West Long Branch, NJ"
2025-11-04,St. Joseph's (NY) Bears,59,Manhattan Jaspers,125,"Draddy Gymnasium, Riverdale, NY"
2025-11-04,Merchant Marine Academy Mariners,46,Sacred Heart Pioneers,103,"William H. Pitt Center, Fairfield, CT"
2025-11-04,NJIT Highlanders,72,Fordham Rams,61,"Rose Hill Gym, Bronx, NY"
2025-11-04,Georgia Southern Eagles,89,East Carolina Pirates,92,"Minges Coliseum, Greenville, NC"
2025-11-04,Mount St. Mary's Mountaineers,54,West Virginia Mountaineers,70,"WVU Coliseum, Morgantown, WV"
2025-11-04,UNC Asheville Bulldogs,58,Wichita State Shockers,75,"Charles Koch Arena, Wichita, KS"
2025-11-04,West Coast Baptist Eagles,35,Utah Valley Wolverines,116,"UCCU Center, Orem, UT"
2025-11-04,College Of Biblical Studies Ambassadors,38,Rice Owls,109,"Tudor Fieldhouse, Houston, TX"
2025-11-04,Arkansas Baptist Buffaloes,63,Little Rock Trojans,92,"Jack Stephens Center, Little Rock, AR"
2025-11-04,Missouri Southern State Lions,70,Missouri State Bears,88,"Great Southern Bank Arena, Springfield, MO"
2025-11-04,Eastern Illinois Panthers,63,Valparaiso Beacons,66,"Athletics-Recreation Center, Valparaiso, IN"
2025-11-04,UNC Greensboro Spartans,64,Kansas State Wildcats,93,"Bramlage Coliseum, Manhattan, KS"
2025-11-04,Oral Roberts Golden Eagles,71,Oklahoma State Cowboys,95,"Gallagher-Iba Arena, Stillwater, OK"
2025-11-04,Robert Morris Colonials,69,Iowa Hawkeyes,101,"Carver-Hawkeye Arena, Iowa City, IA"
2025-11-04,Adams State Grizzlies,72,New Mexico State Aggies,83,"Pan American Center, Las Cruces, NM"
2025-11-04,San Francisco State Gators,67,UC Santa Barbara Gauchos,98,"The Thunderdome, Santa Barbara, CA"
2025-11-04,Occidental Tigers,59,San Diego Toreros,88,"Jenny Craig Pavilion, San Diego, CA"
2025-11-04,Southern Utah Thunderbirds,64,Arizona State Sun Devils,81,"Desert Financial Arena, Tempe, AZ"
2025-11-04,Dominican (CA) Penguins,79,Sacramento State Hornets,103,"Hornet Pavilion, Sacramento, CA"
2025-11-04,Louisiana Tech Bulldogs,50,Nevada Wolf Pack,77,"Lawlor Events Center, Reno, NV"
2025-11-04,Humboldt State Lumberjacks,53,Santa Clara Broncos,83,"Leavey Center, Santa Clara, CA"
2025-11-04,Park University Gilbert Buccaneers,71,Idaho State Bengals,81,"Reed Gym, Pocatello, ID"
2025-11-04,Long Beach State Beach,45,San Diego State Aztecs,77,"Viejas Arena, San Diego, CA"
2025-11-04,UT Martin Skyhawks,86,UNLV Rebels,81,"Thomas & Mack Center, Las Vegas, NV"
2025-11-04,Portland State Vikings,79,Stanford Cardinal,89,"Maples Pavilion, Stanford, CA"
2025-11-04,Hawai'i Rainbow Warriors,59,Oregon Ducks,60,"Matthew Knight Arena, Eugene, OR"
2025-11-05,South Dakota Coyotes,76,Creighton Bluejays,92,"CHI Health Center Omaha, Omaha, NE"
2025-11-05,Milligan Buffaloes,51,Middle Tennessee Blue Raiders,100,"Murphy Center, Murfreesboro, TN"
2025-11-05,Bluefield University Ramblin' Rams,76,Presbyterian Blue Hose,105,"Templeton Center, Clinton, SC"
2025-11-05,RIT Tigers,56,Binghamton Bearcats,66,"Events Center (Binghamton), Binghamton, NY"
2025-11-05,Rider Broncs,53,Rutgers Scarlet Knights,81,"Jersey Mike’s Arena, Piscataway, NJ"
2025-11-05,Carolina University Bruins,46,App State Mountaineers,92,"Holmes Convocation Center, Boone, NC"
2025-11-05,Coppin State Eagles,59,La Salle Explorers,87,"John Glaser Arena, Philadelphia, PA"
2025-11-05,College Of Biblical Studies Ambassadors,30,UTSA Roadrunners,97,"UTSA Convocation Center, San Antonio, TX"
2025-11-05,Mississippi University For Women Owls,61,Mississippi Valley State Delta Devils,97,"R.W. Harrison HPER Complex, Itta Bena, MS"
2025-11-05,Washington and Lee Generals,56,James Madison Dukes,70,"Atlantic Union Bank Center, Harrisonburg, VA"
2025-11-05,Dickinson (PA) Red Devils,44,Lafayette Leopards,79,"Kirby Sports Center, Easton, PA"
2025-11-05,Regent Royals,55,Norfolk State Spartans,119,"Joseph G. Echols Hall, Norfolk, VA"
2025-11-05,Belmont Abbey Crusaders,51,Elon Phoenix,99,"Schar Center, Elon, NC"
2025-11-05,Dallas Crusaders,53,Prairie View A&M Panthers,94,"William Nicks Building, Prairie View, TX"
2025-11-05,Delaware State Hornets,65,Temple Owls,83,"Liacouras Center, Philadelphia, PA"
2025-11-05,Plattsburgh St Cardinals,62,Vermont Catamounts,113,"Patrick Gymnasium, Burlington, VT"
2025-11-05,LaGrange Panthers,62,Mercer Bears,101,"Hawkins Arena, Macon, GA"
2025-11-05,Lynchburg Hornets,76,Queens University Royals,87,"Curry Arena, Charlotte, NC"
2025-11-05,Maryland Eastern Shore Hawks,29,Georgia Bulldogs,94,"Stegeman Coliseum, Athens, GA"
2025-11-05,Southern Indiana Screaming Eagles,58,Butler Bulldogs,88,"Hinkle Fieldhouse, Indianapolis, IN"
2025-11-05,Southern Virginia Knights,56,Richmond Spiders,84,"Robins Center, Richmond, VA"
2025-11-05,Texas A&M-San Antonio Jaguars,55,Texas State Bobcats,114,"Strahan Arena at the University Events Center, San Marcos, TX"
2025-11-05,Alabama A&M Bulldogs,51,Indiana Hoosiers,98,"Simon Skjodt Assembly Hall, Bloomington, IN"
2025-11-05,Tarleton State Texans,60,LSU Tigers,96,"Pete Maravich Assembly Center, Baton Rouge, LA"
2025-11-05,Southern Jaguars,82,Marquette Golden Eagles,100,"Fiserv Forum, Milwaukee, WI"
2025-11-05,East Texas A&M Lions,54,New Mexico Lobos,76,"The Pit, Albuquerque, NM"
2025-11-05,Ottawa (AZ) Spirit,39,Montana Grizzlies,73,"Dahlberg Arena, Missoula, MT"
2025-11-05,South Carolina Upstate Spartans,67,Fresno State Bulldogs,66,"Save Mart Center, Fresno, CA"
2025-11-05,North Dakota State Bison,68,UC Davis Aggies,80,"University Credit Union Center, Davis, CA"
2025-11-05,Northwest Indian RedHawks,44,Montana State Bobcats,114,"Worthington Arena, Bozeman, MT"
2025-11-05,Bethesda University Flames,65,Utah Tech Trailblazers,110,"Burns Arena, St. George, UT"
2025-11-05,North Alabama Lions,62,Mississippi State Bulldogs,86,"Humphrey Coliseum, Starkville, MS"
2025-11-05,Pacific Lutheran Lutes,79,Cal Poly Mustangs,101,"Mott Athletics Center, San Luis Obispo, CA"
2025-11-05,Life Pacific Warriors,56,Pacific Tigers,83,"Alex G. Spanos Center, Stockton, CA"
2025-11-05,Eastern Washington Eagles,62,Loyola Marymount Lions,70,"Gersten Pavilion, Los Angeles, CA"
2025-11-06,North Florida Ospreys,64,Florida Gators,104,"Stephen C. O'Connell Center, Gainesville, FL"
2025-11-06,Jackson State Tigers,70,Louisville Cardinals,106,"KFC Yum! Center, Louisville, KY"
2025-11-06,Grambling Tigers,62,Iowa State Cyclones,102,"Hilton Coliseum, Ames, IA"
2025-11-06,Merrimack Warriors,57,Auburn Tigers,95,"Neville Arena, Auburn, AL"
2025-11-06,Penn St Abington Nittany Lions,60,Loyola Maryland Greyhounds,96,"Reitz Arena, Baltimore, MD"
2025-11-06,Whittier Poets,61,Cal State Bakersfield Roadrunners,83,"Icardo Center, Bakersfield, CA"
2025-11-06,Curry College Colonels,31,New Hampshire Wildcats,113,"Lundholm Gymnasium, Durham, NH"
2025-11-06,Central Penn Knights,77,Morgan State Bears,101,"Hill Field House, Baltimore, MD"
2025-11-06,Long Island University Sharks,94,IU Indianapolis Jaguars,90,"The Jungle, Indianapolis, IN"
2025-11-06,District Of Columbia Firebirds,71,Howard Bison,103,"Burr Gymnasium, Washington, DC"
2025-11-06,Randolph College Wildcats,53,Old Dominion Monarchs,93,"Chartway Arena, Norfolk, VA"
2025-11-06,Valley Forge Patriots,52,Lehigh Mountain Hawks,91,"Stabler Arena, Bethlehem, PA"
2025-11-06,Northwood (MI) Timberwolves,85,Western Michigan Broncos,81,"University Arena (MI), Kalamazoo, MI"
2025-11-06,Illinois Tech Scarlet Hawks,73,Indiana State Sycamores,104,"Hulman Center, Terre Haute, IN"
2025-11-06,Mid-Atlantic Christian Mustangs,43,Hampton Pirates,103,"Convocation Center (VA), Hampton, VA"
2025-11-06,Capital Crusaders,70,Cleveland State Vikings,71,"Wolstein Center, Cleveland, OH"
2025-11-06,Bethany (WV) Bison,65,Bowling Green Falcons,120,"Stroh Center, Bowling Green, OH"
2025-11-06,Health Sciences & Pharmacy Eutectics,51,Lindenwood Lions,116,"Hyland Arena, Saint Charles, MO"
2025-11-06,Toccoa Falls Eagles,71,Charleston Southern Buccaneers,106,"Buccaneer Fieldhouse, Charleston, SC"
2025-11-06,Campbell Fighting Camels,65,West Virginia Mountaineers,73,"WVU Coliseum, Morgantown, WV"
2025-11-06,The Citadel Bulldogs,47,Boston College Eagles,76,"Conte Forum, Chestnut Hill, MA"
2025-11-06,Allegheny Gators,43,Canisius Golden Griffins,84,"Koessler Athletic Center, Buffalo, NY"
2025-11-06,Illinois State Redbirds,68,Ohio Bobcats,72,"Convocation Center (OH), Athens, OH"
2025-11-06,Central Connecticut Blue Devils,49,Quinnipiac Bobcats,71,"M&T Bank Arena, Hamden, CT"
2025-11-06,Le Moyne Dolphins,69,Xavier Musketeers,74,"Cintas Center, Cincinnati, OH"
2025-11-06,Bethune-Cookman Wildcats,61,Miami Hurricanes,101,"Watsco Center, Coral Gables, FL"
2025-11-06,Robert Morris Colonials,81,Drake Bulldogs,79,"Knapp Center, Des Moines, IA"
2025-11-06,Alcorn State Braves,70,South Alabama Jaguars,76,"Mitchell Center, Mobile, AL"
2025-11-06,Dakota State Trojans,62,South Dakota State Jackrabbits,68,"First Bank & Trust Arena, Brookings, SD"
2025-11-06,Midway University Eagles,60,Eastern Kentucky Colonels,122,"Baptist Health Arena, Richmond, KY"
2025-11-06,Northwestern State Demons,53,North Texas Mean Green,80,"The Super Pit, Denton, TX"
2025-11-06,Tougaloo Bulldogs,57,Southern Miss Golden Eagles,93,"Reed Green Coliseum, Hattiesburg, MS"
2025-11-06,Texas Southern Tigers,70,Texas A&M Aggies,104,"Reed Arena, College Station, TX"
2025-11-06,UC Riverside Highlanders,74,North Dakota Fighting Hawks,70,"Betty Engelstad Sioux Center, Grand Forks, ND"
2025-11-06,Omaha Mavericks,71,Abilene Christian Wildcats,73,"Moody Coliseum (Abilene), Abilene, TX"
2025-11-06,Trinity (FL) Tigers,45,Jacksonville Dolphins,132,"Swisher Gymnasium, Jacksonville, FL"
2025-11-06,Cal State Northridge Matadors,57,Northern Iowa Panthers,86,"McLeod Center, Cedar Falls, IA"
2025-11-06,Texas A&M-Corpus Christi Islanders,58,SMU Mustangs,69,"Moody Coliseum (Dallas), Dallas, TX"
2025-11-06,Chicago State Cougars,86,Saint Louis Billikens,108,"Chaifetz Arena, St. Louis, MO"
2025-11-06,Saint Francis Red Flash,63,TCU Horned Frogs,104,"Schollmaier Arena, Fort Worth, TX"
2025-11-06,Mercyhurst Lakers,73,Loyola Chicago Ramblers,65,"Gentile Arena, Chicago, IL"
2025-11-06,Denver Pioneers,70,Washington Huskies,84,"Alaska Airlines Arena, Seattle, WA"
2025-11-06,Wright State Raiders,67,California Golden Bears,77,"Haas Pavilion, Berkeley, CA"
2025-11-06,Arkansas-Pine Bluff Golden Lions,74,Portland Pilots,83,"Chiles Center, Portland, OR"
2025-11-07,Oakland Golden Grizzlies,77,Purdue Boilermakers,87,"Mackey Arena, West Lafayette, IN"
2025-11-07,UMass Lowell River Hawks,47,UConn Huskies,110,"PeoplesBank Arena, Hartford, CT"
2025-11-07,Valparaiso Beacons,59,Kentucky Wildcats,107,"Rupp Arena, Lexington, KY"
2025-11-07,Sam Houston Bearkats,77,Texas Tech Red Raiders,98,"United Supermarkets Arena, Lubbock, TX"
2025-11-07,Pepperdine Waves,63,UCLA Bruins,74,"Pauley Pavilion, Los Angeles, CA"
2025-11-07,Utah Tech Trailblazers,67,Arizona Wildcats,93,"McKale Memorial Center, Tucson, AZ"
2025-11-07,Florida Gulf Coast Eagles,70,Illinois Fighting Illini,113,"State Farm Center, Champaign, IL"
2025-11-07,Kansas Jayhawks,74,North Carolina Tar Heels,87,"Dean E. Smith Center, Chapel Hill, NC"
2025-11-07,Northern Illinois Huskies,72,Wisconsin Badgers,97,"Kohl Center, Madison, WI"
2025-11-07,Wilmington (DE) Wildcats,71,Delaware Blue Hens,62,"Bob Carpenter Center, Newark, DE"
2025-11-07,Calumet Crimson Wave,50,Evansville Purple Aces,92,"Ford Center, Evansville, IN"
2025-11-07,Columbia Lions,71,New Haven Chargers,53,"Jeffery P. Hazell Athletics Center, West Haven, CT"
2025-11-07,SIU Edwardsville Cougars,77,UTSA Roadrunners,60,"UTSA Convocation Center, San Antonio, TX"
2025-11-07,Jarvis Christian Bulldogs,60,Incarnate Word Cardinals,104,"McDermott Center, San Antonio, TX"
2025-11-07,Northeastern Huskies,68,Colgate Raiders,65,"Cotterell Court, Hamilton, NY"
2025-11-07,MIT Engineers,50,Harvard Crimson,79,"Lavietes Pavilion, Cambridge, MA"
2025-11-07,Charleston Cougars,75,Liberty Flames,90,"Liberty Arena (VA), Lynchburg, VA"
2025-11-07,Boston University Terriers,52,Northwestern Wildcats,76,"Welsh-Ryan Arena, Evanston, IL"
2025-11-07,Georgetown Hoyas,70,Maryland Terrapins,60,"XFINITY Center, College Park, MD"
2025-11-07,Tulsa Golden Hurricane,82,Rhode Island Rams,65,"Alumni Hall (Navy), Annapolis, MD"
2025-11-07,Green Bay Phoenix,76,Buffalo Bulls,83,"Alumni Arena, Buffalo, NY"
2025-11-07,Purdue Fort Wayne Mastodons,68,Ohio State Buckeyes,94,"Value City Arena, Columbus, OH"
2025-11-07,Virginia-Lynchburg Dragons,44,Coastal Carolina Chanticleers,121,"The HTC Center, Conway, SC"
2025-11-07,Arkansas State Red Wolves,65,Stephen F. Austin Lumberjacks,90,"William R. Johnson Coliseum, Nacogdoches, TX"
2025-11-07,Alabama State Hornets,64,Florida State Seminoles,101,"Tucker Center, Tallahassee, FL"
2025-11-07,Winthrop Eagles,90,George Mason Patriots,96,"EagleBank Arena, Fairfax, VA"
2025-11-07,West Virginia Wesleyan Bobcats,61,Radford Highlanders,99,"The Dedmon Center, Radford, VA"
2025-11-07,Huntingdon College (AL) Hawks,83,West Georgia Wolves,120,"The Coliseum, Carrollton, GA"
2025-11-07,Fort Lauderdale Eagles,77,Stetson Hatters,106,"Edmunds Center, DeLand, FL"
2025-11-07,Troy Trojans,64,Furman Paladins,61,"Timmons Arena, Greenville, SC"
2025-11-07,Hofstra Pride,73,Iona Gaels,81,"Hynes Athletics Center, New Rochelle, NY"
2025-11-07,Washington State Cougars,69,Davidson Wildcats,85,"John M. Belk Arena, Davidson, NC"
2025-11-07,Western Illinois Leathernecks,58,Iowa Hawkeyes,77,"Carver-Hawkeye Arena, Iowa City, IA"
2025-11-07,Lane College Dragons,84,North Alabama Lions,90,"Flowers Hall, Florence, AL"
2025-11-07,Cornell Big Red,102,Kent State Golden Flashes,110,"M.A.C. Center, Kent, OH"
2025-11-07,Mansfield Mountaineers,54,Ball State Cardinals,84,"Worthen Arena, Muncie, IN"
2025-11-07,Tennessee Tech Golden Eagles,65,Charlotte 49ers,70,"Halton Arena, Charlotte, NC"
2025-11-07,Georgia State Panthers,64,Cincinnati Bearcats,74,"Fifth Third Arena, Cincinnati, OH"
2025-11-07,Siena Saints,62,Brown Bears,46,"Pizzitola Sports Center, Providence, RI"
2025-11-07,Morehead State Eagles,65,Wake Forest Demon Deacons,81,"LJVM Coliseum, Winston-Salem, NC"
2025-11-07,North Carolina Central Eagles,62,Virginia Cavaliers,81,"John Paul Jones Arena, Charlottesville, VA"
2025-11-07,Longwood Lancers,60,Pittsburgh Panthers,78,"Petersen Events Center, Pittsburgh, PA"
2025-11-07,Detroit Mercy Titans,70,Notre Dame Fighting Irish,102,"Purcell Pavilion, South Bend, IN"
2025-11-07,Sacred Heart Pioneers,80,Duquesne Dukes,92,"UPMC Cooper Fieldhouse, Pittsburgh, PA"
2025-11-07,Gardner-Webb Runnin' Bulldogs,59,Clemson Tigers,97,"Littlejohn Coliseum, Clemson, SC"
2025-11-07,Rowan Profs,72,Pennsylvania Quakers,119,"The Palestra, Philadelphia, PA"
2025-11-07,Bucknell Bison,73,Mount St. Mary's Mountaineers,62,"Knott Arena, Emmitsburg, MD"
2025-11-07,Trinity Christian (IL) Trolls,49,Miami (OH) RedHawks,129,"Millett Hall, Oxford, OH"
2025-11-07,UL Monroe Warhawks,65,Ole Miss Rebels,86,"The Sandy and John Black Pavilion at Ole Miss, Oxford, MS"
2025-11-07,Wagner Seahawks,61,Seton Hall Pirates,68,"Walsh Gymnasium, South Orange, NJ"
2025-11-07,Mount Saint Mary (NY) Knights,37,Fordham Rams,106,"Rose Hill Gym, Bronx, NY"
2025-11-07,Bryant Bulldogs,45,Georgia Tech Yellow Jackets,74,"McCamish Pavilion, Atlanta, GA"
2025-11-07,Southeast Missouri State Redhawks,84,Missouri Tigers,89,"Mizzou Arena, Columbia, MO"
2025-11-07,Kansas City Roos,78,Southern Illinois Salukis,101,"Banterra Center, Carbondale, IL"
2025-11-07,Colorado Christian Cougars,65,Northern Colorado Bears,101,"Bank of Colorado Arena, Greeley, CO"
2025-11-07,Mississippi Valley State Delta Devils,60,Murray State Racers,108,"CFSB Center, Murray, KY"
2025-11-07,Justice College Lions,55,Northern Arizona Lumberjacks,87,"J. Lawrence Walkup Skydome, Flagstaff, AZ"
2025-11-07,Stonehill Skyhawks,64,DePaul Blue Demons,72,"Wintrust Arena, Chicago, IL"
2025-11-07,VCU Rams,77,Utah State Aggies,80,"Comerica Center, Frisco, TX"
2025-11-07,Nicholls Colonels,57,Eastern Illinois Panthers,65,"Groniger Arena, Charleston, IL"
2025-11-07,South Carolina State Bulldogs,72,Samford Bulldogs,82,"Pete Hanna Center, Homewood, AL"
2025-11-07,VMI Keydets,78,Southern Indiana Screaming Eagles,74,"Liberty Arena (IN), Evansville, IN"
2025-11-07,SE Louisiana Lions,52,Louisiana Ragin' Cajuns,58,"Cajundome, Lafayette, LA"
2025-11-07,Western New Mexico Mustangs,70,UTEP Miners,107,"Don Haskins Center, El Paso, TX"
2025-11-07,Idaho State Bengals,71,San Diego Toreros,68,"Jenny Craig Pavilion, San Diego, CA"
2025-11-07,Whitman Missionaries,49,Idaho Vandals,94,"ICCU Arena, Moscow, ID"
2025-11-07,Youngstown State Penguins,90,Grand Canyon Lopes,81,"Global Credit Union Arena, Phoenix, AZ"
2025-11-07,Yale Bulldogs,97,Navy Midshipmen,68,"Alumni Hall (Navy), Annapolis, MD"
2025-11-07,UAB Blazers,70,NC State Wolfpack,94,"Lenovo Center, Raleigh, NC"
2025-11-07,Jessup University Warriors,76,Sacramento State Hornets,86,"Hornet Pavilion, Sacramento, CA"
2025-11-07,Northwest Indian RedHawks,74,Portland State Vikings,122,"Viking Pavilion, Portland, OR"
2025-11-07,Rice Owls,63,Oregon Ducks,67,"Matthew Knight Arena, Eugene, OR"
2025-11-07,McNeese Cowboys,67,Santa Clara Broncos,79,"Leavey Center, Santa Clara, CA"
2025-11-07,UIC Flames,73,Oregon State Beavers,76,"Gill Coliseum, Corvallis, OR"
2025-11-07,Chattanooga Mocs,66,Saint Mary's Gaels,87,"University Credit Union Pavilion, Moraga, CA"
2025-11-07,California Baptist Lancers,69,UC Irvine Anteaters,61,"Bren Events Center, Irvine, CA"
2025-11-08,Towson Tigers,48,Houston Cougars,65,"Fertitta Center, Houston, TX"
2025-11-08,Alabama Crimson Tide,103,St. John's Red Storm,96,"Madison Square Garden, New York, NY"
2025-11-08,Western Carolina Catamounts,54,Duke Blue Devils,95,"Cameron Indoor Stadium, Durham, NC"
2025-11-08,Holy Cross Crusaders,53,BYU Cougars,98,"Marriott Center, Provo, UT"
2025-11-08,Arkansas Razorbacks,66,Michigan State Spartans,69,"Breslin Center, East Lansing, MI"
2025-11-08,Northern Kentucky Norse,56,Tennessee Volunteers,95,"Food City Center, Knoxville, TN"
2025-11-08,Oklahoma Sooners,68,Gonzaga Bulldogs,83,"Spokane Arena, Spokane, WA"
2025-11-08,Alcorn State Braves,50,Minnesota Golden Gophers,95,"Williams Arena, Minneapolis, MN"
2025-11-08,Southern Virginia Knights,46,South Carolina Upstate Spartans,105,"G.B. Hodge Center, Spartanburg, SC"
2025-11-08,Princeton Tigers,69,Akron Zips,104,"James A. Rhodes Arena, Akron, OH"
2025-11-08,Kennesaw State Owls,92,Florida A&M Rattlers,72,"Al Lawson Center, Tallahassee, FL"
2025-11-08,Penn State Nittany Lions,87,New Haven Chargers,43,"Jeffery P. Hazell Athletics Center, West Haven, CT"
2025-11-08,Florida International Panthers,66,Nebraska Cornhuskers,96,"Pinnacle Bank Arena, Lincoln, NE"
2025-11-08,Drexel Dragons,65,Saint Joseph's Hawks,76,"Michael J. Hagan '85 Arena, Philadelphia, PA"
2025-11-08,Delaware State Hornets,43,Syracuse Orange,83,"JMA Wireless Dome, Syracuse, NY"
2025-11-08,South Florida Bulls,95,George Washington Revolutionaries,99,"Mohegan Sun Arena, Uncasville, CT"
2025-11-08,Texas State Bobcats,71,Tulane Green Wave,79,"Devlin Fieldhouse, New Orleans, LA"
2025-11-08,Champion Christian Tigers,63,Central Arkansas Bears,110,"Farris Center, Conway, AR"
2025-11-08,Marshall Thundering Herd,85,Toledo Rockets,73,"Savage Arena, Toledo, OH"
2025-11-08,Fairfield Stags,74,NJIT Highlanders,53,"Joel & Diane Bloom Wellness and Events Center, Newark, NJ"
2025-11-08,Milwaukee Panthers,76,Wofford Terriers,86,"Jerry Richardson Indoor Stadium, Spartanburg, SC"
2025-11-08,UMBC Retrievers,71,Dayton Flyers,77,"UD Arena, Dayton, OH"
2025-11-08,Niagara Purple Eagles,67,Binghamton Bearcats,59,"Events Center (Binghamton), Binghamton, NY"
2025-11-08,Fairleigh Dickinson Knights,83,Saint Peter's Peacocks,93,"Yanitelli Center, Jersey City, NJ"
2025-11-08,UNC Asheville Bulldogs,90,Georgia Southern Eagles,93,"Jack and Ruth Ann Hill Convocation Center, Statesboro, GA"
2025-11-08,Lafayette Leopards,60,Texas Longhorns,97,"Moody Center, Austin, TX"
2025-11-08,San Francisco Dons,70,Memphis Tigers,76,"FedExForum, Memphis, TN"
2025-11-08,Penn State-New Kensington Lions,43,Mercyhurst Lakers,94,"Mercyhurst Athletic Center, Erie, PA"
2025-11-08,Monmouth Hawks,60,La Salle Explorers,73,"John Glaser Arena, Philadelphia, PA"
2025-11-08,Spring Hill Badgers,50,South Alabama Jaguars,99,"Mitchell Center, Mobile, AL"
2025-11-08,San José State Spartans,74,UC Santa Barbara Gauchos,85,"The Thunderdome, Santa Barbara, CA"
2025-11-08,Elon Phoenix,92,UNC Greensboro Spartans,90,"First Horizon Coliseum, Greensboro, NC"
2025-11-08,William & Mary Tribe,81,Norfolk State Spartans,78,"Joseph G. Echols Hall, Norfolk, VA"
2025-11-08,Vanderbilt Commodores,105,UCF Knights,93,"Addition Financial Arena, Orlando, FL"
2025-11-08,UT Arlington Mavericks,56,New Mexico Lobos,74,"The Pit, Albuquerque, NM"
2025-11-08,Utah Valley Wolverines,77,Boise State Broncos,101,"ExtraMile Arena, Boise, ID"
2025-11-08,Cal State Fullerton Titans,82,Wyoming Cowboys,92,"Arena-Auditorium, Laramie, WY"
2025-11-08,Austin Peay Governors,74,Air Force Falcons,54,"Clune Arena, Colorado Springs, CO"
2025-11-08,Eastern Washington Eagles,97,Colorado Buffaloes,102,"CU Events Center, Boulder, CO"
2025-11-08,Montana Grizzlies,68,Stanford Cardinal,91,"Maples Pavilion, Stanford, CA"
2025-11-08,Canisius Golden Griffins,70,St. Bonaventure Bonnies,89,"Reilly Center, Saint Bonaventure, NY"
2025-11-08,Cheyney (PA) Wolves,59,Maryland Eastern Shore Hawks,104,"Hytche Center, Princess Anne, MD"
2025-11-08,Providence Friars,101,Virginia Tech Hokies,107,"Mohegan Sun Arena, Uncasville, CT"
2025-11-08,Averett Cougars,52,High Point Panthers,127,"Qubein Center, High Point, NC"
2025-11-08,Long Beach State Beach,62,Fresno State Bulldogs,82,"Save Mart Center, Fresno, CA"
2025-11-08,IU Indianapolis Jaguars,80,Butler Bulldogs,112,"Hinkle Fieldhouse, Indianapolis, IN"
2025-11-08,Maine Black Bears,60,Stony Brook Seawolves,71,"Stony Brook Arena, Stony Brook, NY"
2025-11-08,UAlbany Great Danes,62,Massachusetts Minutemen,83,"Mullins Center, Amherst, MA"
2025-11-08,Florida Atlantic Owls,94,Charleston Cougars,77,"Liberty Arena (VA), Lynchburg, VA"
2025-11-08,East Tennessee State Buccaneers,64,Presbyterian Blue Hose,68,"Templeton Center, Clinton, SC"
2025-11-08,East Carolina Pirates,72,Richmond Spiders,87,"Robins Center, Richmond, VA"
2025-11-08,Prairie View A&M Panthers,62,Wichita State Shockers,105,"Charles Koch Arena, Wichita, KS"
2025-11-08,Queens University Royals,74,Villanova Wildcats,94,"Finneran Pavilion, Villanova, PA"
2025-11-08,Texas A&M-Corpus Christi Islanders,77,Tarleton State Texans,85,"Wisdom Gym, Stephenville, TX"
2025-11-08,Weber State Wildcats,89,Utah Utes,92,"Jon M. Huntsman Center, Salt Lake City, UT"
2025-11-08,Webster Gorloks,56,Middle Tennessee Blue Raiders,109,"Murphy Center, Murfreesboro, TN"
2025-11-08,John Brown Golden Eagles,50,Oral Roberts Golden Eagles,84,"Mabee Center, Tulsa, OK"
2025-11-08,Army Black Knights,76,St. Thomas-Minnesota Tommies,83,"Lee & Penny Anderson Arena, Saint Paul, MN"
2025-11-08,Central Michigan Chippewas,54,Bradley Braves,85,"Carver Arena, Peoria, IL"
2025-11-08,Northwestern Oklahoma State Rangers,57,Missouri State Bears,106,"Great Southern Bank Arena, Springfield, MO"
2025-11-08,Bellarmine Knights,71,Kansas State Wildcats,98,"Bramlage Coliseum, Manhattan, KS"
2025-11-08,Tennessee State Tigers,79,Belmont Bruins,87,"Curb Event Center Arena, Nashville, TN"
2025-11-08,UT Rio Grande Valley Vaqueros,95,Southern Utah Thunderbirds,72,"America First Events Center, Cedar City, UT"
2025-11-08,Arkansas-Pine Bluff Golden Lions,72,Loyola Marymount Lions,94,"Gersten Pavilion, Los Angeles, CA"
2025-11-08,Chattanooga Mocs,69,UNLV Rebels,101,"Thomas & Mack Center, Las Vegas, NV"
2025-11-08,Houston Christian Huskies,60,UC San Diego Tritons,78,"LionTree Arena, San Diego, CA"
2025-11-08,Cal Poly Mustangs,73,Seattle U Redhawks,71,"Redhawk Center, Seattle, WA"
2025-11-08,Pacific Tigers,77,Nevada Wolf Pack,78,"Lawlor Events Center, Reno, NV"
2025-11-09,New Hampshire Wildcats,75,Harvard Crimson,86,"Lavietes Pavilion, Cambridge, MA"
2025-11-09,Western Michigan Broncos,82,Campbell Fighting Camels,91,"John W. Pope Jr. Convocation Center, Buies Creek, NC"
2025-11-09,North Carolina Central Eagles,54,App State Mountaineers,76,"Holmes Convocation Center, Boone, NC"
2025-11-09,Indiana Hoosiers,100,Marquette Golden Eagles,77,"United Center, Chicago, IL"
2025-11-09,Coppin State Eagles,70,James Madison Dukes,84,"Atlantic Union Bank Center, Harrisonburg, VA"
2025-11-09,Pennsylvania Quakers,78,American University Eagles,84,"Bender Arena, Washington, DC"
2025-11-09,Morehead State Eagles,81,Georgia Bulldogs,120,"Stegeman Coliseum, Athens, GA"
2025-11-09,Lipscomb Bisons,77,Mercer Bears,92,"Hawkins Arena, Macon, GA"
2025-11-09,Le Moyne Dolphins,60,Bowling Green Falcons,83,"Stroh Center, Bowling Green, OH"
2025-11-09,Dominican (IL) Dominican,56,Purdue Fort Wayne Mastodons,137,"Memorial Coliseum (IN), Fort Wayne, IN"
2025-11-09,Cal State Northridge Matadors,93,North Dakota Fighting Hawks,85,"Betty Engelstad Sioux Center, Grand Forks, ND"
2025-11-09,South Dakota State Jackrabbits,58,Northern Iowa Panthers,65,"McLeod Center, Cedar Falls, IA"
2025-11-09,Vermont Catamounts,89,Brown Bears,84,"Pizzitola Sports Center, Providence, RI"
2025-11-09,Marist Red Foxes,75,Dartmouth Big Green,56,"Leede Arena, Hanover, NH"
2025-11-09,Texas A&M Aggies,63,Oklahoma State Cowboys,87,"Gallagher-Iba Arena, Stillwater, OK"
2025-11-09,Cornell Big Red,65,Illinois State Redbirds,76,"CEFCU Arena, Normal, IL"
2025-11-09,Ozark Christian Ambassadors,65,South Dakota Coyotes,121,"Sanford Coyote Sports Center, Vermillion, SD"
2025-11-09,Lyon Scots,35,Louisiana Tech Bulldogs,93,"Thomas Assembly Center, Ruston, LA"
2025-11-09,Denver Pioneers,75,Montana State Bobcats,73,"Worthington Arena, Bozeman, MT"
2025-11-09,Lehigh Mountain Hawks,47,West Virginia Mountaineers,69,"WVU Coliseum, Morgantown, WV"
2025-11-09,Utah Tech Trailblazers,66,Arizona State Sun Devils,81,"Desert Financial Arena, Tempe, AZ"
2025-11-09,Oakland City Mighty Oaks,47,Evansville Purple Aces,76,"Ford Center, Evansville, IN"
2025-11-09,VMI Keydets,68,Missouri Tigers,106,"Mizzou Arena, Columbia, MO"
2025-11-09,North Texas Mean Green,64,Loyola Chicago Ramblers,62,"Now Arena, Hoffman Estates, IL"
2025-11-09,UC Davis Aggies,63,Portland Pilots,67,"Chiles Center, Portland, OR"
2025-11-09,Idaho State Bengals,57,San Diego State Aztecs,73,"Viejas Arena, San Diego, CA"
2025-11-09,Grambling Tigers,73,Howard Bison,70,"Burr Gymnasium, Washington, DC"
2025-11-09,Florida Atlantic Owls,68,Liberty Flames,88,"Liberty Arena (VA), Lynchburg, VA"
2025-11-09,Manhattan Jaspers,83,USC Trojans,114,"Galen Center, Los Angeles, CA"
2025-11-09,Omaha Mavericks,74,Colorado State Rams,97,"Moby Arena, Fort Collins, CO"
2025-11-09,Southern Miss Golden Eagles,79,South Carolina Gamecocks,83,"Colonial Life Arena, Columbia, SC"
2025-11-09,Kentucky Christian Knights,42,UT Martin Skyhawks,97,"Kathleen and Tom Elam Center, Martin, TN"
2025-11-09,Washington Huskies,69,Baylor Bears,78,"Foster Pavilion, Waco, TX"
2025-11-10,East Texas A&M Lions,74,Hawai'i Rainbow Warriors,100,"Stan Sheriff Center, Honolulu, HI"
2025-11-10,Columbia Lions,62,UConn Huskies,89,"Gampel Pavilion, Storrs, CT"
2025-11-10,West Georgia Wolves,62,UCLA Bruins,83,"Pauley Pavilion, Los Angeles, CA"
2025-11-10,Mississippi State Bulldogs,80,Iowa State Cyclones,96,"Sanford Pentagon, Sioux Falls, SD"
2025-11-10,Molloy Lions,61,Hofstra Pride,95,"David S. Mack Sports and Exhibition Complex, Hempstead, NY"
2025-11-10,Ripon Red Hawks,63,Green Bay Phoenix,83,"Resch Center, Ashwaubenon, WI"
2025-11-10,Reinhardt Eagles,39,Jacksonville State Gamecocks,114,"Pete Mathews Coliseum, Jacksonville, AL"
2025-11-10,Ecclesia Royals,51,Southern Jaguars,115,"F.G. Clark Activity Center, Baton Rouge, LA"
2025-11-10,New Haven Chargers,73,UMass Lowell River Hawks,67,"Kennedy Family Athletic Complex, Lowell, MA"
2025-11-10,Columbia International Rams,59,Furman Paladins,89,"Timmons Arena, Greenville, SC"
2025-11-10,Penn State-Shenango Nittany Lions,53,Youngstown State Penguins,115,"Beeghly Center, Youngstown, OH"
2025-11-10,Maine Black Bears,60,Rutgers Scarlet Knights,72,"Jersey Mike’s Arena, Piscataway, NJ"
2025-11-10,Delaware State Hornets,57,Niagara Purple Eagles,68,"Gallagher Center, Niagara Falls, NY"
2025-11-10,Indiana State Sycamores,64,SIU Edwardsville Cougars,55,"First Community Arena, Edwardsville, IL"
2025-11-10,South Carolina State Bulldogs,62,North Carolina A&T Aggies,85,"Corbett Sports Center, Greensboro, NC"
2025-11-10,North Greenville Crusaders,92,Gardner-Webb Runnin' Bulldogs,81,"Paul Porter Arena, Boiling Springs, NC"
2025-11-10,Presbyterian Blue Hose,63,Georgia State Panthers,61,"GSU Convocation Center, Atlanta, GA"
2025-11-10,Virginia-Lynchburg Dragons,58,Tennessee Tech Golden Eagles,118,"Hooper Eblen Center, Cookeville, TN"
2025-11-10,Geneva Golden Tornadoes,47,Robert Morris Colonials,93,"UPMC Events Center, Moon Township, PA"
2025-11-10,Western Kentucky Hilltoppers,87,Eastern Kentucky Colonels,79,"Baptist Health Arena, Richmond, KY"
2025-11-10,Fairfield Stags,59,Seton Hall Pirates,82,"Walsh Gymnasium, South Orange, NJ"
2025-11-10,UNC Wilmington Seahawks,77,Kent State Golden Flashes,86,"M.A.C. Center, Kent, OH"
2025-11-10,Charleston Southern Buccaneers,96,The Citadel Bulldogs,86,"McAlister Field House, Charleston, SC"
2025-11-10,Eastern Michigan Eagles,66,Pittsburgh Panthers,78,"Petersen Events Center, Pittsburgh, PA"
2025-11-10,Stetson Hatters,61,Miami Hurricanes,102,"Watsco Center, Coral Gables, FL"
2025-11-10,Rust Bearcats,55,UL Monroe Warhawks,88,"Fant-Ewing Coliseum, Monroe, LA"
2025-11-10,College Of Biblical Studies Ambassadors,50,McNeese Cowboys,132,"Townsley Law Arena, Lake Charles, LA"
2025-11-10,Simpson College (IA) Storm,51,Drake Bulldogs,89,"Knapp Center, Des Moines, IA"
2025-11-10,Arlington Baptist Patriots,61,UT Arlington Mavericks,117,"College Park Center, Arlington, TX"
2025-11-10,Little Rock Trojans,72,Milwaukee Panthers,92,"UW-Milwaukee Panther Arena, Milwaukee, WI"
2025-11-10,Lindenwood Lions,66,Saint Louis Billikens,109,"Chaifetz Arena, St. Louis, MO"
2025-11-10,Lamar Cardinals,65,TCU Horned Frogs,78,"Schollmaier Arena, Fort Worth, TX"
2025-11-10,New Orleans Privateers,58,LSU Tigers,93,"Pete Maravich Assembly Center, Baton Rouge, LA"
2025-11-10,Cleveland State Vikings,63,Northwestern Wildcats,110,"Welsh-Ryan Arena, Evanston, IL"
2025-11-10,Santa Clara Broncos,87,Xavier Musketeers,68,"Cintas Center, Cincinnati, OH"
2025-11-10,Northern Illinois Huskies,59,Grand Canyon Lopes,88,"Global Credit Union Arena, Phoenix, AZ"
2025-11-10,Holy Cross Crusaders,69,Utah Utes,87,"Jon M. Huntsman Center, Salt Lake City, UT"
2025-11-10,SE Louisiana Lions,60,Georgia Tech Yellow Jackets,70,"McCamish Pavilion, Atlanta, GA"
2025-11-10,St. Thomas-Minnesota Tommies,71,Washington State Cougars,81,"Beasley Coliseum, Pullman, WA"
2025-11-10,Lincoln University (CA) Oaklanders,63,UC Irvine Anteaters,130,"Bren Events Center, Irvine, CA"
2025-11-10,Cal State Fullerton Titans,65,California Golden Bears,93,"Haas Pavilion, Berkeley, CA"
2025-11-11,Duke Blue Devils,114,Army Black Knights,59,"Christl Arena, West Point, NY"
2025-11-11,Northern Arizona Lumberjacks,49,Arizona Wildcats,84,"McKale Memorial Center, Tucson, AZ"
2025-11-11,Wake Forest Demon Deacons,84,Michigan Wolverines,85,"Little Caesars Arena, Detroit, MI"
2025-11-11,Delaware Blue Hens,68,BYU Cougars,85,"Marriott Center, Provo, UT"
2025-11-11,Kentucky Wildcats,88,Louisville Cardinals,96,"KFC Yum! Center, Louisville, KY"
2025-11-11,Florida State Seminoles,76,Florida Gators,78,"Stephen C. O'Connell Center, Gainesville, FL"
2025-11-11,Texas Tech Red Raiders,77,Illinois Fighting Illini,81,"State Farm Center, Champaign, IL"
2025-11-11,Radford Highlanders,74,North Carolina Tar Heels,89,"Dean E. Smith Center, Chapel Hill, NC"
2025-11-11,Creighton Bluejays,63,Gonzaga Bulldogs,90,"McCarthey Athletic Center, Spokane, WA"
2025-11-11,Central Arkansas Bears,56,Arkansas Razorbacks,93,"Bud Walton Arena, Fayetteville, AR"
2025-11-11,Wofford Terriers,62,Auburn Tigers,93,"Neville Arena, Auburn, AL"
2025-11-11,Ball State Cardinals,55,Wisconsin Badgers,86,"Kohl Center, Madison, WI"
2025-11-11,Texas A&M-Corpus Christi Islanders,46,Kansas Jayhawks,77,"Allen Fieldhouse, Lawrence, KS"
2025-11-11,IU Columbus Crimson Pride,77,IU Indianapolis Jaguars,121,"The Jungle, Indianapolis, IN"
2025-11-11,Iona Gaels,105,Kansas City Roos,91,"Swinney Center, Kansas City, MO"
2025-11-11,Southwestern Adventist Knights,63,Abilene Christian Wildcats,104,"Moody Coliseum (Abilene), Abilene, TX"
2025-11-11,Long Island University Sharks,76,Air Force Falcons,72,"Clune Arena, Colorado Springs, CO"
2025-11-11,Southwestern Christian Eagles,70,Incarnate Word Cardinals,109,"McDermott Center, San Antonio, TX"
2025-11-11,UMBC Retrievers,81,Morgan State Bears,79,"Hill Field House, Baltimore, MD"
2025-11-11,Coastal Georgia Mariner,60,Bethune-Cookman Wildcats,101,"Moore Gymnasium (FL), Daytona Beach, FL"
2025-11-11,SUNY Delhi Broncos,52,UAlbany Great Danes,115,"Broadview Center, Albany, NY"
2025-11-11,Saint Josephs Long Island Golden Eagles,43,Stony Brook Seawolves,107,"Stony Brook Arena, Stony Brook, NY"
2025-11-11,App State Mountaineers,53,Ohio State Buckeyes,75,"Value City Arena, Columbus, OH"
2025-11-11,Lipscomb Bisons,64,UNC Asheville Bulldogs,69,"Kimmel Arena, Asheville, NC"
2025-11-11,Navy Midshipmen,71,Penn State Nittany Lions,80,"Bryce Jordan Center, University Park, PA"
2025-11-11,Norfolk State Spartans,57,Old Dominion Monarchs,60,"Chartway Arena, Norfolk, VA"
2025-11-11,Drexel Dragons,83,Colgate Raiders,90,"Cotterell Court, Hamilton, NY"
2025-11-11,Alcorn State Braves,64,Maryland Terrapins,84,"XFINITY Center, College Park, MD"
2025-11-11,Pensacola Christian College PENSACOLA CHRISTIAN,56,Troy Trojans,121,"Trojan Arena, Troy, AL"
2025-11-11,Winthrop Eagles,66,Coastal Carolina Chanticleers,72,"The HTC Center, Conway, SC"
2025-11-11,Catawba Chiefs,62,George Mason Patriots,86,"EagleBank Arena, Fairfax, VA"
2025-11-11,Florida A&M Rattlers,60,UCF Knights,97,"Addition Financial Arena, Orlando, FL"
2025-11-11,Sacred Heart Pioneers,60,Villanova Wildcats,94,"Finneran Pavilion, Villanova, PA"
2025-11-11,Northwestern State Demons,83,North Alabama Lions,87,"Flowers Hall, Florence, AL"
2025-11-11,Toledo Rockets,81,Wright State Raiders,71,"Nutter Center, Dayton, OH"
2025-11-11,Cleary University Cougars,54,Detroit Mercy Titans,92,"Calihan Hall, Detroit, MI"
2025-11-11,Jacksonville Dolphins,64,High Point Panthers,85,"Qubein Center, High Point, NC"
2025-11-11,Georgia Southern Eagles,95,Florida Gulf Coast Eagles,94,"Alico Arena, Fort Myers, FL"
2025-11-11,La Salle Explorers,63,Temple Owls,90,"Liacouras Center, Philadelphia, PA"
2025-11-11,Wagner Seahawks,61,Fordham Rams,63,"Rose Hill Gym, Bronx, NY"
2025-11-11,Chicago State Cougars,66,Butler Bulldogs,98,"Hinkle Fieldhouse, Indianapolis, IN"
2025-11-11,Davidson Wildcats,62,Charlotte 49ers,55,"Halton Arena, Charlotte, NC"
2025-11-11,NJIT Highlanders,66,Loyola Maryland Greyhounds,64,"Reitz Arena, Baltimore, MD"
2025-11-11,William & Mary Tribe,86,Richmond Spiders,90,"Robins Center, Richmond, VA"
2025-11-11,Stonehill Skyhawks,57,Rhode Island Rams,80,"Thomas M. Ryan Center, Kingston, RI"
2025-11-11,Dayton Flyers,62,Cincinnati Bearcats,74,"Fifth Third Arena, Cincinnati, OH"
2025-11-11,Morehead State Eagles,56,Clemson Tigers,83,"Littlejohn Coliseum, Clemson, SC"
2025-11-11,Central Connecticut Blue Devils,60,Boston College Eagles,59,"Conte Forum, Chestnut Hill, MA"
2025-11-11,Northeastern Huskies,77,Harvard Crimson,60,"Lavietes Pavilion, Cambridge, MA"
2025-11-11,Pennsylvania Quakers,81,Providence Friars,106,"Amica Mutual Pavilion, Providence, RI"
2025-11-11,Mount St. Mary's Mountaineers,74,Saint Francis Red Flash,66,"DeGol Arena, Loretto, PA"
2025-11-11,Bucknell Bison,63,Princeton Tigers,73,"Jadwin Gymnasium, Princeton, NJ"
2025-11-11,Wilson College WILSON,62,Towson Tigers,101,"SECU Arena, Towson, MD"
2025-11-11,Alabama State Hornets,77,UAB Blazers,74,"Bartow Arena, Birmingham, AL"
2025-11-11,Yale Bulldogs,97,Quinnipiac Bobcats,60,"M&T Bank Arena, Hamden, CT"
2025-11-11,Eastern Illinois Panthers,58,Notre Dame Fighting Irish,78,"Purcell Pavilion, South Bend, IN"
2025-11-11,Mayville St Comets,58,North Dakota Fighting Hawks,128,"Betty Engelstad Sioux Center, Grand Forks, ND"
2025-11-11,Oakwood Ambassadors,76,Tennessee State Tigers,114,"Gentry Center, Nashville, TN"
2025-11-11,St. Francis (IL) Fighting Saints,55,UIC Flames,98,"Credit Union 1 Arena, Chicago, IL"
2025-11-11,Merrimack Warriors,62,Tarleton State Texans,76,"Wisdom Gym, Stephenville, TX"
2025-11-11,Tulane Green Wave,66,Louisiana Ragin' Cajuns,62,"Cajundome, Lafayette, LA"
2025-11-11,Stephen F. Austin Lumberjacks,81,Rice Owls,69,"Tudor Fieldhouse, Houston, TX"
2025-11-11,Arkansas-Pine Bluff Golden Lions,69,Oklahoma Sooners,95,"Howard McCasland Field House, Norman, OK"
2025-11-11,Buffalo Bulls,66,DePaul Blue Demons,53,"Wintrust Arena, Chicago, IL"
2025-11-11,Arkansas State Red Wolves,86,Missouri State Bears,85,"Great Southern Bank Arena, Springfield, MO"
2025-11-11,Cal State Northridge Matadors,68,North Dakota State Bison,90,"Scheels Center, Fargo, ND"
2025-11-11,Maryland Eastern Shore Hawks,50,Nebraska Cornhuskers,69,"Pinnacle Bank Arena, Lincoln, NE"
2025-11-11,Murray State Racers,91,SMU Mustangs,102,"Moody Coliseum (Dallas), Dallas, TX"
2025-11-11,Queens University Royals,81,Duquesne Dukes,87,"UPMC Cooper Fieldhouse, Pittsburgh, PA"
2025-11-11,Austin Peay Governors,65,Wyoming Cowboys,79,"Arena-Auditorium, Laramie, WY"
2025-11-11,Bethesda University Flames,60,Southern Utah Thunderbirds,118,"America First Events Center, Cedar City, UT"
2025-11-11,Memphis Tigers,77,Ole Miss Rebels,83,"The Sandy and John Black Pavilion at Ole Miss, Oxford, MS"
2025-11-11,UC Riverside Highlanders,68,New Mexico Lobos,82,"The Pit, Albuquerque, NM"
2025-11-11,Lincoln University (CA) Oaklanders,76,Pepperdine Waves,113,"Firestone Fieldhouse, Malibu, CA"
2025-11-11,Loyola Marymount Lions,71,UTEP Miners,58,"Don Haskins Center, El Paso, TX"
2025-11-11,UT Rio Grande Valley Vaqueros,65,Boise State Broncos,85,"ExtraMile Arena, Boise, ID"
2025-11-11,Hampton Pirates,53,Virginia Cavaliers,91,"John Paul Jones Arena, Charlottesville, VA"
2025-11-11,New Mexico Highlands Cowboys,58,New Mexico State Aggies,74,"Pan American Center, Las Cruces, NM"
2025-11-11,Western Illinois Leathernecks,58,Cal State Bakersfield Roadrunners,74,"Icardo Center, Bakersfield, CA"
2025-11-11,Ohio Bobcats,60,Saint Mary's Gaels,90,"University Credit Union Pavilion, Moraga, CA"
2025-11-11,UC Santa Barbara Gauchos,92,Sacramento State Hornets,87,"Hornet Pavilion, Sacramento, CA"
2025-11-11,Montana Grizzlies,102,UNLV Rebels,93,"Thomas & Mack Center, Las Vegas, NV"
2025-11-12,Oakland Golden Grizzlies,45,Houston Cougars,78,"Fertitta Center, Houston, TX"
2025-11-12,North Florida Ospreys,66,Tennessee Volunteers,99,"Food City Center, Knoxville, TN"
2025-11-12,Virginia-Lynchburg Dragons,54,VMI Keydets,106,"Cameron Hall, Lexington, VA"
2025-11-12,Binghamton Bearcats,70,Georgetown Hoyas,83,"Capital One Arena, Washington, DC"
2025-11-12,Bluefield State Big Blues,61,North Carolina Central Eagles,77,"McDougald-McLendon Arena, Durham, NC"
2025-11-12,Point University Skyhawks,60,Kennesaw State Owls,111,"KSU Convocation Center, Kennesaw, GA"
2025-11-12,Elon Phoenix,89,Marshall Thundering Herd,96,"Cam Henderson Center, Huntington, WV"
2025-11-12,Bob Jones Bruins,53,South Carolina Upstate Spartans,114,"G.B. Hodge Center, Spartanburg, SC"
2025-11-12,James Madison Dukes,72,Longwood Lancers,82,"Joan Perry Brock Center, Farmville, VA"
2025-11-12,Presbyterian Blue Hose,61,South Carolina Gamecocks,81,"Colonial Life Arena, Columbia, SC"
2025-11-12,Emmanuel (MA) Lions,69,New Hampshire Wildcats,97,"Lundholm Gymnasium, Durham, NH"
2025-11-12,Northern Kentucky Norse,63,East Tennessee State Buccaneers,75,"Freedom Hall (TN), Johnson City, TN"
2025-11-12,Purdue Fort Wayne Mastodons,71,Western Michigan Broncos,83,"University Arena (MI), Kalamazoo, MI"
2025-11-12,Hanover Panthers,55,Bellarmine Knights,94,"Knights Hall, Louisville, KY"
2025-11-12,Coppin State Eagles,50,South Florida Bulls,100,"Yuengling Center, Tampa, FL"
2025-11-12,Saint Peter's Peacocks,61,VCU Rams,78,"Siegel Center, Richmond, VA"
2025-11-12,Milwaukee Panthers,70,Indiana Hoosiers,101,"Simon Skjodt Assembly Hall, Bloomington, IN"
2025-11-12,Penn State-Shenango Nittany Lions,51,Akron Zips,109,"James A. Rhodes Arena, Akron, OH"
2025-11-12,Brown Bears,77,Boston University Terriers,90,"Case Gym, Boston, MA"
2025-11-12,Saint Joseph's Hawks,59,Virginia Tech Hokies,94,"Cassell Coliseum, Blacksburg, VA"
2025-11-12,Siena Saints,66,St. Bonaventure Bonnies,75,"Reilly Center, Saint Bonaventure, NY"
2025-11-12,American University Eagles,67,George Washington Revolutionaries,107,"Charles E. Smith Center, Washington, DC"
2025-11-12,Mercyhurst Lakers,55,Canisius Golden Griffins,58,"Koessler Athletic Center, Buffalo, NY"
2025-11-12,Vassar Brewers,61,Marist Red Foxes,93,"McCann Arena, Poughkeepsie, NY"
2025-11-12,Webster Gorloks,41,Southeast Missouri State Redhawks,87,"Show Me Center, Cape Girardeau, MO"
2025-11-12,St. Scholastica Saints,38,North Dakota State Bison,111,"Scheels Center, Fargo, ND"
2025-11-12,Eastern Kentucky Colonels,62,Vanderbilt Commodores,92,"Memorial Gymnasium (TN), Nashville, TN"
2025-11-12,Tulsa Golden Hurricane,88,Oral Roberts Golden Eagles,87,"Mabee Center, Tulsa, OK"
2025-11-12,Minnesota Golden Gophers,60,Missouri Tigers,83,"Mizzou Arena, Columbia, MO"
2025-11-12,UTSA Roadrunners,69,Texas State Bobcats,80,"Strahan Arena at the University Events Center, San Marcos, TX"
2025-11-12,Westminster (UT) Griffins,60,Utah Valley Wolverines,91,"UCCU Center, Orem, UT"
2025-11-12,Little Rock Trojans,49,Marquette Golden Eagles,89,"Fiserv Forum, Milwaukee, WI"
2025-11-12,Middle Tennessee Blue Raiders,77,Evansville Purple Aces,72,"Ford Center, Evansville, IN"
2025-11-12,Nicholls Colonels,63,Valparaiso Beacons,68,"Athletics-Recreation Center, Valparaiso, IN"
2025-11-12,UNC Greensboro Spartans,64,NC State Wolfpack,110,"Lenovo Center, Raleigh, NC"
2025-11-12,Prairie View A&M Panthers,67,Oklahoma State Cowboys,94,"Gallagher-Iba Arena, Stillwater, OK"
2025-11-12,Fairleigh Dickinson Knights,58,Texas Longhorns,93,"Moody Center, Austin, TX"
2025-11-12,Southern Indiana Screaming Eagles,74,South Dakota Coyotes,89,"Sanford Coyote Sports Center, Vermillion, SD"
2025-11-12,UT Martin Skyhawks,78,Bradley Braves,67,"Carver Arena, Peoria, IL"
2025-11-12,Samford Bulldogs,93,Texas Southern Tigers,90,"H&PE Arena, Houston, TX"
2025-11-12,Dartmouth Big Green,75,Bryant Bulldogs,82,"Chace Athletic Center, Smithfield, RI"
2025-11-12,Weber State Wildcats,73,Utah State Aggies,83,"Dee Glen Smith Spectrum, Logan, UT"
2025-11-12,UC San Diego Tritons,78,Fresno State Bulldogs,73,"Save Mart Center, Fresno, CA"
2025-11-12,Cal Poly Mustangs,79,Colorado State Rams,93,"Moby Arena, Fort Collins, CO"
2025-11-12,Idaho Vandals,74,San Diego Toreros,78,"Jenny Craig Pavilion, San Diego, CA"
2025-11-12,Manhattan Jaspers,79,Utah Tech Trailblazers,75,"Stan Sheriff Center, Honolulu, HI"
2025-11-12,South Dakota State Jackrabbits,69,Oregon Ducks,83,"Matthew Knight Arena, Eugene, OR"
2025-11-12,North Texas Mean Green,64,Oregon State Beavers,66,"Gill Coliseum, Corvallis, OR"
2025-11-12,Southern Illinois Salukis,81,Nevada Wolf Pack,86,"Lawlor Events Center, Reno, NV"
2025-11-12,Portland State Vikings,70,San Francisco Dons,80,"The Sobrato Center, San Francisco, CA"
2025-11-12,Eastern Washington Eagles,67,Seattle U Redhawks,94,"Redhawk Center, Seattle, WA"
2025-11-12,Long Beach State Beach,66,Pacific Tigers,69,"Alex G. Spanos Center, Stockton, CA"
2025-11-12,Montana State Bobcats,68,Stanford Cardinal,77,"Maples Pavilion, Stanford, CA"
2025-11-12,Mississippi Valley State Delta Devils,56,Hawai'i Rainbow Warriors,88,"Stan Sheriff Center, Honolulu, HI"
2025-11-13,Purdue Boilermakers,87,Alabama Crimson Tide,80,"Coleman Coliseum, Tuscaloosa, AL"
2025-11-13,San José State Spartans,60,Michigan State Spartans,79,"Breslin Center, East Lansing, MI"
2025-11-13,Central Michigan Chippewas,64,South Alabama Jaguars,66,"McArthur Center, St. Petersburg, FL"
2025-11-13,Cornell Big Red,97,Lafayette Leopards,78,"Kirby Sports Center, Easton, PA"
2025-11-13,Pittsburgh Panthers,49,West Virginia Mountaineers,71,"WVU Coliseum, Morgantown, WV"
2025-11-13,Bryan (TN) Lions,54,UNC Asheville Bulldogs,92,"Kimmel Arena, Asheville, NC"
2025-11-13,Alcorn State Braves,64,Howard Bison,72,"Burr Gymnasium, Washington, DC"
2025-11-13,Fort Valley State Wildcats,56,Georgia State Panthers,90,"GSU Convocation Center, Atlanta, GA"
2025-11-13,Mid-Atlantic Christian Mustangs,55,Campbell Fighting Camels,108,"John W. Pope Jr. Convocation Center, Buies Creek, NC"
2025-11-13,Washington Adventist Shock,83,North Carolina A&T Aggies,89,"Corbett Sports Center, Greensboro, NC"
2025-11-13,John Jay College Bloodhounds,59,Princeton Tigers,100,"Jadwin Gymnasium, Princeton, NJ"
2025-11-13,Le Moyne Dolphins,80,Massachusetts Minutemen,94,"Mullins Center, Amherst, MA"
2025-11-13,Berea Mountaineers,64,Tennessee Tech Golden Eagles,86,"Hooper Eblen Center, Cookeville, TN"
2025-11-13,Monmouth Hawks,58,Seton Hall Pirates,70,"Prudential Center, Newark, NJ"
2025-11-13,Pittsburgh - Greensburg Bobcats,57,Robert Morris Colonials,81,"UPMC Events Center, Moon Township, PA"
2025-11-13,Elizabeth City State Vikings,70,East Carolina Pirates,71,"Minges Coliseum, Greenville, NC"
2025-11-13,UMass Lowell River Hawks,72,Columbia Lions,86,"Levien Gymnasium, New York, NY"
2025-11-13,Southern Miss Golden Eagles,70,Grambling Tigers,75,"Fredrick C. Hobdy Assembly Center, Grambling, LA"
2025-11-13,Loyola Chicago Ramblers,74,Wichita State Shockers,95,"Charles Koch Arena, Wichita, KS"
2025-11-13,Florida International Panthers,81,LSU Tigers,98,"Pete Maravich Assembly Center, Baton Rouge, LA"
2025-11-13,Green Bay Phoenix,61,St. Thomas-Minnesota Tommies,80,"Lee & Penny Anderson Arena, Saint Paul, MN"
2025-11-13,UL Monroe Warhawks,61,Houston Christian Huskies,72,"Sharp Gymnasium, Houston, TX"
2025-11-13,Benedictine University (IL) Eagles,62,Northern Illinois Huskies,117,"NIU Convocation Center, Dekalb, IL"
2025-11-13,Charleston Southern Buccaneers,64,Alabama A&M Bulldogs,68,"Event Center, Huntsville, AL"
2025-11-13,Voorhees Tigers,44,Western Carolina Catamounts,95,"Ramsey Center, Cullowhee, NC"
2025-11-13,California Golden Bears,96,Kansas State Wildcats,99,"Bramlage Coliseum, Manhattan, KS"
2025-11-14,Indiana State Sycamores,62,Duke Blue Devils,100,"Cameron Indoor Stadium, Durham, NC"
2025-11-14,Arizona Wildcats,69,UCLA Bruins,65,"Intuit Dome, Inglewood, CA"
2025-11-14,Michigan Wolverines,67,TCU Horned Frogs,63,"Schollmaier Arena, Fort Worth, TX"
2025-11-14,Eastern Illinois Panthers,53,Kentucky Wildcats,99,"Rupp Arena, Lexington, KY"
2025-11-14,Milwaukee Panthers,63,Texas Tech Red Raiders,80,"United Supermarkets Arena, Lubbock, TX"
2025-11-14,Colgate Raiders,65,Illinois Fighting Illini,84,"State Farm Center, Champaign, IL"
2025-11-14,North Carolina Central Eagles,53,North Carolina Tar Heels,97,"Dean E. Smith Center, Chapel Hill, NC"
2025-11-14,Gonzaga Bulldogs,77,Arizona State Sun Devils,65,"Desert Financial Arena, Tempe, AZ"
2025-11-14,Samford Bulldogs,75,Arkansas Razorbacks,79,"Bud Walton Arena, Fayetteville, AR"
2025-11-14,Maryland Eastern Shore Hawks,45,Creighton Bluejays,84,"CHI Health Center Omaha, Omaha, NE"
2025-11-14,Central Michigan Chippewas,82,Coppin State Eagles,59,"McArthur Center, St. Petersburg, FL"
2025-11-14,Ecclesia Royals,75,Northwestern State Demons,95,"Prather Coliseum, Natchitoches, LA"
2025-11-14,Johnson C Smith Golden Bulls,79,Georgia Southern Eagles,98,"Jack and Ruth Ann Hill Convocation Center, Statesboro, GA"
2025-11-14,Washington College (MD) Shoremen,64,Navy Midshipmen,97,"Alumni Hall (Navy), Annapolis, MD"
2025-11-14,Lehigh Mountain Hawks,72,Rutgers Scarlet Knights,84,"Jersey Mike’s Arena, Piscataway, NJ"
2025-11-14,IU Indianapolis Jaguars,90,Eastern Michigan Eagles,83,"Gervin GameAbove Center, Ypsilanti, MI"
2025-11-14,Lindenwood Lions,83,Charleston Southern Buccaneers,77,"Event Center, Huntsville, AL"
2025-11-14,Louisiana Ragin' Cajuns,62,McNeese Cowboys,88,"Townsley Law Arena, Lake Charles, LA"
2025-11-14,Coastal Carolina Chanticleers,67,Jacksonville State Gamecocks,74,"Pete Mathews Coliseum, Jacksonville, AL"
2025-11-14,Norfolk State Spartans,41,Towson Tigers,51,"SECU Arena, Towson, MD"
2025-11-14,South Carolina State Bulldogs,61,Charleston Cougars,88,"TD Arena, Charleston, SC"
2025-11-14,Virginia-Lynchburg Dragons,68,Alabama State Hornets,124,"Dunn-Oliver Acadome, Montgomery, AL"
2025-11-14,The Citadel Bulldogs,92,West Georgia Wolves,100,"The Coliseum, Carrollton, GA"
2025-11-14,Stonehill Skyhawks,71,Fairfield Stags,73,"Leo D. Mahoney Arena, Fairfield, CT"
2025-11-14,Fordham Rams,71,Iona Gaels,76,"Hynes Athletics Center, New Rochelle, NY"
2025-11-14,Furman Paladins,54,Northern Iowa Panthers,70,"McLeod Center, Cedar Falls, IA"
2025-11-14,UAlbany Great Danes,61,Rhode Island Rams,80,"Thomas M. Ryan Center, Kingston, RI"
2025-11-14,Hofstra Pride,83,Bucknell Bison,77,"Sojka Pavilion, Lewisburg, PA"
2025-11-14,SIU Edwardsville Cougars,61,Drake Bulldogs,59,"Knapp Center, Des Moines, IA"
2025-11-14,High Point Panthers,74,UAB Blazers,91,"Bartow Arena, Birmingham, AL"
2025-11-14,Cal State Bakersfield Roadrunners,60,Ole Miss Rebels,82,"C. M. Tad Smith Coliseum, Oxford, MS"
2025-11-14,Illinois State Redbirds,67,USC Trojans,87,"Intuit Dome, Inglewood, CA"
2025-11-14,New Orleans Privateers,85,Tulane Green Wave,63,"Devlin Fieldhouse, New Orleans, LA"
2025-11-14,East Texas A&M Lions,64,Rice Owls,71,"Tudor Fieldhouse, Houston, TX"
2025-11-14,UCF Knights,86,Texas A&M Aggies,74,"Reed Arena, College Station, TX"
2025-11-14,Xavier Musketeers,62,Iowa Hawkeyes,81,"Carver-Hawkeye Arena, Iowa City, IA"
2025-11-14,Hampton Pirates,72,Brown Bears,63,"Pizzitola Sports Center, Providence, RI"
2025-11-14,Northwestern Wildcats,81,DePaul Blue Demons,79,"Wintrust Arena, Chicago, IL"
2025-11-14,Cal Poly Mustangs,82,Montana Grizzlies,90,"Dahlberg Arena, Missoula, MT"
2025-11-14,Georgia Tech Yellow Jackets,87,Georgia Bulldogs,92,"Stegeman Coliseum, Athens, GA"
2025-11-14,Sacramento State Hornets,73,UC Davis Aggies,77,"University Credit Union Center, Davis, CA"
2025-11-14,Abilene Christian Wildcats,66,Stephen F. Austin Lumberjacks,76,"William R. Johnson Coliseum, Nacogdoches, TX"
2025-11-14,Providence Friars,88,Colorado Buffaloes,97,"CU Events Center, Boulder, CO"
2025-11-14,Tarleton State Texans,81,Baylor Bears,94,"Foster Pavilion, Waco, TX"
2025-11-14,Utah Tech Trailblazers,81,Mississippi Valley State Delta Devils,75,"Stan Sheriff Center, Honolulu, HI"
2025-11-14,North Texas Mean Green,49,Saint Mary's Gaels,80,"University Credit Union Pavilion, Moraga, CA"
2025-11-14,Troy Trojans,63,Loyola Marymount Lions,74,"Gersten Pavilion, Los Angeles, CA"
2025-11-14,Western Illinois Leathernecks,59,California Baptist Lancers,69,"Dale E. and Sarah Ann Fowler Events Center, Riverside, CA"
2025-11-14,Washington Huskies,81,Washington State Cougars,69,"Beasley Coliseum, Pullman, WA"
2025-11-14,Manhattan Jaspers,56,Hawai'i Rainbow Warriors,86,"Stan Sheriff Center, Honolulu, HI"
2025-11-15,BYU Cougars,84,UConn Huskies,86,"TD Garden, Boston, MA"
2025-11-15,Ohio Bobcats,81,Louisville Cardinals,106,"KFC Yum! Center, Louisville, KY"
2025-11-15,William & Mary Tribe,60,St. John's Red Storm,93,"Carnesecca Arena, Queens, NY"
2025-11-15,Princeton Tigers,57,Kansas Jayhawks,76,"Allen Fieldhouse, Lawrence, KS"
2025-11-15,RIT Tigers,64,Buffalo Bulls,80,"Alumni Arena, Buffalo, NY"
2025-11-15,South Alabama Jaguars,72,Coppin State Eagles,62,"McArthur Center, St. Petersburg, FL"
2025-11-15,Marshall Thundering Herd,78,Virginia Cavaliers,104,"John Paul Jones Arena, Charlottesville, VA"
2025-11-15,Clemson Tigers,74,Georgetown Hoyas,79,"Capital One Arena, Washington, DC"
2025-11-15,Kansas City Roos,55,Texas Longhorns,71,"Moody Center, Austin, TX"
2025-11-15,Delaware State Hornets,52,New Haven Chargers,65,"Jeffery P. Hazell Athletics Center, West Haven, CT"
2025-11-15,Vermont Catamounts,85,Northeastern Huskies,74,"Matthews Arena, Boston, MA"
2025-11-15,Merrimack Warriors,91,Boston University Terriers,79,"Case Gym, Boston, MA"
2025-11-15,Detroit Mercy Titans,83,Toledo Rockets,90,"Savage Arena, Toledo, OH"
2025-11-15,Jacksonville Dolphins,69,VMI Keydets,67,"Cameron Hall, Lexington, VA"
2025-11-15,Chattanooga Mocs,73,Florida Gulf Coast Eagles,91,"Alico Arena, Fort Myers, FL"
2025-11-15,Kent State Golden Flashes,102,Cleveland State Vikings,95,"Colonial Hall, White Sulphur Springs, WV"
2025-11-15,Penn State Nittany Lions,83,La Salle Explorers,69,"Xfinity Mobile Arena, Philadelphia, PA"
2025-11-15,Stony Brook Seawolves,79,Yale Bulldogs,86,"John J. Lee Amphitheater, New Haven, CT"
2025-11-15,Austin Peay Governors,69,UNC Greensboro Spartans,63,"First Horizon Coliseum, Greensboro, NC"
2025-11-15,UTSA Roadrunners,84,Denver Pioneers,79,"Hamilton Gymnasium, Denver, CO"
2025-11-15,New Hampshire Wildcats,44,George Mason Patriots,61,"EagleBank Arena, Fairfax, VA"
2025-11-15,Mercer Bears,69,Winthrop Eagles,105,"Winthrop Coliseum, Rock Hill, SC"
2025-11-15,New College (FL) Mighty Banyans,67,North Florida Ospreys,122,"UNF Arena, Jacksonville, FL"
2025-11-15,Boyce Bulldogs,68,Purdue Fort Wayne Mastodons,118,"Memorial Coliseum (IN), Fort Wayne, IN"
2025-11-15,Wofford Terriers,94,Bellarmine Knights,86,"Knights Hall, Louisville, KY"
2025-11-15,Maryland Terrapins,89,Marquette Golden Eagles,82,"Fiserv Forum, Milwaukee, WI"
2025-11-15,UIC Flames,67,Chicago State Cougars,63,"Jones Convocation Center, Chicago, IL"
2025-11-15,Miami (OH) RedHawks,76,Air Force Falcons,61,"Clune Arena, Colorado Springs, CO"
2025-11-15,Loyola Maryland Greyhounds,74,Stonehill Skyhawks,63,"Leo D. Mahoney Arena, Fairfield, CT"
2025-11-15,Butler Bulldogs,85,SMU Mustangs,87,"Moody Coliseum (Dallas), Dallas, TX"
2025-11-15,Boston College Eagles,76,Temple Owls,71,"Liacouras Center, Philadelphia, PA"
2025-11-15,Harvard Crimson,75,Army Black Knights,52,"Christl Arena, West Point, NY"
2025-11-15,St. Thomas-Minnesota Tommies,84,Southeast Missouri State Redhawks,72,"Show Me Center, Cape Girardeau, MO"
2025-11-15,Arkansas-Pine Bluff Golden Lions,75,Vanderbilt Commodores,104,"Memorial Gymnasium (TN), Nashville, TN"
2025-11-15,Defiance Yellow Jackets,47,Oakland Golden Grizzlies,113,"OU Credit Union O'rena, Rochester, MI"
2025-11-15,East Tennessee State Buccaneers,78,North Alabama Lions,74,"Flowers Hall, Florence, AL"
2025-11-15,Sacred Heart Pioneers,64,Queens University Royals,81,"Curry Arena, Charlotte, NC"
2025-11-15,Binghamton Bearcats,82,Longwood Lancers,90,"Joan Perry Brock Center, Farmville, VA"
2025-11-15,SE Louisiana Lions,68,Mississippi State Bulldogs,75,"Humphrey Coliseum, Starkville, MS"
2025-11-15,Wright State Raiders,92,Radford Highlanders,59,"Colonial Hall, White Sulphur Springs, WV"
2025-11-15,Drexel Dragons,50,Syracuse Orange,80,"Xfinity Mobile Arena, Philadelphia, PA"
2025-11-15,Central Penn Knights,50,American University Eagles,115,"Bender Arena, Washington, DC"
2025-11-15,UTEP Miners,51,Utah State Aggies,75,"Dee Glen Smith Spectrum, Logan, UT"
2025-11-15,Montana State Bobcats,58,Boise State Broncos,62,"ExtraMile Arena, Boise, ID"
2025-11-15,Idaho Vandals,67,UC San Diego Tritons,75,"LionTree Arena, San Diego, CA"
2025-11-15,Youngstown State Penguins,80,St. Bonaventure Bonnies,84,"Reilly Center, Saint Bonaventure, NY"
2025-11-15,Morgan State Bears,72,Mercyhurst Lakers,86,"Mercyhurst Athletic Center, Erie, PA"
2025-11-15,Fairleigh Dickinson Knights,81,NJIT Highlanders,93,"Joel & Diane Bloom Wellness and Events Center, Newark, NJ"
2025-11-15,Texas Southern Tigers,67,Texas State Bobcats,77,"Strahan Arena at the University Events Center, San Marcos, TX"
2025-11-15,North Dakota Fighting Hawks,76,UC Riverside Highlanders,74,"SRC Arena, Riverside, CA"
2025-11-15,Bryan (TN) Lions,53,Lipscomb Bisons,98,"Allen Arena, Nashville, TN"
2025-11-15,Pacific Tigers,85,Cal State Fullerton Titans,73,"Titan Gym, Fullerton, CA"
2025-11-15,Nicholls Colonels,79,Murray State Racers,99,"CFSB Center, Murray, KY"
2025-11-15,Bowling Green Falcons,87,Davidson Wildcats,91,"John M. Belk Arena, Davidson, NC"
2025-11-15,Missouri State Bears,49,UT Arlington Mavericks,67,"College Park Center, Arlington, TX"
2025-11-15,Old Dominion Monarchs,73,George Washington Revolutionaries,96,"Charles E. Smith Center, Washington, DC"
2025-11-15,Jackson State Tigers,51,Louisiana Tech Bulldogs,68,"Thomas Assembly Center, Ruston, LA"
2025-11-15,Oklahoma Sooners,99,Nebraska Cornhuskers,105,"Sanford Pentagon, Sioux Falls, SD"
2025-11-15,Nevada Wolf Pack,83,Santa Clara Broncos,98,"Leavey Center, Santa Clara, CA"
2025-11-15,South Carolina Upstate Spartans,60,UNC Wilmington Seahawks,73,"Trask Coliseum, Wilmington, NC"
2025-11-15,Little Rock Trojans,68,Ball State Cardinals,62,"Worthen Arena, Muncie, IN"
2025-11-15,Eastern University (PA) Eagles,54,Rider Broncs,86,"Alumni Gymnasium (Rider), Lawrenceville, NJ"
2025-11-15,James Madison Dukes,79,Long Island University Sharks,88,"Steinberg Wellness Center, Brooklyn, NY"
2025-11-15,Champion Christian Tigers,64,Southern Jaguars,129,"F.G. Clark Activity Center, Baton Rouge, LA"
2025-11-15,Bethune-Cookman Wildcats,82,Dayton Flyers,91,"UD Arena, Dayton, OH"
2025-11-15,Christian Brothers Buccaneers,67,Arkansas State Red Wolves,95,"First National Bank Arena, Jonesboro, AR"
2025-11-15,Gardner-Webb Runnin' Bulldogs,84,Elon Phoenix,95,"Schar Center, Elon, NC"
2025-11-15,Southern Utah Thunderbirds,85,Omaha Mavericks,90,"Baxter Arena, Omaha, NE"
2025-11-15,Grand Canyon Lopes,64,Saint Louis Billikens,78,"Chaifetz Arena, St. Louis, MO"
2025-11-15,Duquesne Dukes,77,Villanova Wildcats,87,"Finneran Pavilion, Villanova, PA"
2025-11-15,Belmont Bruins,83,Oral Roberts Golden Eagles,60,"Mabee Center, Tulsa, OK"
2025-11-15,Green Bay Phoenix,65,Minnesota Golden Gophers,72,"Williams Arena, Minneapolis, MN"
2025-11-15,Northern Colorado Bears,88,Pepperdine Waves,81,"Firestone Fieldhouse, Malibu, CA"
2025-11-15,Portland Pilots,56,Wyoming Cowboys,93,"Arena-Auditorium, Laramie, WY"
2025-11-15,New Mexico Lobos,68,New Mexico State Aggies,76,"Pan American Center, Las Cruces, NM"
2025-11-15,Sam Houston Bearkats,79,Utah Utes,85,"Jon M. Huntsman Center, Salt Lake City, UT"
2025-11-15,Mississippi Valley State Delta Devils,73,Manhattan Jaspers,80,"Stan Sheriff Center, Honolulu, HI"
2025-11-15,Utah Valley Wolverines,74,Fresno State Bulldogs,75,"Save Mart Center, Fresno, CA"
2025-11-15,Weber State Wildcats,70,UC Irvine Anteaters,79,"Bren Events Center, Irvine, CA"
2025-11-15,Bradley Braves,64,San Francisco Dons,75,"The Sobrato Center, San Francisco, CA"
2025-11-15,Idaho State Bengals,74,Seattle U Redhawks,83,"Redhawk Center, Seattle, WA"
2025-11-15,Utah Tech Trailblazers,62,Hawai'i Rainbow Warriors,68,"Stan Sheriff Center, Honolulu, HI"
2025-11-16,Houston Cougars,73,Auburn Tigers,72,"Legacy Arena at BJCC, Birmingham, AL"
2025-11-16,Akron Zips,79,Purdue Boilermakers,97,"Mackey Arena, West Lafayette, IN"
2025-11-16,Miami Hurricanes,68,Florida Gators,82,"Veterans Memorial Arena, Jacksonville, FL"
2025-11-16,App State Mountaineers,85,Dartmouth Big Green,77,"Leede Arena, Hanover, NH"
2025-11-16,Wagner Seahawks,70,UMBC Retrievers,71,"Chesapeake Employers Insurance Arena, Baltimore, MD"
2025-11-16,Wright State Raiders,72,Kent State Golden Flashes,76,"Colonial Hall, White Sulphur Springs, WV"
2025-11-16,Kentucky Christian Knights,51,Morehead State Eagles,121,"Ellis T. Johnson Arena, Morehead, KY"
2025-11-16,Notre Dame Fighting Irish,63,Ohio State Buckeyes,64,"Value City Arena, Columbus, OH"
2025-11-16,Stetson Hatters,65,Western Carolina Catamounts,76,"Ramsey Center, Cullowhee, NC"
2025-11-16,Cumberland (KY) Patriots,73,Northern Kentucky Norse,101,"Truist Arena, Highland Heights, KY"
2025-11-16,Bryant Bulldogs,50,Valparaiso Beacons,68,"Athletics-Recreation Center, Valparaiso, IN"
2025-11-16,Holy Cross Crusaders,67,Hampton Pirates,61,"Pizzitola Sports Center, Providence, RI"
2025-11-16,South Florida Bulls,108,Kennesaw State Owls,89,"KSU Convocation Center, Kennesaw, GA"
2025-11-16,Samford Bulldogs,84,Central Arkansas Bears,77,"Farris Center, Conway, AR"
2025-11-16,Quinnipiac Bobcats,70,Maine Black Bears,64,"Skip Chappelle Court in Memorial Gymnasium, Orono, ME"
2025-11-16,Loyola Maryland Greyhounds,82,Fairfield Stags,85,"Leo D. Mahoney Arena, Fairfield, CT"
2025-11-16,UMass Lowell River Hawks,75,Wake Forest Demon Deacons,109,"LJVM Coliseum, Winston-Salem, NC"
2025-11-16,Charlotte 49ers,76,Virginia Tech Hokies,84,"Cassell Coliseum, Blacksburg, VA"
2025-11-16,Texas A&M-Corpus Christi Islanders,69,Oklahoma State Cowboys,85,"Gallagher-Iba Arena, Stillwater, OK"
2025-11-16,Central Connecticut Blue Devils,77,Massachusetts Minutemen,84,"Mullins Center, Amherst, MA"
2025-11-16,Western Michigan Broncos,78,South Dakota Coyotes,83,"Sanford Coyote Sports Center, Vermillion, SD"
2025-11-16,Radford Highlanders,82,Cleveland State Vikings,87,"Colonial Hall, White Sulphur Springs, WV"
2025-11-16,Tennessee State Tigers,82,Western Kentucky Hilltoppers,95,"E.A. Diddle Arena, Bowling Green, KY"
2025-11-16,Loras Duhawks,74,Southern Indiana Screaming Eagles,91,"Liberty Arena (IN), Evansville, IN"
2025-11-16,Presbyterian Blue Hose,62,Sacramento State Hornets,64,"Hornet Pavilion, Sacramento, CA"
2025-11-16,Lindenwood Lions,65,Alabama A&M Bulldogs,74,"Event Center, Huntsville, AL"
2025-11-16,Manhattanville Valiants,62,Fordham Rams,96,"Rose Hill Gym, Bronx, NY"
2025-11-16,Colorado State Rams,80,Loyola Chicago Ramblers,67,"Gentile Arena, Chicago, IL"
2025-11-16,Harvard Crimson,56,Marist Red Foxes,54,"McCann Arena, Poughkeepsie, NY"
2025-11-16,UNLV Rebels,92,Memphis Tigers,78,"FedExForum, Memphis, TN"
2025-11-16,Incarnate Word Cardinals,61,Indiana Hoosiers,69,"Simon Skjodt Assembly Hall, Bloomington, IN"
2025-11-16,Mount St. Mary's Mountaineers,55,Cincinnati Bearcats,72,"Fifth Third Arena, Cincinnati, OH"
2025-11-16,Illinois State Redbirds,82,Long Beach State Beach,80,"Walter Pyramid, Long Beach, CA"
2025-11-16,Troy Trojans,85,Cal State Northridge Matadors,94,"Premier America Credit Union Arena, Northridge, CA"
2025-11-17,Southern Utah Thunderbirds,50,Gonzaga Bulldogs,122,"McCarthey Athletic Center, Spokane, WA"
2025-11-17,Stonehill Skyhawks,57,Iowa State Cyclones,96,"Hilton Coliseum, Ames, IA"
2025-11-17,Rice Owls,66,Tennessee Volunteers,91,"Food City Center, Knoxville, TN"
2025-11-17,SIU Edwardsville Cougars,69,Wisconsin Badgers,94,"Kohl Center, Madison, WI"
2025-11-17,VCU Rams,79,NC State Wolfpack,85,"Lenovo Center, Raleigh, NC"
2025-11-17,Florida A&M Rattlers,57,Georgia Bulldogs,87,"Stegeman Coliseum, Athens, GA"
2025-11-17,Carolina University Bruins,46,Liberty Flames,98,"Liberty Arena (VA), Lynchburg, VA"
2025-11-17,Drake Bulldogs,71,Charleston Cougars,62,"TD Arena, Charleston, SC"
2025-11-17,Coastal Georgia Mariner,63,Florida Atlantic Owls,92,"Eleanor R. Baldwin Arena, Boca Raton, FL"
2025-11-17,West Georgia Wolves,61,Tennessee Tech Golden Eagles,59,"Hooper Eblen Center, Cookeville, TN"
2025-11-17,Oakland Golden Grizzlies,83,UCF Knights,87,"Addition Financial Arena, Orlando, FL"
2025-11-17,Colgate Raiders,72,Siena Saints,69,"MVP Arena, Albany, NY"
2025-11-17,Lafayette Leopards,59,West Virginia Mountaineers,81,"WVU Coliseum, Morgantown, WV"
2025-11-17,Niagara Purple Eagles,68,Le Moyne Dolphins,74,"Ted Grant Court, Syracuse, NY"
2025-11-17,Canisius Golden Griffins,50,High Point Panthers,93,"Qubein Center, High Point, NC"
2025-11-17,Saint Joseph's Hawks,74,Pennsylvania Quakers,83,"The Palestra, Philadelphia, PA"
2025-11-17,Bucknell Bison,50,Pittsburgh Panthers,84,"Petersen Events Center, Pittsburgh, PA"
2025-11-17,Southwestern Adventist Knights,53,UT Rio Grande Valley Vaqueros,110,"UTRGV Fieldhouse, Edinburg, TX"
2025-11-17,Lamar Cardinals,79,UL Monroe Warhawks,66,"Fant-Ewing Coliseum, Monroe, LA"
2025-11-17,Rhodes Lynx,56,UAB Blazers,112,"Bartow Arena, Birmingham, AL"
2025-11-17,Peru State Bobcats,46,South Dakota State Jackrabbits,94,"First Bank & Trust Arena, Brookings, SD"
2025-11-17,Southern Illinois Salukis,85,North Dakota State Bison,92,"Scheels Center, Fargo, ND"
2025-11-17,Prairie View A&M Panthers,73,Missouri Tigers,91,"Mizzou Arena, Columbia, MO"
2025-11-17,Angelo State Rams,54,Tarleton State Texans,77,"Wisdom Gym, Stephenville, TX"
2025-11-17,Tulsa Golden Hurricane,83,Kansas State Wildcats,84,"Bramlage Coliseum, Manhattan, KS"
2025-11-17,Coe Kohawks,63,Western Illinois Leathernecks,74,"Western Hall, Macomb, IL"
2025-11-17,Loyola Marymount Lions,78,UC Santa Barbara Gauchos,74,"The Thunderdome, Santa Barbara, CA"
2025-11-17,Alabama State Hornets,66,Colorado Buffaloes,94,"CU Events Center, Boulder, CO"
2025-11-17,Georgia State Panthers,62,Arizona State Sun Devils,75,"Desert Financial Arena, Tempe, AZ"
2025-11-17,North Alabama Lions,61,Clemson Tigers,81,"Littlejohn Coliseum, Clemson, SC"
2025-11-17,Bethesda University Flames,56,San José State Spartans,110,"Provident Credit Union Event Center, San Jose, CA"
2025-11-17,Oregon State Beavers,75,Oregon Ducks,87,"Matthew Knight Arena, Eugene, OR"
2025-11-17,Cal State Bakersfield Roadrunners,80,Portland State Vikings,93,"Viking Pavilion, Portland, OR"
2025-11-17,Eastern Oregon Mountaineers,73,Eastern Washington Eagles,91,"Reese Court, Cheney, WA"
2025-11-18,Kansas Jayhawks,66,Duke Blue Devils,78,"Madison Square Garden, New York, NY"
2025-11-18,Michigan State Spartans,83,Kentucky Wildcats,66,"Madison Square Garden, New York, NY"
2025-11-18,Navy Midshipmen,61,North Carolina Tar Heels,73,"Dean E. Smith Center, Chapel Hill, NC"
2025-11-18,Sacramento State Hornets,48,UCLA Bruins,79,"Pauley Pavilion, Los Angeles, CA"
2025-11-18,Winthrop Eagles,83,Arkansas Razorbacks,84,"Bud Walton Arena, Fayetteville, AR"
2025-11-18,Central Penn Knights,62,Coppin State Eagles,103,"Physical Education Complex, Baltimore, MD"
2025-11-18,Southwestern Christian Eagles,70,UTSA Roadrunners,103,"UTSA Convocation Center, San Antonio, TX"
2025-11-18,Paul Smith's Bobcats,57,UAlbany Great Danes,106,"Broadview Center, Albany, NY"
2025-11-18,American University Eagles,71,Rutgers Scarlet Knights,80,"Jersey Mike’s Arena, Piscataway, NJ"
2025-11-18,Vermont Catamounts,90,Buffalo Bulls,94,"Alumni Arena, Buffalo, NY"
2025-11-18,Maine-Augusta Moose,68,Dartmouth Big Green,113,"Leede Arena, Hanover, NH"
2025-11-18,Cheyney (PA) Wolves,70,Delaware State Hornets,88,"Memorial Hall (DE), Dover, DE"
2025-11-18,Fort Lauderdale Eagles,80,Florida International Panthers,104,"Ocean Bank Convocation Center, Miami, FL"
2025-11-18,Saint Peter's Peacocks,70,Delaware Blue Hens,81,"Bob Carpenter Center, Newark, DE"
2025-11-18,NJIT Highlanders,43,Drexel Dragons,75,"Daskalakis Athletic Center, Philadelphia, PA"
2025-11-18,Towson Tigers,75,James Madison Dukes,81,"Atlantic Union Bank Center, Harrisonburg, VA"
2025-11-18,New Haven Chargers,45,Seton Hall Pirates,68,"Prudential Center, Newark, NJ"
2025-11-18,New Hampshire Wildcats,66,Providence Friars,98,"Amica Mutual Pavilion, Providence, RI"
2025-11-18,UT Martin Skyhawks,73,Florida State Seminoles,87,"Tucker Center, Tallahassee, FL"
2025-11-18,Radford Highlanders,58,South Carolina Gamecocks,87,"Colonial Life Arena, Columbia, SC"
2025-11-18,Princeton Tigers,69,Iona Gaels,89,"Hynes Athletics Center, New Rochelle, NY"
2025-11-18,Old Dominion Monarchs,69,Xavier Musketeers,99,"Cintas Center, Cincinnati, OH"
2025-11-18,Eastern Michigan Eagles,72,Detroit Mercy Titans,62,"Calihan Hall, Detroit, MI"
2025-11-18,Jacksonville Dolphins,57,George Mason Patriots,79,"EagleBank Arena, Fairfax, VA"
2025-11-18,Maryland Eastern Shore Hawks,83,Longwood Lancers,82,"Joan Perry Brock Center, Farmville, VA"
2025-11-18,Eastern Kentucky Colonels,78,Kent State Golden Flashes,93,"M.A.C. Center, Kent, OH"
2025-11-18,IU Indianapolis Jaguars,91,Charleston Southern Buccaneers,103,"Buccaneer Fieldhouse, Charleston, SC"
2025-11-18,East Carolina Pirates,60,UNC Wilmington Seahawks,85,"Trask Coliseum, Wilmington, NC"
2025-11-18,Boston University Terriers,49,Columbia Lions,54,"Levien Gymnasium, New York, NY"
2025-11-18,Hampton Pirates,52,Boston College Eagles,63,"Conte Forum, Chestnut Hill, MA"
2025-11-18,Holy Cross Crusaders,49,Brown Bears,68,"Pizzitola Sports Center, Providence, RI"
2025-11-18,Saint Francis Red Flash,62,Lehigh Mountain Hawks,79,"Stabler Arena, Bethlehem, PA"
2025-11-18,St. Elizabeth Eagles,58,Fairleigh Dickinson Knights,100,"Bogota Savings Bank Center, Hackensack, NJ"
2025-11-18,Toccoa Falls Eagles,67,North Carolina Central Eagles,123,"McDougald-McLendon Arena, Durham, NC"
2025-11-18,Georgia Southern Eagles,66,Georgia Tech Yellow Jackets,68,"McCamish Pavilion, Atlanta, GA"
2025-11-18,Bethel (TN) Wildcats,67,Western Kentucky Hilltoppers,97,"E.A. Diddle Arena, Bowling Green, KY"
2025-11-18,North Carolina A&T Aggies,79,Morgan State Bears,73,"Hill Field House, Baltimore, MD"
2025-11-18,Alcorn State Braves,81,LSU Tigers,107,"Pete Maravich Assembly Center, Baton Rouge, LA"
2025-11-18,Haskell Jayhawks,64,Oral Roberts Golden Eagles,84,"Mabee Center, Tulsa, OK"
2025-11-18,Austin Peay Governors,65,Ole Miss Rebels,72,"The Sandy and John Black Pavilion at Ole Miss, Oxford, MS"
2025-11-18,Montana Grizzlies,81,Texas A&M Aggies,86,"Reed Arena, College Station, TX"
2025-11-18,Embry-Riddle (AZ) Eagles,79,Northern Arizona Lumberjacks,108,"J. Lawrence Walkup Skydome, Flagstaff, AZ"
2025-11-18,Gardner-Webb Runnin' Bulldogs,62,DePaul Blue Demons,93,"Wintrust Arena, Chicago, IL"
2025-11-18,Little Rock Trojans,68,Murray State Racers,89,"CFSB Center, Murray, KY"
2025-11-18,UT Arlington Mavericks,84,Evansville Purple Aces,76,"Ford Center, Evansville, IN"
2025-11-18,Abilene Christian Wildcats,49,Texas State Bobcats,63,"Strahan Arena at the University Events Center, San Marcos, TX"
2025-11-18,Chicago State Cougars,54,Minnesota Golden Gophers,66,"Williams Arena, Minneapolis, MN"
2025-11-18,Northern Illinois Huskies,57,Northern Iowa Panthers,70,"McLeod Center, Cedar Falls, IA"
2025-11-18,Arkansas-Pine Bluff Golden Lions,60,SMU Mustangs,106,"Moody Coliseum (Dallas), Dallas, TX"
2025-11-18,Rhode Island Rams,86,Yale Bulldogs,77,"John J. Lee Amphitheater, New Haven, CT"
2025-11-18,William Carey Crusaders,59,Southern Miss Golden Eagles,82,"Reed Green Coliseum, Hattiesburg, MS"
2025-11-18,Army Black Knights,73,Cornell Big Red,86,"Newman Arena, Ithaca, NY"
2025-11-18,Southeast Missouri State Redhawks,70,Iowa Hawkeyes,99,"Carver-Hawkeye Arena, Iowa City, IA"
2025-11-18,Stephen F. Austin Lumberjacks,78,Fresno State Bulldogs,80,"Save Mart Center, Fresno, CA"
2025-11-18,Grambling Tigers,68,San Diego Toreros,78,"Jenny Craig Pavilion, San Diego, CA"
2025-11-18,Wichita State Shockers,59,Boise State Broncos,62,"ExtraMile Arena, Boise, ID"
2025-11-18,Purdue Fort Wayne Mastodons,77,Utah Utes,85,"Jon M. Huntsman Center, Salt Lake City, UT"
2025-11-18,Monmouth Hawks,73,Syracuse Orange,78,"JMA Wireless Dome, Syracuse, NY"
2025-11-18,Rider Broncs,65,Texas Longhorns,99,"Moody Center, Austin, TX"
2025-11-18,New Orleans Privateers,79,Pepperdine Waves,90,"Firestone Fieldhouse, Malibu, CA"
2025-11-18,Southern Jaguars,93,Washington Huskies,99,"Alaska Airlines Arena, Seattle, WA"
2025-11-18,Northwestern State Demons,64,San Francisco Dons,84,"The Sobrato Center, San Francisco, CA"
2025-11-18,UC Davis Aggies,75,Nevada Wolf Pack,71,"Lawlor Events Center, Reno, NV"
2025-11-18,Troy Trojans,108,San Diego State Aztecs,107,"Viejas Arena, San Diego, CA"
2025-11-18,Idaho State Bengals,55,Santa Clara Broncos,64,"Leavey Center, Santa Clara, CA"
2025-11-18,UC Riverside Highlanders,57,California Baptist Lancers,80,"Dale E. and Sarah Ann Fowler Events Center, Riverside, CA"
2025-11-18,Louisiana Ragin' Cajuns,66,Stanford Cardinal,93,"Maples Pavilion, Stanford, CA"
2025-11-18,Presbyterian Blue Hose,57,California Golden Bears,67,"Haas Pavilion, Berkeley, CA"
2025-11-19,Arizona Wildcats,71,UConn Huskies,67,"Gampel Pavilion, Storrs, CT"
2025-11-19,Middle Tennessee Blue Raiders,61,Michigan Wolverines,86,"Crisler Center, Ann Arbor, MI"
2025-11-19,Alabama Crimson Tide,90,Illinois Fighting Illini,86,"United Center, Chicago, IL"
2025-11-19,Jackson State Tigers,66,Auburn Tigers,112,"Neville Arena, Auburn, AL"
2025-11-19,Alabama State Hornets,64,Air Force Falcons,66,"Clune Arena, Colorado Springs, CO"
2025-11-19,Misericordia Cougars,58,Binghamton Bearcats,69,"Events Center (Binghamton), Binghamton, NY"
2025-11-19,Ohio Christian Trailblazers,44,Furman Paladins,79,"Timmons Arena, Greenville, SC"
2025-11-19,Harvard Crimson,80,Penn State Nittany Lions,84,"Bryce Jordan Center, University Park, PA"
2025-11-19,North Greenville Crusaders,57,The Citadel Bulldogs,70,"McAlister Field House, Charleston, SC"
2025-11-19,Chattanooga Mocs,78,South Carolina State Bulldogs,66,"Smith-Hammond-Middleton Memorial Center, Orangeburg, SC"
2025-11-19,South Alabama Jaguars,71,Jacksonville State Gamecocks,65,"Pete Mathews Coliseum, Jacksonville, AL"
2025-11-19,Bethune-Cookman Wildcats,76,Ohio Bobcats,73,"Convocation Center (OH), Athens, OH"
2025-11-19,Louisiana Tech Bulldogs,51,Indiana State Sycamores,60,"Hulman Center, Terre Haute, IN"
2025-11-19,Hofstra Pride,76,Temple Owls,81,"Liacouras Center, Philadelphia, PA"
2025-11-19,Tennessee Tech Golden Eagles,88,South Carolina Upstate Spartans,84,"G.B. Hodge Center, Spartanburg, SC"
2025-11-19,Howard Bison,60,Stetson Hatters,64,"Edmunds Center, DeLand, FL"
2025-11-19,North Florida Ospreys,78,Wofford Terriers,86,"Jerry Richardson Indoor Stadium, Spartanburg, SC"
2025-11-19,William & Mary Tribe,82,Bowling Green Falcons,74,"Stroh Center, Bowling Green, OH"
2025-11-19,Florida Gulf Coast Eagles,77,Samford Bulldogs,62,"Pete Hanna Center, Homewood, AL"
2025-11-19,Youngstown State Penguins,75,Toledo Rockets,92,"Savage Arena, Toledo, OH"
2025-11-19,Valparaiso Beacons,90,Cleveland State Vikings,75,"Wolstein Center, Cleveland, OH"
2025-11-19,Villanova Wildcats,70,La Salle Explorers,55,"John Glaser Arena, Philadelphia, PA"
2025-11-19,City College NY Beavers,52,Quinnipiac Bobcats,112,"M&T Bank Arena, Hamden, CT"
2025-11-19,Bryant Bulldogs,61,Virginia Tech Hokies,78,"Cassell Coliseum, Blacksburg, VA"
2025-11-19,Bellarmine Knights,79,Notre Dame Fighting Irish,86,"Purcell Pavilion, South Bend, IN"
2025-11-19,VMI Keydets,54,Richmond Spiders,87,"Robins Center, Richmond, VA"
2025-11-19,UMBC Retrievers,52,George Washington Revolutionaries,89,"Charles E. Smith Center, Washington, DC"
2025-11-19,Loyola Maryland Greyhounds,78,Duquesne Dukes,92,"UPMC Cooper Fieldhouse, Pittsburgh, PA"
2025-11-19,Mount St. Mary's Mountaineers,90,Maryland Terrapins,95,"XFINITY Center, College Park, MD"
2025-11-19,William Carey Crusaders,45,SE Louisiana Lions,71,"University Center, Hammond, LA"
2025-11-19,Dallas Christian Crusaders,44,East Texas A&M Lions,115,"The Field House, Commerce, TX"
2025-11-19,Wyoming Cowboys,70,Sam Houston Bearkats,78,"Bernard G. Johnson Coliseum, Huntsville, TX"
2025-11-19,Maine Black Bears,65,Merrimack Warriors,72,"Hammel Court, North Andover, MA"
2025-11-19,Dayton Flyers,77,Marquette Golden Eagles,71,"Fiserv Forum, Milwaukee, WI"
2025-11-19,UNC Asheville Bulldogs,73,Western Carolina Catamounts,80,"Ramsey Center, Cullowhee, NC"
2025-11-19,Concordia-Nebraska Clippers,80,Omaha Mavericks,96,"Baxter Arena, Omaha, NE"
2025-11-19,Jamestown Jimmies,67,North Dakota State Bison,82,"Scheels Center, Fargo, ND"
2025-11-19,UC Irvine Anteaters,72,Utah Valley Wolverines,79,"UCCU Center, Orem, UT"
2025-11-19,UMass Lowell River Hawks,77,Bradley Braves,87,"Carver Arena, Peoria, IL"
2025-11-19,Tiffin Dragons,50,Eastern Illinois Panthers,62,"Groniger Arena, Charleston, IL"
2025-11-19,North Dakota Fighting Hawks,60,Creighton Bluejays,75,"CHI Health Center Omaha, Omaha, NE"
2025-11-19,South Florida Bulls,95,Oklahoma State Cowboys,103,"Gallagher-Iba Arena, Stillwater, OK"
2025-11-19,Kansas City Roos,45,TCU Horned Frogs,81,"Schollmaier Arena, Fort Worth, TX"
2025-11-19,Lipscomb Bisons,68,Belmont Bruins,75,"Curb Event Center Arena, Nashville, TN"
2025-11-19,St. Thomas (TX) Celts,83,UTEP Miners,84,"Don Haskins Center, El Paso, TX"
2025-11-19,Arkansas State Red Wolves,72,Saint Mary's Gaels,85,"University Credit Union Pavilion, Moraga, CA"
2025-11-19,Campbell Fighting Camels,85,Weber State Wildcats,91,"Dee Events Center, Ogden, UT"
2025-11-19,Evergreen State Geoducks,61,Portland State Vikings,90,"Viking Pavilion, Portland, OR"
2025-11-19,Nobel Knights,54,Long Beach State Beach,87,"Walter Pyramid, Long Beach, CA"
2025-11-19,Southern Utah Thunderbirds,74,Washington State Cougars,98,"Beasley Coliseum, Pullman, WA"
2025-11-20,Memphis Tigers,71,Purdue Boilermakers,80,"Baha Mar Convention Center, Nassau, Bahamas"
2025-11-20,Rider Broncs,45,Houston Cougars,91,"Fertitta Center, Houston, TX"
2025-11-20,Bucknell Bison,49,St. John's Red Storm,97,"Carnesecca Arena, Queens, NY"
2025-11-20,Wake Forest Demon Deacons,83,Texas Tech Red Raiders,84,"Baha Mar Convention Center, Nassau, Bahamas"
2025-11-20,Tennessee State Tigers,60,Tennessee Volunteers,89,"Food City Center, Knoxville, TN"
2025-11-20,Southern Indiana Screaming Eagles,81,Incarnate Word Cardinals,87,"Ocean Center, Daytona Beach, FL"
2025-11-20,High Point Panthers,90,UIC Flames,80,"Ocean Center, Daytona Beach, FL"
2025-11-20,Arkansas-Pine Bluff Golden Lions,70,Marshall Thundering Herd,98,"Cam Henderson Center, Huntington, WV"
2025-11-20,Nobel Knights,55,Montana State Bobcats,92,"Walter Pyramid, Long Beach, CA"
2025-11-20,Lindenwood Lions,53,Indiana Hoosiers,73,"Simon Skjodt Assembly Hall, Bloomington, IN"
2025-11-20,Robert Morris Colonials,61,St. Bonaventure Bonnies,75,"Reilly Center, Saint Bonaventure, NY"
2025-11-20,Brown Bears,70,Stony Brook Seawolves,80,"Stony Brook Arena, Stony Brook, NY"
2025-11-20,Kean Cougars,64,Delaware State Hornets,66,"Memorial Hall (DE), Dover, DE"
2025-11-20,Colgate Raiders,94,Cornell Big Red,95,"Newman Arena, Ithaca, NY"
2025-11-20,Nebraska Cornhuskers,84,New Mexico Lobos,72,"T-Mobile Center, Kansas City, MO"
2025-11-20,Texas Southern Tigers,74,Vanderbilt Commodores,109,"Memorial Gymnasium (TN), Nashville, TN"
2025-11-20,Northeastern Huskies,57,Princeton Tigers,70,"Jadwin Gymnasium, Princeton, NJ"
2025-11-20,Pacific Tigers,59,Florida Atlantic Owls,82,"Eleanor R. Baldwin Arena, Boca Raton, FL"
2025-11-20,UNC Greensboro Spartans,94,Queens University Royals,101,"Curry Arena, Charlotte, NC"
2025-11-20,Ohio Wesleyan Battling Bishops,47,Wright State Raiders,100,"Nutter Center, Dayton, OH"
2025-11-20,Northern Kentucky Norse,90,Central Michigan Chippewas,66,"McGuirk Arena, Mount Pleasant, MI"
2025-11-20,Chicago State Cougars,54,Iowa Hawkeyes,93,"Carver-Hawkeye Arena, Iowa City, IA"
2025-11-20,Mercyhurst Lakers,71,Miami (OH) RedHawks,76,"Millett Hall, Oxford, OH"
2025-11-20,Pittsburgh Panthers,67,UCF Knights,77,"Ocean Center, Daytona Beach, FL"
2025-11-20,Long Island University Sharks,53,Fordham Rams,69,"Rose Hill Gym, Bronx, NY"
2025-11-20,Elon Phoenix,72,Miami Hurricanes,99,"Watsco Center, Coral Gables, FL"
2025-11-20,College Of Biblical Studies Ambassadors,67,Houston Christian Huskies,85,"Sharp Gymnasium, Houston, TX"
2025-11-20,Western Michigan Broncos,58,Ohio State Buckeyes,91,"Value City Arena, Columbus, OH"
2025-11-20,Tarleton State Texans,90,Rice Owls,74,"Tudor Fieldhouse, Houston, TX"
2025-11-20,Oral Roberts Golden Eagles,71,Oklahoma Sooners,95,"Lloyd Noble Center, Norman, OK"
2025-11-20,Central Arkansas Bears,56,North Texas Mean Green,74,"The Super Pit, Denton, TX"
2025-11-20,Rockford Regents,48,Illinois State Redbirds,93,"CEFCU Arena, Normal, IL"
2025-11-20,South Dakota Coyotes,68,Missouri Tigers,102,"Mizzou Arena, Columbia, MO"
2025-11-20,Cal Poly Mustangs,92,Utah Utes,85,"Jon M. Huntsman Center, Salt Lake City, UT"
2025-11-20,Mississippi State Bulldogs,77,Kansas State Wildcats,98,"T-Mobile Center, Kansas City, MO"
2025-11-20,Troy Trojans,106,USC Trojans,107,"Galen Center, Los Angeles, CA"
2025-11-20,Saint Joseph's Hawks,85,UNLV Rebels,99,"Thomas & Mack Center, Las Vegas, NV"
2025-11-20,Arizona State Sun Devils,83,Hawai'i Rainbow Warriors,76,"Stan Sheriff Center, Honolulu, HI"
2025-11-21,Texas Tech Red Raiders,56,Purdue Boilermakers,86,"Baha Mar Convention Center, Nassau, Bahamas"
2025-11-21,Niagara Purple Eagles,42,Duke Blue Devils,100,"Cameron Indoor Stadium, Durham, NC"
2025-11-21,Louisville Cardinals,74,Cincinnati Bearcats,64,"Heritage Bank Center, Cincinnati, OH"
2025-11-21,Wisconsin Badgers,70,BYU Cougars,98,"Delta Center, Salt Lake City, UT"
2025-11-21,Merrimack Warriors,45,Florida Gators,80,"Stephen C. O'Connell Center, Gainesville, FL"
2025-11-21,Loyola Maryland Greyhounds,46,Kentucky Wildcats,88,"Rupp Arena, Lexington, KY"
2025-11-21,Detroit Mercy Titans,56,Michigan State Spartans,84,"Breslin Center, East Lansing, MI"
2025-11-21,Presbyterian Blue Hose,46,UCLA Bruins,86,"Pauley Pavilion, Los Angeles, CA"
2025-11-21,Jackson State Tigers,61,Arkansas Razorbacks,115,"Bud Walton Arena, Fayetteville, AR"
2025-11-21,Regent Royals,57,William & Mary Tribe,104,"Kaplan Arena, Williamsburg, VA"
2025-11-21,Green Bay Phoenix,67,Yale Bulldogs,73,"UVI Sports & Fitness Center, Saint Thomas, Virgin Islands"
2025-11-21,Utah State Aggies,96,Tulane Green Wave,75,"TD Arena, Charleston, SC"
2025-11-21,IU Indianapolis Jaguars,80,Alabama State Hornets,101,"Clune Arena, Colorado Springs, CO"
2025-11-21,Butler Bulldogs,79,South Carolina Gamecocks,72,"Colonial Hall, White Sulphur Springs, WV"
2025-11-21,Massachusetts Minutemen,65,Charleston Cougars,69,"UVI Sports & Fitness Center, Saint Thomas, Virgin Islands"
2025-11-21,Campbell Fighting Camels,71,UT Arlington Mavericks,67,"Dee Events Center, Ogden, UT"
2025-11-21,Justice College Lions,51,Idaho State Bengals,89,"Reed Gym, Pocatello, ID"
2025-11-21,Davidson Wildcats,59,Boston College Eagles,49,"TD Arena, Charleston, SC"
2025-11-21,Northwestern Wildcats,78,Virginia Cavaliers,83,"Colonial Hall, White Sulphur Springs, WV"
2025-11-21,Iona Gaels,75,Akron Zips,96,"UVI Sports & Fitness Center, Saint Thomas, Virgin Islands"
2025-11-21,Georgia Southern Eagles,72,Florida State Seminoles,98,"Tucker Center, Tallahassee, FL"
2025-11-21,Lafayette Leopards,70,Stonehill Skyhawks,74,"Merkert Gymnasium, South Easton, MA"
2025-11-21,SIU Edwardsville Cougars,63,Air Force Falcons,77,"Clune Arena, Colorado Springs, CO"
2025-11-21,Columbia Lions,82,Lehigh Mountain Hawks,67,"Stabler Arena, Bethlehem, PA"
2025-11-21,Oakland Golden Grizzlies,91,Eastern Michigan Eagles,97,"Gervin GameAbove Center, Ypsilanti, MI"
2025-11-21,Charlotte 49ers,63,App State Mountaineers,65,"Holmes Convocation Center, Boone, NC"
2025-11-21,Central Connecticut Blue Devils,67,Rutgers Scarlet Knights,54,"Jersey Mike’s Arena, Piscataway, NJ"
2025-11-21,West Virginia Mountaineers,67,Clemson Tigers,70,"TD Arena, Charleston, SC"
2025-11-21,Mississippi State Bulldogs,78,New Mexico Lobos,80,"T-Mobile Center, Kansas City, MO"
2025-11-21,Coastal Carolina Chanticleers,84,Western Illinois Leathernecks,64,"Western Hall, Macomb, IL"
2025-11-21,Erskine Flying Fleet,57,Wofford Terriers,81,"Jerry Richardson Indoor Stadium, Spartanburg, SC"
2025-11-21,South Carolina Upstate Spartans,64,West Georgia Wolves,72,"The Coliseum, Carrollton, GA"
2025-11-21,Morehead State Eagles,62,East Tennessee State Buccaneers,77,"Freedom Hall (TN), Johnson City, TN"
2025-11-21,Wake Forest Demon Deacons,69,Memphis Tigers,68,"Baha Mar Convention Center, Nassau, Bahamas"
2025-11-21,UNC Wilmington Seahawks,81,Radford Highlanders,73,"The Dedmon Center, Radford, VA"
2025-11-21,UAlbany Great Danes,63,Siena Saints,73,"MVP Arena, Albany, NY"
2025-11-21,Charleston Southern Buccaneers,77,East Carolina Pirates,65,"Minges Coliseum, Greenville, NC"
2025-11-21,Maryland Eastern Shore Hawks,57,Canisius Golden Griffins,60,"Koessler Athletic Center, Buffalo, NY"
2025-11-21,Army Black Knights,65,Marist Red Foxes,76,"McCann Arena, Poughkeepsie, NY"
2025-11-21,Morgan State Bears,56,Old Dominion Monarchs,88,"Chartway Arena, Norfolk, VA"
2025-11-21,Holy Cross Crusaders,66,Sacred Heart Pioneers,79,"William H. Pitt Center, Fairfield, CT"
2025-11-21,Pennsylvania Quakers,84,Drexel Dragons,68,"Daskalakis Athletic Center, Philadelphia, PA"
2025-11-21,Buena Vista Beavers,52,Drake Bulldogs,98,"Knapp Center, Des Moines, IA"
2025-11-21,Northern Colorado Bears,72,St. Thomas-Minnesota Tommies,73,"Chiles Center, Portland, OR"
2025-11-21,South Alabama Jaguars,72,UAB Blazers,80,"Bartow Arena, Birmingham, AL"
2025-11-21,Fisk Bulldogs,49,Belmont Bruins,96,"Curb Event Center Arena, Nashville, TN"
2025-11-21,Georgia State Panthers,58,South Dakota State Jackrabbits,105,"First Bank & Trust Arena, Brookings, SD"
2025-11-21,Omaha Mavericks,73,LSU Tigers,99,"Pete Maravich Assembly Center, Baton Rouge, LA"
2025-11-21,Austin Peay Governors,75,Tulsa Golden Hurricane,84,"Reynolds Center, Tulsa, OK"
2025-11-21,Hampton Pirates,60,Norfolk State Spartans,62,"Joseph G. Echols Hall, Norfolk, VA"
2025-11-21,Little Rock Trojans,56,Texas State Bobcats,65,"Strahan Arena at the University Events Center, San Marcos, TX"
2025-11-21,Evansville Purple Aces,73,Oregon State Beavers,69,"UVI Sports & Fitness Center, Saint Thomas, Virgin Islands"
2025-11-21,Manhattan Jaspers,68,Texas A&M Aggies,109,"Reed Arena, College Station, TX"
2025-11-21,Purdue Fort Wayne Mastodons,60,Saint Louis Billikens,91,"Chaifetz Arena, St. Louis, MO"
2025-11-21,Northern Illinois Huskies,76,Loyola Chicago Ramblers,59,"Gentile Arena, Chicago, IL"
2025-11-21,UC Riverside Highlanders,85,San Diego Toreros,71,"Jenny Craig Pavilion, San Diego, CA"
2025-11-21,Stephen F. Austin Lumberjacks,63,Pepperdine Waves,60,"Firestone Fieldhouse, Malibu, CA"
2025-11-21,Nobel Knights,48,Utah Tech Trailblazers,96,"Burns Arena, St. George, UT"
2025-11-21,Denver Pioneers,83,Colorado State Rams,81,"Moby Arena, Fort Collins, CO"
2025-11-21,Northwestern State Demons,72,Grand Canyon Lopes,85,"Global Credit Union Arena, Phoenix, AZ"
2025-11-21,Samford Bulldogs,72,New Mexico State Aggies,81,"Pan American Center, Las Cruces, NM"
2025-11-21,UC Davis Aggies,79,Colorado Buffaloes,95,"CU Events Center, Boulder, CO"
2025-11-21,Arkansas State Red Wolves,69,SMU Mustangs,100,"Moody Coliseum (Dallas), Dallas, TX"
2025-11-21,Georgia Bulldogs,78,Xavier Musketeers,77,"TD Arena, Charleston, SC"
2025-11-21,New Orleans Privateers,76,Fresno State Bulldogs,85,"Save Mart Center, Fresno, CA"
2025-11-21,Kansas State Wildcats,85,Nebraska Cornhuskers,86,"T-Mobile Center, Kansas City, MO"
2025-11-21,Southern Jaguars,66,San José State Spartans,80,"Provident Credit Union Event Center, San Jose, CA"
2025-11-21,Louisiana Ragin' Cajuns,43,Santa Clara Broncos,80,"Leavey Center, Santa Clara, CA"
2025-11-21,Grambling Tigers,59,California Baptist Lancers,72,"Dale E. and Sarah Ann Fowler Events Center, Riverside, CA"
2025-11-21,Montana State Bobcats,78,Long Beach State Beach,72,"Walter Pyramid, Long Beach, CA"
2025-11-21,Cal State Fullerton Titans,85,Portland Pilots,103,"Chiles Center, Portland, OR"
2025-11-21,Seattle U Redhawks,77,Stanford Cardinal,69,"Maples Pavilion, Stanford, CA"
2025-11-21,Sacramento State Hornets,67,California Golden Bears,91,"Haas Pavilion, Berkeley, CA"
2025-11-22,Long Island University Sharks,58,Illinois Fighting Illini,98,"State Farm Center, Champaign, IL"
2025-11-22,Wagner Seahawks,75,Georgetown Hoyas,92,"Capital One Arena, Washington, DC"
2025-11-22,NJIT Highlanders,70,Navy Midshipmen,86,"Alumni Hall (Navy), Annapolis, MD"
2025-11-22,Vermont State - Lyndon Hornets,51,New Haven Chargers,122,"Jeffery P. Hazell Athletics Center, West Haven, CT"
2025-11-22,Fairfield Stags,97,Le Moyne Dolphins,83,"Ted Grant Court, Syracuse, NY"
2025-11-22,Harvard Crimson,74,Boston University Terriers,75,"Mohegan Sun Arena, Uncasville, CT"
2025-11-22,UMass Lowell River Hawks,66,Saint Peter's Peacocks,68,"Yanitelli Center, Jersey City, NJ"
2025-11-22,Central Michigan Chippewas,71,Marquette Golden Eagles,85,"Fiserv Forum, Milwaukee, WI"
2025-11-22,Cleveland State Vikings,71,Kent State Golden Flashes,91,"M.A.C. Center, Kent, OH"
2025-11-22,Howard Payne Yellow Jackets,75,Texas A&M-Corpus Christi Islanders,122,"American Bank Center, Corpus Christi, TX"
2025-11-22,North Carolina Central Eagles,55,Dayton Flyers,74,"UD Arena, Dayton, OH"
2025-11-22,Nicholls Colonels,81,Oklahoma State Cowboys,95,"Gallagher-Iba Arena, Stillwater, OK"
2025-11-22,Green Bay Phoenix,79,Massachusetts Minutemen,75,"UVI Sports & Fitness Center, Saint Thomas, Virgin Islands"
2025-11-22,Maryland Eastern Shore Hawks,63,Binghamton Bearcats,52,"Koessler Athletic Center, Buffalo, NY"
2025-11-22,Mercer Bears,95,Eastern Kentucky Colonels,83,"Baptist Health Arena, Richmond, KY"
2025-11-22,Schreiner Mountaineers,54,Sam Houston Bearkats,105,"Bernard G. Johnson Coliseum, Huntsville, TX"
2025-11-22,Providence Friars,77,Penn State Nittany Lions,65,"Mohegan Sun Arena, Uncasville, CT"
2025-11-22,Mississippi Valley State Delta Devils,70,Cal State Bakersfield Roadrunners,86,"Icardo Center, Bakersfield, CA"
2025-11-22,Northeastern Huskies,93,Duquesne Dukes,86,"LeBron James Arena, Akron, OH"
2025-11-22,Niagara Purple Eagles,70,Howard Bison,80,"Cameron Indoor Stadium, Durham, NC"
2025-11-22,North Alabama Lions,57,Chattanooga Mocs,71,"McKenzie Arena, Chattanooga, TN"
2025-11-22,Southern Indiana Screaming Eagles,73,UIC Flames,84,"Ocean Center, Daytona Beach, FL"
2025-11-22,UT Martin Skyhawks,69,Prairie View A&M Panthers,68,"Pensacola Bay Center, Pensacola, FL"
2025-11-22,UC Santa Barbara Gauchos,64,Nevada Wolf Pack,77,"Lawlor Events Center, Reno, NV"
2025-11-22,Western Carolina Catamounts,62,Lipscomb Bisons,83,"Allen Arena, Nashville, TN"
2025-11-22,UT Rio Grande Valley Vaqueros,67,Missouri State Bears,74,"Great Southern Bank Arena, Springfield, MO"
2025-11-22,Lancasater Bible College Chargers,46,La Salle Explorers,75,"John Glaser Arena, Philadelphia, PA"
2025-11-22,Iona Gaels,91,Oregon State Beavers,84,"UVI Sports & Fitness Center, Saint Thomas, Virgin Islands"
2025-11-22,San Francisco Dons,77,Minnesota Golden Gophers,65,"Sanford Pentagon, Sioux Falls, SD"
2025-11-22,St. Thomas-Minnesota Tommies,80,Cal State Fullerton Titans,88,"Chiles Center, Portland, OR"
2025-11-22,Incarnate Word Cardinals,80,High Point Panthers,91,"Ocean Center, Daytona Beach, FL"
2025-11-22,Morehead State Eagles,83,UL Monroe Warhawks,80,"Freedom Hall (TN), Johnson City, TN"
2025-11-22,Coastal Carolina Chanticleers,75,North Dakota Fighting Hawks,58,"Western Hall, Macomb, IL"
2025-11-22,VMI Keydets,80,Stetson Hatters,99,"Edmunds Center, DeLand, FL"
2025-11-22,Ball State Cardinals,52,Indiana State Sycamores,70,"Hulman Center, Terre Haute, IN"
2025-11-22,Milwaukee Panthers,58,Wichita State Shockers,75,"Charles Koch Arena, Wichita, KS"
2025-11-22,Gardner-Webb Runnin' Bulldogs,67,Richmond Spiders,102,"Robins Center, Richmond, VA"
2025-11-22,Coppin State Eagles,58,VCU Rams,101,"Siegel Center, Richmond, VA"
2025-11-22,Northern Colorado Bears,86,Portland Pilots,80,"Chiles Center, Portland, OR"
2025-11-22,North Florida Ospreys,83,Southern Miss Golden Eagles,92,"Pensacola Bay Center, Pensacola, FL"
2025-11-22,Nobel Knights,68,Southern Utah Thunderbirds,103,"America First Events Center, Cedar City, UT"
2025-11-22,UT Arlington Mavericks,74,Weber State Wildcats,73,"Dee Events Center, Ogden, UT"
2025-11-22,Eastern Oregon Mountaineers,68,Idaho Vandals,97,"ICCU Arena, Moscow, ID"
2025-11-22,UC Merced Bobcats,42,Saint Mary's Gaels,96,"University Credit Union Pavilion, Moraga, CA"
2025-11-22,Northern Iowa Panthers,70,UC Irvine Anteaters,69,"Bren Events Center, Irvine, CA"
2025-11-23,Bryant Bulldogs,49,UConn Huskies,72,"PeoplesBank Arena, Hartford, CT"
2025-11-23,Howard Bison,56,Duke Blue Devils,93,"Cameron Indoor Stadium, Durham, NC"
2025-11-23,Clemson Tigers,97,Georgia Bulldogs,94,"TD Arena, Charleston, SC"
2025-11-23,Alabama State Hornets,68,SIU Edwardsville Cougars,83,"Clune Arena, Colorado Springs, CO"
2025-11-23,Arkansas-Pine Bluff Golden Lions,84,Miami (OH) RedHawks,111,"Millett Hall, Oxford, OH"
2025-11-23,Binghamton Bearcats,66,Canisius Golden Griffins,75,"Koessler Athletic Center, Buffalo, NY"
2025-11-23,Delaware State Hornets,41,Miami Hurricanes,97,"Watsco Center, Coral Gables, FL"
2025-11-23,South Carolina State Bulldogs,81,South Dakota Coyotes,82,"Sanford Coyote Sports Center, Vermillion, SD"
2025-11-23,Old Dominion Monarchs,71,Drexel Dragons,75,"Daskalakis Athletic Center, Philadelphia, PA"
2025-11-23,Alcorn State Braves,53,Oklahoma Sooners,72,"Lloyd Noble Center, Norman, OK"
2025-11-23,West Georgia Wolves,66,Georgia Tech Yellow Jackets,82,"McCamish Pavilion, Atlanta, GA"
2025-11-23,Eastern Washington Eagles,65,Central Arkansas Bears,92,"Farris Center, Conway, AR"
2025-11-23,Cal State Fullerton Titans,93,Northern Colorado Bears,97,"Chiles Center, Portland, OR"
2025-11-23,Shaw Bears,79,Charlotte 49ers,83,"Halton Arena, Charlotte, NC"
2025-11-23,Brown Bears,58,Maine Black Bears,53,"Skip Chappelle Court in Memorial Gymnasium, Orono, ME"
2025-11-23,Longwood Lancers,70,Columbia Lions,95,"Levien Gymnasium, New York, NY"
2025-11-23,Butler Bulldogs,80,Virginia Cavaliers,73,"Colonial Hall, White Sulphur Springs, WV"
2025-11-23,Prairie View A&M Panthers,85,North Florida Ospreys,82,"Pensacola Bay Center, Pensacola, FL"
2025-11-23,Southern Illinois Salukis,79,Delaware Blue Hens,59,"John Hurst Adams Gymnasium, Jacksonville, FL"
2025-11-23,Robert Morris Colonials,70,Monmouth Hawks,71,"OceanFirst Bank Center, West Long Branch, NJ"
2025-11-23,Mount St. Mary's Mountaineers,60,Western Michigan Broncos,83,"University Arena (MI), Kalamazoo, MI"
2025-11-23,West Virginia Mountaineers,68,Xavier Musketeers,78,"TD Arena, Charleston, SC"
2025-11-23,Lamar Cardinals,68,Montana Grizzlies,63,"Dahlberg Arena, Missoula, MT"
2025-11-23,UL Monroe Warhawks,55,East Tennessee State Buccaneers,97,"Freedom Hall (TN), Johnson City, TN"
2025-11-23,St. Thomas-Minnesota Tommies,76,Portland Pilots,66,"Chiles Center, Portland, OR"
2025-11-23,Norfolk State Spartans,67,Wyoming Cowboys,75,"Arena-Auditorium, Laramie, WY"
2025-11-23,South Carolina Gamecocks,77,Northwestern Wildcats,79,"Colonial Hall, White Sulphur Springs, WV"
2025-11-23,Queens University Royals,79,Furman Paladins,90,"Timmons Arena, Greenville, SC"
2025-11-23,IU Indianapolis Jaguars,85,Air Force Falcons,98,"Clune Arena, Colorado Springs, CO"
2025-11-23,Quinnipiac Bobcats,83,Pittsburgh Panthers,75,"Petersen Events Center, Pittsburgh, PA"
2025-11-23,Coastal Carolina Chanticleers,42,Illinois State Redbirds,94,"CEFCU Arena, Normal, IL"
2025-11-23,McNeese Cowboys,92,George Washington Revolutionaries,86,"John Gray Gymnasium, George Town, Cayman Islands"
2025-11-23,UT Martin Skyhawks,60,Southern Miss Golden Eagles,70,"Pensacola Bay Center, Pensacola, FL"
2025-11-23,Yale Bulldogs,74,Charleston Cougars,63,"UVI Sports & Fitness Center, Saint Thomas, Virgin Islands"
2025-11-23,Youngstown State Penguins,62,UNC Greensboro Spartans,68,"John Hurst Adams Gymnasium, Jacksonville, FL"
2025-11-23,Detroit Mercy Titans,75,DePaul Blue Demons,95,"Wintrust Arena, Chicago, IL"
2025-11-23,Tulane Green Wave,93,Boston College Eagles,90,"TD Arena, Charleston, SC"
2025-11-23,North Dakota Fighting Hawks,78,Western Illinois Leathernecks,69,"Western Hall, Macomb, IL"
2025-11-23,Mercyhurst Lakers,60,Marshall Thundering Herd,69,"Cam Henderson Center, Huntington, WV"
2025-11-23,Murray State Racers,87,Middle Tennessee Blue Raiders,90,"John Gray Gymnasium, George Town, Cayman Islands"
2025-11-23,Akron Zips,97,Evansville Purple Aces,59,"UVI Sports & Fitness Center, Saint Thomas, Virgin Islands"
2025-11-23,Winthrop Eagles,80,Jackson State Tigers,62,"Lee E. Williams Athletics and Assembly Center, Jackson, MS"
2025-11-23,Utah State Aggies,94,Davidson Wildcats,60,"TD Arena, Charleston, SC"
2025-11-24,Denver Pioneers,73,Arizona Wildcats,103,"McKale Memorial Center, Tucson, AZ"
2025-11-24,Syracuse Orange,74,Houston Cougars,78,"MGM Grand Garden Arena, Las Vegas, NV"
2025-11-24,Eastern Michigan Eagles,46,Louisville Cardinals,87,"KFC Yum! Center, Louisville, KY"
2025-11-24,San Diego State Aztecs,54,Michigan Wolverines,94,"Michelob ULTRA Arena, Las Vegas, NV"
2025-11-24,Gonzaga Bulldogs,95,Alabama Crimson Tide,85,"MGM Grand Garden Arena, Las Vegas, NV"
2025-11-24,UT Rio Grande Valley Vaqueros,73,Illinois Fighting Illini,87,"State Farm Center, Champaign, IL"
2025-11-24,Iowa State Cyclones,83,St. John's Red Storm,82,"Michelob ULTRA Arena, Las Vegas, NV"
2025-11-24,Rutgers Scarlet Knights,60,Tennessee Volunteers,85,"MGM Grand Garden Arena, Las Vegas, NV"
2025-11-24,Auburn Tigers,84,Oregon Ducks,73,"Michelob ULTRA Arena, Las Vegas, NV"
2025-11-24,Seton Hall Pirates,85,NC State Wolfpack,74,"Lahaina Civic Center, Maui, HI"
2025-11-24,Toledo Rockets,75,Troy Trojans,68,"Alico Arena, Fort Myers, FL"
2025-11-24,Rhode Island Rams,55,Towson Tigers,62,"State Farm Field House, Kissimmee, FL"
2025-11-24,Stony Brook Seawolves,58,Pacific Tigers,86,"Ocean Center, Daytona Beach, FL"
2025-11-24,Bucknell Bison,66,Bowling Green Falcons,71,"Suncoast Credit Union Arena, Fort Myers, FL"
2025-11-24,East Texas A&M Lions,70,Fairleigh Dickinson Knights,65,"Bogota Savings Bank Center, Hackensack, NJ"
2025-11-24,Massachusetts Minutemen,73,Oregon State Beavers,65,"UVI Sports & Fitness Center, Saint Thomas, Virgin Islands"
2025-11-24,Saint Francis Red Flash,57,Belmont Bruins,94,"Alico Arena, Fort Myers, FL"
2025-11-24,UAB Blazers,81,Southern Illinois Salukis,73,"John Hurst Adams Gymnasium, Jacksonville, FL"
2025-11-24,Liberty Flames,79,Vermont Catamounts,73,"State Farm Field House, Kissimmee, FL"
2025-11-24,Jacksonville Dolphins,69,Bethune-Cookman Wildcats,64,"Ocean Center, Daytona Beach, FL"
2025-11-24,Creighton Bluejays,74,Baylor Bears,81,"Michelob ULTRA Arena, Las Vegas, NV"
2025-11-24,VMI Keydets,70,Buffalo Bulls,78,"Suncoast Credit Union Arena, Fort Myers, FL"
2025-11-24,Green Bay Phoenix,80,Iona Gaels,75,"UVI Sports & Fitness Center, Saint Thomas, Virgin Islands"
2025-11-24,Grambling Tigers,74,UC Riverside Highlanders,83,"SRC Arena, Riverside, CA"
2025-11-24,Notre Dame Fighting Irish,61,Kansas Jayhawks,71,"MGM Grand Garden Arena, Las Vegas, NV"
2025-11-24,William & Mary Tribe,74,UTEP Miners,63,"John Hurst Adams Gymnasium, Jacksonville, FL"
2025-11-24,Oakland Golden Grizzlies,83,Lamar Cardinals,68,"Dahlberg Arena, Missoula, MT"
2025-11-24,Rice Owls,84,Kennesaw State Owls,89,"Alico Arena, Fort Myers, FL"
2025-11-24,Temple Owls,76,UC San Diego Tritons,91,"State Farm Field House, Kissimmee, FL"
2025-11-24,USC Trojans,70,Boise State Broncos,67,"Lahaina Civic Center, Maui, HI"
2025-11-24,George Washington Revolutionaries,92,Middle Tennessee Blue Raiders,79,"John Gray Gymnasium, George Town, Cayman Islands"
2025-11-24,Charleston Cougars,78,Evansville Purple Aces,59,"UVI Sports & Fitness Center, Saint Thomas, Virgin Islands"
2025-11-24,George Mason Patriots,92,Ohio Bobcats,69,"Ocean Center, Daytona Beach, FL"
2025-11-24,Notre Dame (MD) Gators,52,UMBC Retrievers,102,"Chesapeake Employers Insurance Arena, Baltimore, MD"
2025-11-24,Siena Saints,73,Holy Cross Crusaders,69,"Hart Center, Worcester, MA"
2025-11-24,Georgia Southern Eagles,61,Youngstown State Penguins,67,"John Hurst Adams Gymnasium, Jacksonville, FL"
2025-11-24,Elon Phoenix,88,App State Mountaineers,53,"Holmes Convocation Center, Boone, NC"
2025-11-24,James Madison Dukes,80,Florida International Panthers,72,"Ocean Bank Convocation Center, Miami, FL"
2025-11-24,Marywood Pacers,53,American University Eagles,113,"Bender Arena, Washington, DC"
2025-11-24,Texas Lutheran Bulldogs,41,Texas State Bobcats,93,"Strahan Arena at the University Events Center, San Marcos, TX"
2025-11-24,Eastern Kentucky Colonels,71,Northern Kentucky Norse,82,"Truist Arena, Highland Heights, KY"
2025-11-24,Bellarmine Knights,70,The Citadel Bulldogs,58,"McAlister Field House, Charleston, SC"
2025-11-24,Kansas City Roos,67,Lindenwood Lions,80,"Hyland Arena, Saint Charles, MO"
2025-11-24,NJIT Highlanders,67,Cincinnati Bearcats,94,"Fifth Third Arena, Cincinnati, OH"
2025-11-24,Sacred Heart Pioneers,106,Central Connecticut Blue Devils,108,"Detrick Gymnasium, New Britain, CT"
2025-11-24,Princeton Tigers,64,Bradley Braves,88,"State Farm Field House, Kissimmee, FL"
2025-11-24,Oral Roberts Golden Eagles,88,Florida Gulf Coast Eagles,93,"Alico Arena, Fort Myers, FL"
2025-11-24,New Orleans Privateers,78,Mississippi State Bulldogs,81,"Humphrey Coliseum, Starkville, MS"
2025-11-24,Murray State Racers,60,McNeese Cowboys,73,"John Gray Gymnasium, George Town, Cayman Islands"
2025-11-24,Yale Bulldogs,97,Akron Zips,94,"UVI Sports & Fitness Center, Saint Thomas, Virgin Islands"
2025-11-24,Jacksonville State Gamecocks,63,Arkansas State Red Wolves,74,"First National Bank Arena, Jonesboro, AR"
2025-11-24,Cal Poly Mustangs,87,Northern Arizona Lumberjacks,93,"J. Lawrence Walkup Skydome, Flagstaff, AZ"
2025-11-24,Radford Highlanders,72,SMU Mustangs,89,"Moody Coliseum (Dallas), Dallas, TX"
2025-11-24,Long Island University Sharks,75,Missouri State Bears,61,"Great Southern Bank Arena, Springfield, MO"
2025-11-24,Florida Atlantic Owls,76,Loyola Marymount Lions,65,"Ocean Center, Daytona Beach, FL"
2025-11-24,Nobel Knights,49,UC Santa Barbara Gauchos,84,"The Thunderdome, Santa Barbara, CA"
2025-11-24,UTSA Roadrunners,50,Abilene Christian Wildcats,61,"John Hurst Adams Gymnasium, Jacksonville, FL"
2025-11-24,Louisiana Ragin' Cajuns,56,UC Davis Aggies,77,"University Credit Union Center, Davis, CA"
2025-11-24,Washington State Cougars,90,Chaminade Silverswords,85,"Lahaina Civic Center, Maui, HI"
2025-11-24,Arizona State Sun Devils,87,Texas Longhorns,86,"Lahaina Civic Center, Maui, HI"
2025-11-24,Hawai'i Pacific Sea Warriors,76,Hawai'i Rainbow Warriors,88,"Stan Sheriff Center, Honolulu, HI"
2025-11-24,UNLV Rebels,67,Maryland Terrapins,74,"MGM Grand Garden Arena, Las Vegas, NV"
2025-11-25,Tennessee Volunteers,76,Houston Cougars,73,"MGM Grand Garden Arena, Las Vegas, NV"
2025-11-25,Auburn Tigers,72,Michigan Wolverines,102,"Michelob ULTRA Arena, Las Vegas, NV"
2025-11-25,UNLV Rebels,76,Alabama Crimson Tide,115,"MGM Grand Garden Arena, Las Vegas, NV"
2025-11-25,Michigan State Spartans,89,East Carolina Pirates,56,"Suncoast Credit Union Arena, Fort Myers, FL"
2025-11-25,Maryland Terrapins,61,Gonzaga Bulldogs,100,"MGM Grand Garden Arena, Las Vegas, NV"
2025-11-25,St. John's Red Storm,96,Baylor Bears,81,"Michelob ULTRA Arena, Las Vegas, NV"
2025-11-25,Creighton Bluejays,60,Iowa State Cyclones,78,"Michelob ULTRA Arena, Las Vegas, NV"
2025-11-25,St. Bonaventure Bonnies,70,North Carolina Tar Heels,85,"Suncoast Credit Union Arena, Fort Myers, FL"
2025-11-25,UCLA Bruins,72,California Golden Bears,80,"Chase Center, San Francisco, CA"
2025-11-25,NC State Wolfpack,81,Boise State Broncos,70,"Lahaina Civic Center, Maui, HI"
2025-11-25,Kansas State Wildcats,69,Indiana Hoosiers,86,"Simon Skjodt Assembly Hall, Bloomington, IN"
2025-11-25,Stony Brook Seawolves,61,Bethune-Cookman Wildcats,54,"Ocean Center, Daytona Beach, FL"
2025-11-25,Towson Tigers,72,Liberty Flames,69,"State Farm Field House, Kissimmee, FL"
2025-11-25,Tennessee Southern Firehawks,60,North Alabama Lions,92,"Flowers Hall, Florence, AL"
2025-11-25,Rutgers Scarlet Knights,63,Notre Dame Fighting Irish,68,"MGM Grand Garden Arena, Las Vegas, NV"
2025-11-25,Pacific Tigers,68,Jacksonville Dolphins,53,"Ocean Center, Daytona Beach, FL"
2025-11-25,UNC Greensboro Spartans,60,Delaware Blue Hens,73,"John Hurst Adams Gymnasium, Jacksonville, FL"
2025-11-25,Tulsa Golden Hurricane,81,San José State Spartans,51,"Acrisure Arena, Palm Springs, CA"
2025-11-25,East Texas A&M Lions,84,Army Black Knights,67,"Bogota Savings Bank Center, Hackensack, NJ"
2025-11-25,Rhode Island Rams,80,Vermont Catamounts,65,"State Farm Field House, Kissimmee, FL"
2025-11-25,Samford Bulldogs,78,Georgia State Panthers,63,"Hard Rock Hotel Riviera Maya, Cancun, Mexico"
2025-11-25,Syracuse Orange,60,Kansas Jayhawks,71,"MGM Grand Garden Arena, Las Vegas, NV"
2025-11-25,UTEP Miners,59,UAB Blazers,75,"John Hurst Adams Gymnasium, Jacksonville, FL"
2025-11-25,Northern Iowa Panthers,72,Loyola Chicago Ramblers,51,"Acrisure Arena, Palm Springs, CA"
2025-11-25,Kennesaw State Owls,83,Oral Roberts Golden Eagles,91,"Alico Arena, Fort Myers, FL"
2025-11-25,Loyola Marymount Lions,70,Ohio Bobcats,58,"Ocean Center, Daytona Beach, FL"
2025-11-25,UC San Diego Tritons,87,Bradley Braves,77,"State Farm Field House, Kissimmee, FL"
2025-11-25,Middle Tennessee Blue Raiders,62,McNeese Cowboys,72,"John Gray Gymnasium, George Town, Cayman Islands"
2025-11-25,Seton Hall Pirates,81,USC Trojans,83,"Lahaina Civic Center, Maui, HI"
2025-11-25,Utah Valley Wolverines,75,South Dakota State Jackrabbits,52,"Hard Rock Hotel Riviera Maya, Cancun, Mexico"
2025-11-25,Washington College (MD) Shoremen,51,Loyola Maryland Greyhounds,101,"Reitz Arena, Baltimore, MD"
2025-11-25,Drexel Dragons,71,Morgan State Bears,66,"Hill Field House, Baltimore, MD"
2025-11-25,Tennessee State Tigers,75,UNC Asheville Bulldogs,73,"Kimmel Arena, Asheville, NC"
2025-11-25,William & Mary Tribe,92,Abilene Christian Wildcats,58,"John Hurst Adams Gymnasium, Jacksonville, FL"
2025-11-25,San Diego Toreros,61,California Baptist Lancers,76,"Acrisure Arena, Palm Springs, CA"
2025-11-25,Mount St. Mary's Mountaineers,60,Ohio State Buckeyes,113,"Value City Arena, Columbus, OH"
2025-11-25,Omaha Mavericks,77,James Madison Dukes,88,"Ocean Bank Convocation Center, Miami, FL"
2025-11-25,Brescia Bearcats,50,UT Martin Skyhawks,75,"Kathleen and Tom Elam Center, Martin, TN"
2025-11-25,Virginia-Lynchburg Dragons,79,Norfolk State Spartans,136,"Joseph G. Echols Hall, Norfolk, VA"
2025-11-25,Salve Regina Seahawks,47,New Haven Chargers,78,"Jeffery P. Hazell Athletics Center, West Haven, CT"
2025-11-25,Waynesburg Yellow Jackets,56,Cleveland State Vikings,109,"Wolstein Center, Cleveland, OH"
2025-11-25,North Carolina Central Eagles,67,South Carolina Upstate Spartans,82,"G.B. Hodge Center, Spartanburg, SC"
2025-11-25,Boston University Terriers,87,Penn State Nittany Lions,96,"Bryce Jordan Center, University Park, PA"
2025-11-25,Cal State Bakersfield Roadrunners,59,Florida State Seminoles,89,"Tucker Center, Tallahassee, FL"
2025-11-25,Old Dominion Monarchs,75,Villanova Wildcats,89,"Finneran Pavilion, Villanova, PA"
2025-11-25,Adrian Bulldogs,67,Central Michigan Chippewas,112,"McGuirk Arena, Mount Pleasant, MI"
2025-11-25,Wright State Raiders,79,Stetson Hatters,62,"Edmunds Center, DeLand, FL"
2025-11-25,Rice Owls,63,Florida Gulf Coast Eagles,78,"Alico Arena, Fort Myers, FL"
2025-11-25,Houston Christian Huskies,69,Bellarmine Knights,74,"Knights Hall, Louisville, KY"
2025-11-25,Hampton Pirates,74,Maryland Eastern Shore Hawks,68,"Hytche Center, Princess Anne, MD"
2025-11-25,Rutgers-Camden Scarlet Raptors,61,Saint Joseph's Hawks,100,"Michael J. Hagan '85 Arena, Philadelphia, PA"
2025-11-25,Chicago State Cougars,77,Purdue Fort Wayne Mastodons,90,"Memorial Coliseum (IN), Fort Wayne, IN"
2025-11-25,Dominican (IL) Dominican,70,Milwaukee Panthers,125,"UW-Milwaukee Panther Arena, Milwaukee, WI"
2025-11-25,Quinnipiac Bobcats,91,UCF Knights,102,"Addition Financial Arena, Orlando, FL"
2025-11-25,Campbell Fighting Camels,51,Wake Forest Demon Deacons,99,"LJVM Coliseum, Winston-Salem, NC"
2025-11-25,Lehigh Mountain Hawks,55,Marist Red Foxes,78,"McCann Arena, Poughkeepsie, NY"
2025-11-25,Coppin State Eagles,68,Rider Broncs,65,"Alumni Gymnasium (Rider), Lawrenceville, NJ"
2025-11-25,George Mason Patriots,74,Florida Atlantic Owls,65,"Ocean Center, Daytona Beach, FL"
2025-11-25,Eastern Illinois Panthers,60,Central Arkansas Bears,81,"Farris Center, Conway, AR"
2025-11-25,Piedmont Lions,81,Charleston Southern Buccaneers,93,"Buccaneer Fieldhouse, Charleston, SC"
2025-11-25,Murray State Racers,96,George Washington Revolutionaries,95,"John Gray Gymnasium, George Town, Cayman Islands"
2025-11-25,Temple Owls,79,Princeton Tigers,75,"State Farm Field House, Kissimmee, FL"
2025-11-25,Mississippi Valley State Delta Devils,84,Texas A&M Aggies,120,"Reed Arena, College Station, TX"
2025-11-25,Southeast Missouri State Redhawks,84,Cal Poly Mustangs,68,"J. Lawrence Walkup Skydome, Flagstaff, AZ"
2025-11-25,South Carolina State Bulldogs,66,Missouri Tigers,98,"Mizzou Arena, Columbia, MO"
2025-11-25,Eastern Washington Eagles,71,North Texas Mean Green,79,"The Super Pit, Denton, TX"
2025-11-25,Northern Illinois Huskies,59,Austin Peay Governors,77,"F&M Bank Arena, Clarksville, TN"
2025-11-25,Washington State Cougars,94,Arizona State Sun Devils,100,"Lahaina Civic Center, Maui, HI"
2025-11-25,Winthrop Eagles,73,Nebraska Cornhuskers,80,"Pinnacle Bank Arena, Lincoln, NE"
2025-11-25,New Mexico State Aggies,57,UC Irvine Anteaters,45,"Hard Rock Hotel Riviera Maya, Cancun, Mexico"
2025-11-25,UTSA Roadrunners,77,Georgia Southern Eagles,64,"John Hurst Adams Gymnasium, Jacksonville, FL"
2025-11-25,Oakland Golden Grizzlies,95,Montana Grizzlies,87,"Dahlberg Arena, Missoula, MT"
2025-11-25,Portland State Vikings,68,Utah Tech Trailblazers,63,"Burns Arena, St. George, UT"
2025-11-25,Ole Miss Rebels,69,Iowa Hawkeyes,74,"Acrisure Arena, Palm Springs, CA"
2025-11-25,San Francisco State Gators,46,Sacramento State Hornets,94,"Hornet Pavilion, Sacramento, CA"
2025-11-25,San Diego State Aztecs,97,Oregon Ducks,80,"Michelob ULTRA Arena, Las Vegas, NV"
2025-11-25,Texas Longhorns,119,Chaminade Silverswords,78,"Lahaina Civic Center, Maui, HI"
2025-11-25,Utah Utes,58,Grand Canyon Lopes,68,"Acrisure Arena, Palm Springs, CA"
2025-11-26,Notre Dame Fighting Irish,56,Houston Cougars,66,"MGM Grand Garden Arena, Las Vegas, NV"
2025-11-26,NJIT Highlanders,47,Louisville Cardinals,104,"KFC Yum! Center, Louisville, KY"
2025-11-26,Gonzaga Bulldogs,61,Michigan Wolverines,101,"MGM Grand Garden Arena, Las Vegas, NV"
2025-11-26,Maryland Terrapins,72,Alabama Crimson Tide,105,"MGM Grand Garden Arena, Las Vegas, NV"
2025-11-26,St. John's Red Storm,74,Auburn Tigers,85,"Michelob ULTRA Arena, Las Vegas, NV"
2025-11-26,Syracuse Orange,64,Iowa State Cyclones,95,"MGM Grand Garden Arena, Las Vegas, NV"
2025-11-26,Kansas Jayhawks,81,Tennessee Volunteers,76,"MGM Grand Garden Arena, Las Vegas, NV"
2025-11-26,Tennessee Tech Golden Eagles,54,Kentucky Wildcats,104,"Rupp Arena, Lexington, KY"
2025-11-26,New Orleans Privateers,50,Texas Tech Red Raiders,82,"United Supermarkets Arena, Lubbock, TX"
2025-11-26,NC State Wolfpack,97,Texas Longhorns,102,"Lahaina Civic Center, Maui, HI"
2025-11-26,Vanderbilt Commodores,83,Western Kentucky Hilltoppers,78,"Imperial Arena, Nassau, Bahamas"
2025-11-26,Saint Francis Red Flash,64,Troy Trojans,74,"Alico Arena, Fort Myers, FL"
2025-11-26,Bowling Green Falcons,81,VMI Keydets,48,"Suncoast Credit Union Arena, Fort Myers, FL"
2025-11-26,Mercy Mavericks,61,Bryant Bulldogs,87,"Chace Athletic Center, Smithfield, RI"
2025-11-26,Towson Tigers,73,UC San Diego Tritons,87,"State Farm Field House, Kissimmee, FL"
2025-11-26,Misericordia Cougars,70,Cornell Big Red,114,"Newman Arena, Ithaca, NY"
2025-11-26,UMass Lowell River Hawks,75,Stonehill Skyhawks,64,"Merkert Gymnasium, South Easton, MA"
2025-11-26,Columbia International Rams,50,Presbyterian Blue Hose,93,"Templeton Center, Clinton, SC"
2025-11-26,Brown Bears,59,New Hampshire Wildcats,47,"Lundholm Gymnasium, Durham, NH"
2025-11-26,Belmont Bruins,87,Toledo Rockets,72,"Alico Arena, Fort Myers, FL"
2025-11-26,Buffalo Bulls,73,Bucknell Bison,71,"Suncoast Credit Union Arena, Fort Myers, FL"
2025-11-26,San José State Spartans,63,Loyola Chicago Ramblers,51,"Acrisure Arena, Palm Springs, CA"
2025-11-26,St. Mary's (MD) Seahawks,61,Howard Bison,115,"Burr Gymnasium, Washington, DC"
2025-11-26,Miami (OH) RedHawks,82,UNC Greensboro Spartans,71,"John Hurst Adams Gymnasium, Jacksonville, FL"
2025-11-26,Omaha Mavericks,61,Florida International Panthers,74,"Ocean Bank Convocation Center, Miami, FL"
2025-11-26,App State Mountaineers,67,Mercer Bears,75,"Hawkins Arena, Macon, GA"
2025-11-26,UIC Flames,74,Robert Morris Colonials,88,"UPMC Events Center, Moon Township, PA"
2025-11-26,Wofford Terriers,83,Northern Kentucky Norse,93,"Truist Arena, Highland Heights, KY"
2025-11-26,Worcester State Lancers,53,Holy Cross Crusaders,77,"Hart Center, Worcester, MA"
2025-11-26,Army Black Knights,81,Fairleigh Dickinson Knights,73,"Bogota Savings Bank Center, Hackensack, NJ"
2025-11-26,Virginia St Trojans,62,Delaware State Hornets,58,"CareFirst Arena, Washington, DC"
2025-11-26,USC Trojans,88,Arizona State Sun Devils,75,"Lahaina Civic Center, Maui, HI"
2025-11-26,Liberty Flames,64,Bradley Braves,74,"State Farm Field House, Kissimmee, FL"
2025-11-26,South Florida Bulls,66,VCU Rams,78,"Imperial Arena, Nassau, Bahamas"
2025-11-26,Texas Lutheran Bulldogs,55,Incarnate Word Cardinals,117,"McDermott Center, San Antonio, TX"
2025-11-26,North Dakota State Bison,56,Jacksonville State Gamecocks,43,"First National Bank Arena, Jonesboro, AR"
2025-11-26,Southern Indiana Screaming Eagles,64,Valparaiso Beacons,56,"Athletics-Recreation Center, Valparaiso, IN"
2025-11-26,Georgia State Panthers,58,New Mexico State Aggies,77,"Hard Rock Hotel Riviera Maya, Cancun, Mexico"
2025-11-26,Lipscomb Bisons,90,Marshall Thundering Herd,67,"Cam Henderson Center, Huntington, WV"
2025-11-26,Navy Midshipmen,84,Gardner-Webb Runnin' Bulldogs,51,"Trask Coliseum, Wilmington, NC"
2025-11-26,Harvard Crimson,60,Boston College Eagles,73,"Conte Forum, Chestnut Hill, MA"
2025-11-26,Northern Iowa Panthers,60,Tulsa Golden Hurricane,63,"Acrisure Arena, Palm Springs, CA"
2025-11-26,Oral Roberts Golden Eagles,62,Rice Owls,81,"Alico Arena, Fort Myers, FL"
2025-11-26,Vermont Catamounts,79,Princeton Tigers,74,"State Farm Field House, Kissimmee, FL"
2025-11-26,Wagner Seahawks,103,Manhattan Jaspers,101,"Draddy Gymnasium, Riverdale, NY"
2025-11-26,Virginia Tech Hokies,66,Colorado State Rams,64,"Imperial Arena, Nassau, Bahamas"
2025-11-26,Seton Hall Pirates,75,Washington State Cougars,61,"Lahaina Civic Center, Maui, HI"
2025-11-26,Samford Bulldogs,45,Utah Valley Wolverines,89,"Hard Rock Hotel Riviera Maya, Cancun, Mexico"
2025-11-26,Northern Colorado Bears,71,Air Force Falcons,53,"Clune Arena, Colorado Springs, CO"
2025-11-26,Central State (OH) Marauders,80,Duquesne Dukes,101,"UPMC Cooper Fieldhouse, Pittsburgh, PA"
2025-11-26,Sam Houston Bearkats,84,Idaho State Bengals,81,"Idaho Central Arena, Boise, ID"
2025-11-26,Houston Christian Huskies,72,The Citadel Bulldogs,65,"McAlister Field House, Charleston, SC"
2025-11-26,Pepperdine Waves,53,Fresno State Bulldogs,76,"Acrisure Arena, Palm Springs, CA"
2025-11-26,SE Louisiana Lions,57,UNC Wilmington Seahawks,70,"Trask Coliseum, Wilmington, NC"
2025-11-26,Kennesaw State Owls,102,Florida Gulf Coast Eagles,100,"Alico Arena, Fort Myers, FL"
2025-11-26,Eastern Michigan Eagles,64,Cincinnati Bearcats,56,"Fifth Third Arena, Cincinnati, OH"
2025-11-26,Columbia Lions,106,Fairfield Stags,77,"Leo D. Mahoney Arena, Fairfield, CT"
2025-11-26,Rhode Island Rams,90,Temple Owls,75,"State Farm Field House, Kissimmee, FL"
2025-11-26,College Of Biblical Studies Ambassadors,44,Texas Southern Tigers,102,"H&PE Arena, Houston, TX"
2025-11-26,Indiana State Sycamores,73,Louisiana Tech Bulldogs,75,"Thomas Assembly Center, Ruston, LA"
2025-11-26,Saint Mary's Gaels,70,Wichita State Shockers,65,"Imperial Arena, Nassau, Bahamas"
2025-11-26,Southern Illinois Salukis,58,Memphis Tigers,74,"FedExForum, Memphis, TN"
2025-11-26,Southeast Missouri State Redhawks,72,Northern Arizona Lumberjacks,79,"J. Lawrence Walkup Skydome, Flagstaff, AZ"
2025-11-26,South Dakota State Jackrabbits,52,UC Irvine Anteaters,64,"Hard Rock Hotel Riviera Maya, Cancun, Mexico"
2025-11-26,Denver Pioneers,59,Wyoming Cowboys,101,"Arena-Auditorium, Laramie, WY"
2025-11-26,Alabama State Hornets,87,New Mexico Lobos,93,"The Pit, Albuquerque, NM"
2025-11-26,Idaho Vandals,78,Cal State Northridge Matadors,64,"Idaho Central Arena, Boise, ID"
2025-11-26,Iowa Hawkeyes,59,Grand Canyon Lopes,46,"Acrisure Arena, Palm Springs, CA"
2025-11-26,Long Beach State Beach,73,Portland Pilots,93,"Chiles Center, Portland, OR"
2025-11-26,Baylor Bears,91,San Diego State Aztecs,81,"Michelob ULTRA Arena, Las Vegas, NV"
2025-11-26,Boise State Broncos,102,Chaminade Silverswords,76,"Lahaina Civic Center, Maui, HI"
2025-11-26,Utah Utes,75,Ole Miss Rebels,74,"Acrisure Arena, Palm Springs, CA"
2025-11-27,Duke Blue Devils,80,Arkansas Razorbacks,71,"United Center, Chicago, IL"
2025-11-27,BYU Cougars,72,Miami Hurricanes,62,"State Farm Field House, Kissimmee, FL"
2025-11-27,TCU Horned Frogs,84,Florida Gators,80,"Jenny Craig Pavilion, San Diego, CA"
2025-11-27,Michigan State Spartans,74,North Carolina Tar Heels,58,"Suncoast Credit Union Arena, Fort Myers, FL"
2025-11-27,VCU Rams,74,Vanderbilt Commodores,89,"Imperial Arena, Nassau, Bahamas"
2025-11-27,Richmond Spiders,72,Furman Paladins,73,"State Farm Field House, Kissimmee, FL"
2025-11-27,St. Bonaventure Bonnies,67,East Carolina Pirates,58,"Suncoast Credit Union Arena, Fort Myers, FL"
2025-11-27,Charlotte 49ers,69,Illinois State Redbirds,79,"State Farm Field House, Kissimmee, FL"
2025-11-27,Oregon Ducks,66,Creighton Bluejays,76,"Michelob ULTRA Arena, Las Vegas, NV"
2025-11-27,San Francisco Dons,69,Colorado Buffaloes,79,"Acrisure Arena, Palm Springs, CA"
2025-11-27,Saint Mary's Gaels,77,Virginia Tech Hokies,66,"Imperial Arena, Nassau, Bahamas"
2025-11-27,UNLV Rebels,65,Rutgers Scarlet Knights,80,"Michelob ULTRA Arena, Las Vegas, NV"
2025-11-27,Nevada Wolf Pack,66,Washington Huskies,83,"Acrisure Arena, Palm Springs, CA"
2025-11-27,South Florida Bulls,97,Western Kentucky Hilltoppers,91,"Imperial Arena, Nassau, Bahamas"
2025-11-27,Providence Friars,83,Wisconsin Badgers,104,"Jenny Craig Pavilion, San Diego, CA"
2025-11-27,Santa Clara Broncos,70,Saint Louis Billikens,71,"Acrisure Arena, Palm Springs, CA"
2025-11-27,Georgetown Hoyas,79,Dayton Flyers,84,"State Farm Field House, Kissimmee, FL"
2025-11-27,Wichita State Shockers,70,Colorado State Rams,76,"Imperial Arena, Nassau, Bahamas"
2025-11-27,Stanford Cardinal,72,Minnesota Golden Gophers,68,"Acrisure Arena, Palm Springs, CA"
2025-11-27,Oklahoma State Cowboys,86,Northwestern Wildcats,81,"United Center, Chicago, IL"
2025-11-28,Eastern Illinois Panthers,62,Purdue Boilermakers,109,"Mackey Arena, West Lafayette, IN"
2025-11-28,Illinois Fighting Illini,61,UConn Huskies,74,"Madison Square Garden, New York, NY"
2025-11-28,BYU Cougars,83,Dayton Flyers,79,"State Farm Field House, Kissimmee, FL"
2025-11-28,Providence Friars,78,Florida Gators,90,"Jenny Craig Pavilion, San Diego, CA"
2025-11-28,Saint Mary's Gaels,71,Vanderbilt Commodores,96,"Imperial Arena, Nassau, Bahamas"
2025-11-28,Virginia Tech Hokies,68,VCU Rams,86,"Imperial Arena, Nassau, Bahamas"
2025-11-28,SE Louisiana Lions,76,Gardner-Webb Runnin' Bulldogs,68,"Trask Coliseum, Wilmington, NC"
2025-11-28,Northeastern Huskies,73,Wake Forest Demon Deacons,86,"LJVM Coliseum, Winston-Salem, NC"
2025-11-28,Richmond Spiders,71,Charlotte 49ers,66,"State Farm Field House, Kissimmee, FL"
2025-11-28,Longwood Lancers,63,Siena Saints,70,"Bender Arena, Washington, DC"
2025-11-28,San Francisco Dons,65,Nevada Wolf Pack,81,"Acrisure Arena, Palm Springs, CA"
2025-11-28,Tennessee Wesleyan Bulldogs,59,Chattanooga Mocs,109,"McKenzie Arena, Chattanooga, TN"
2025-11-28,Indiana State Sycamores,74,Alcorn State Braves,81,"Hulman Center, Terre Haute, IN"
2025-11-28,Cleveland State Vikings,59,Missouri Tigers,86,"Mizzou Arena, Columbia, MO"
2025-11-28,Texas State Bobcats,52,Seattle U Redhawks,66,"Resorts World Event Center, Las Vegas, NV"
2025-11-28,Southern Utah Thunderbirds,54,Robert Morris Colonials,61,"UPMC Events Center, Moon Township, PA"
2025-11-28,Holy Cross College (IN) Saints,59,Purdue Fort Wayne Mastodons,92,"Hilliard Gates Sports Center, Fort Wayne, IN"
2025-11-28,Oklahoma Sooners,75,Marquette Golden Eagles,74,"Credit Union 1 Arena, Chicago, IL"
2025-11-28,Monmouth Hawks,80,Ball State Cardinals,73,"Kirby Sports Center, Easton, PA"
2025-11-28,Hofstra Pride,63,La Salle Explorers,58,"The Palestra, Philadelphia, PA"
2025-11-28,Wright State Raiders,69,Butler Bulldogs,94,"Hinkle Fieldhouse, Indianapolis, IN"
2025-11-28,Furman Paladins,65,Illinois State Redbirds,72,"State Farm Field House, Kissimmee, FL"
2025-11-28,North Dakota State Bison,80,Arkansas State Red Wolves,85,"First National Bank Arena, Jonesboro, AR"
2025-11-28,Nicholls Colonels,72,Tulane Green Wave,82,"Devlin Fieldhouse, New Orleans, LA"
2025-11-28,Chicago State Cougars,64,Youngstown State Penguins,87,"Beeghly Center, Youngstown, OH"
2025-11-28,Navy Midshipmen,57,UNC Wilmington Seahawks,87,"Trask Coliseum, Wilmington, NC"
2025-11-28,Maine Black Bears,61,American University Eagles,74,"Bender Arena, Washington, DC"
2025-11-28,Missouri Baptist Spartans,55,SIU Edwardsville Cougars,92,"First Community Arena, Edwardsville, IL"
2025-11-28,NJIT Highlanders,55,Eastern Michigan Eagles,73,"Gervin GameAbove Center, Ypsilanti, MI"
2025-11-28,North Carolina A&T Aggies,74,Davidson Wildcats,90,"John M. Belk Arena, Davidson, NC"
2025-11-28,Jarvis Christian Bulldogs,55,Abilene Christian Wildcats,87,"Moody Coliseum (Abilene), Abilene, TX"
2025-11-28,Charleston Southern Buccaneers,62,South Carolina Gamecocks,74,"Colonial Life Arena, Columbia, SC"
2025-11-28,Queens University Royals,69,Virginia Cavaliers,94,"John Paul Jones Arena, Charlottesville, VA"
2025-11-28,Colorado State Rams,83,South Florida Bulls,68,"Imperial Arena, Nassau, Bahamas"
2025-11-28,Washington Huskies,68,Colorado Buffaloes,81,"Acrisure Arena, Palm Springs, CA"
2025-11-28,UC Santa Barbara Gauchos,72,Lehigh Mountain Hawks,70,"Resorts World Event Center, Las Vegas, NV"
2025-11-28,Le Moyne Dolphins,76,Lafayette Leopards,63,"Kirby Sports Center, Easton, PA"
2025-11-28,Merrimack Warriors,65,Pennsylvania Quakers,77,"The Palestra, Philadelphia, PA"
2025-11-28,Franklin Pierce Ravens,72,Fordham Rams,74,"Place Bell, Laval, PQ"
2025-11-28,Midwestern State Mustangs,57,Tarleton State Texans,67,"Wisdom Gym, Stephenville, TX"
2025-11-28,Texas A&M Aggies,95,Florida State Seminoles,59,"Benchmark International Arena, Tampa, FL"
2025-11-28,Wisconsin Badgers,63,TCU Horned Frogs,74,"Jenny Craig Pavilion, San Diego, CA"
2025-11-28,Texas A&M-Corpus Christi Islanders,67,Xavier Musketeers,88,"Cintas Center, Cincinnati, OH"
2025-11-28,Cal State Northridge Matadors,50,Idaho State Bengals,82,"Idaho Central Arena, Boise, ID"
2025-11-28,Miami Hurricanes,78,Georgetown Hoyas,65,"State Farm Field House, Kissimmee, FL"
2025-11-28,Wichita State Shockers,70,Western Kentucky Hilltoppers,75,"Imperial Arena, Nassau, Bahamas"
2025-11-28,Stanford Cardinal,78,Saint Louis Billikens,77,"Acrisure Arena, Palm Springs, CA"
2025-11-28,Alabama A&M Bulldogs,56,Clemson Tigers,92,"Littlejohn Coliseum, Clemson, SC"
2025-11-28,Georgia Tech Yellow Jackets,61,DePaul Blue Demons,75,"Raider Arena, Destin, FL"
2025-11-28,SMU Mustangs,87,Mississippi State Bulldogs,81,"Humphrey Coliseum, Starkville, MS"
2025-11-28,Ohio State Buckeyes,66,Pittsburgh Panthers,67,"Petersen Events Center, Pittsburgh, PA"
2025-11-28,Colgate Raiders,69,UAlbany Great Danes,67,"Place Bell, Laval, PQ"
2025-11-28,Jackson State Tigers,51,Louisiana Ragin' Cajuns,45,"Cajundome, Lafayette, LA"
2025-11-28,Sam Houston Bearkats,94,Idaho Vandals,68,"Idaho Central Arena, Boise, ID"
2025-11-28,Minnesota Golden Gophers,75,Santa Clara Broncos,86,"Acrisure Arena, Palm Springs, CA"
2025-11-28,LSU Tigers,71,Drake Bulldogs,62,"Raider Arena, Destin, FL"
2025-11-28,Stony Brook Seawolves,71,Loyola Marymount Lions,68,"Gersten Pavilion, Los Angeles, CA"
2025-11-28,North Dakota Fighting Hawks,55,Hawai'i Rainbow Warriors,92,"Stan Sheriff Center, Honolulu, HI"
2025-11-29,Norfolk State Spartans,61,Arizona Wildcats,98,"McKale Memorial Center, Tucson, AZ"
2025-11-29,Bethune-Cookman Wildcats,56,Indiana Hoosiers,100,"Simon Skjodt Assembly Hall, Bloomington, IN"
2025-11-29,SE Louisiana Lions,69,Navy Midshipmen,65,"Trask Coliseum, Wilmington, NC"
2025-11-29,Emerson Lions,67,UMass Lowell River Hawks,90,"Kennedy Family Athletic Complex, Lowell, MA"
2025-11-29,Alcorn State Braves,58,Louisiana Tech Bulldogs,83,"Thomas Assembly Center, Ruston, LA"
2025-11-29,Manhattan Jaspers,78,Army Black Knights,81,"Christl Arena, West Point, NY"
2025-11-29,VMI Keydets,57,UCF Knights,82,"Addition Financial Arena, Orlando, FL"
2025-11-29,Boston University Terriers,65,Northern Kentucky Norse,74,"Truist Arena, Highland Heights, KY"
2025-11-29,Maine Black Bears,61,Longwood Lancers,65,"Bender Arena, Washington, DC"
2025-11-29,Detroit Mercy Titans,70,Niagara Purple Eagles,66,"Gallagher Center, Niagara Falls, NY"
2025-11-29,Dartmouth Big Green,87,Saint Peter's Peacocks,61,"Yanitelli Center, Jersey City, NJ"
2025-11-29,Lehigh Mountain Hawks,78,Texas State Bobcats,74,"Resorts World Event Center, Las Vegas, NV"
2025-11-29,Tennessee Wesleyan Bulldogs,77,Tennessee State Tigers,98,"McKenzie Arena, Chattanooga, TN"
2025-11-29,Carolina University Bruins,61,North Carolina Central Eagles,109,"McDougald-McLendon Arena, Durham, NC"
2025-11-29,Haskell Jayhawks,55,Green Bay Phoenix,95,"Resch Center, Ashwaubenon, WI"
2025-11-29,Houston Christian Huskies,62,Georgia Southern Eagles,80,"Jack and Ruth Ann Hill Convocation Center, Statesboro, GA"
2025-11-29,South Carolina Upstate Spartans,63,Nebraska Cornhuskers,72,"Pinnacle Bank Arena, Lincoln, NE"
2025-11-29,Southern Jaguars,75,Northwestern State Demons,73,"Prather Coliseum, Natchitoches, LA"
2025-11-29,Merrimack Warriors,58,Hofstra Pride,78,"The Palestra, Philadelphia, PA"
2025-11-29,Tennessee Tech Golden Eagles,81,Georgia Bulldogs,123,"Stegeman Coliseum, Athens, GA"
2025-11-29,Western Carolina Catamounts,73,High Point Panthers,93,"Qubein Center, High Point, NC"
2025-11-29,James Madison Dukes,66,George Mason Patriots,82,"EagleBank Arena, Fairfax, VA"
2025-11-29,Delaware State Hornets,57,UMBC Retrievers,71,"Chesapeake Employers Insurance Arena, Baltimore, MD"
2025-11-29,Monmouth Hawks,79,Le Moyne Dolphins,83,"Kirby Sports Center, Easton, PA"
2025-11-29,Southern Utah Thunderbirds,70,Stetson Hatters,68,"UPMC Events Center, Moon Township, PA"
2025-11-29,Morehead State Eagles,80,IU Indianapolis Jaguars,85,"The Jungle, Indianapolis, IN"
2025-11-29,Sarah Lawrence Gryphons,44,Columbia Lions,92,"Levien Gymnasium, New York, NY"
2025-11-29,Bryant Bulldogs,53,Harvard Crimson,56,"Lavietes Pavilion, Cambridge, MA"
2025-11-29,Franciscan University Barons,60,Saint Francis Red Flash,85,"DeGol Arena, Loretto, PA"
2025-11-29,Notre Dame (MD) Gators,75,Radford Highlanders,102,"The Dedmon Center, Radford, VA"
2025-11-29,Lipscomb Bisons,88,Southeast Missouri State Redhawks,77,"Show Me Center, Cape Girardeau, MO"
2025-11-29,Stephen F. Austin Lumberjacks,61,UT Arlington Mavericks,66,"College Park Center, Arlington, TX"
2025-11-29,Gardner-Webb Runnin' Bulldogs,62,UNC Wilmington Seahawks,88,"Trask Coliseum, Wilmington, NC"
2025-11-29,Western Michigan Broncos,55,Valparaiso Beacons,84,"Athletics-Recreation Center, Valparaiso, IN"
2025-11-29,Georgia Tech Yellow Jackets,74,Drake Bulldogs,84,"Raider Arena, Destin, FL"
2025-11-29,Kentucky State Thorobreds,56,Southern Indiana Screaming Eagles,93,"Liberty Arena (IN), Evansville, IN"
2025-11-29,South Carolina State Bulldogs,79,Winthrop Eagles,101,"Winthrop Coliseum, Rock Hill, SC"
2025-11-29,Kansas City Roos,61,Weber State Wildcats,82,"Dee Events Center, Ogden, UT"
2025-11-29,Montana State Bobcats,81,Utah State Aggies,84,"Dee Glen Smith Spectrum, Logan, UT"
2025-11-29,Central Arkansas Bears,57,East Tennessee State Buccaneers,80,"Freedom Hall (TN), Johnson City, TN"
2025-11-29,Gwynedd-Mercy Griffins,60,Maryland Eastern Shore Hawks,84,"Hytche Center, Princess Anne, MD"
2025-11-29,Mercer Bears,91,Elon Phoenix,84,"Schar Center, Elon, NC"
2025-11-29,Siena Saints,59,American University Eagles,55,"Bender Arena, Washington, DC"
2025-11-29,Howard Bison,75,Mount St. Mary's Mountaineers,79,"Knott Arena, Emmitsburg, MD"
2025-11-29,Air Force Falcons,63,South Dakota Coyotes,80,"Summit Arena, Hot Springs, AR"
2025-11-29,Seattle U Redhawks,71,UC Santa Barbara Gauchos,74,"Resorts World Event Center, Las Vegas, NV"
2025-11-29,Ball State Cardinals,37,Lafayette Leopards,55,"Kirby Sports Center, Easton, PA"
2025-11-29,La Salle Explorers,71,Pennsylvania Quakers,73,"The Palestra, Philadelphia, PA"
2025-11-29,SUNY-Oneonta Red Dragons,50,Colgate Raiders,85,"Place Bell, Laval, PQ"
2025-11-29,Wofford Terriers,83,Eastern Kentucky Colonels,77,"Baptist Health Arena, Richmond, KY"
2025-11-29,UC Riverside Highlanders,69,Utah Tech Trailblazers,77,"Burns Arena, St. George, UT"
2025-11-29,Trinity College of Jacksonville Eagles,67,North Florida Ospreys,111,"UNF Arena, Jacksonville, FL"
2025-11-29,Pepperdine Waves,69,Cal State Fullerton Titans,83,"Titan Gym, Fullerton, CA"
2025-11-29,Sacred Heart Pioneers,59,Penn State Nittany Lions,90,"Bryce Jordan Center, University Park, PA"
2025-11-29,Buffalo Bulls,71,Canisius Golden Griffins,53,"Koessler Athletic Center, Buffalo, NY"
2025-11-29,DePaul Blue Demons,63,LSU Tigers,96,"Raider Arena, Destin, FL"
2025-11-29,Redlands Bulldogs,81,Cal Poly Mustangs,87,"Mott Athletics Center, San Luis Obispo, CA"
2025-11-29,Our Lady Of The Lake Saints,46,Lamar Cardinals,90,"Montagne Center, Beaumont, TX"
2025-11-29,Little Rock Trojans,65,Southern Illinois Salukis,74,"Banterra Center, Carbondale, IL"
2025-11-29,Penn State-Shenango Nittany Lions,59,Kent State Golden Flashes,123,"M.A.C. Center, Kent, OH"
2025-11-29,Milwaukee Panthers,81,Akron Zips,105,"James A. Rhodes Arena, Akron, OH"
2025-11-29,UAlbany Great Danes,68,Fordham Rams,88,"Place Bell, Laval, PQ"
2025-11-29,Lawrence University Vikings,52,St. Thomas-Minnesota Tommies,87,"Lee & Penny Anderson Arena, Saint Paul, MN"
2025-11-29,Mid-America Christian Evangels,62,Omaha Mavericks,84,"Baxter Arena, Omaha, NE"
2025-11-29,Regis (CO) REGIS UNIVERSITY,63,Northern Colorado Bears,104,"Bank of Colorado Arena, Greeley, CO"
2025-11-29,Sacramento State Hornets,54,Pacific Tigers,68,"Alex G. Spanos Center, Stockton, CA"
2025-11-29,California Baptist Lancers,75,Oregon State Beavers,69,"Gill Coliseum, Corvallis, OR"
2025-11-30,Wyoming Cowboys,72,Texas Tech Red Raiders,76,"United Supermarkets Arena, Lubbock, TX"
2025-11-30,Le Moyne Dolphins,85,Ball State Cardinals,96,"Kirby Sports Center, Easton, PA"
2025-11-30,Merrimack Warriors,66,La Salle Explorers,60,"The Palestra, Philadelphia, PA"
2025-11-30,Mitchell College Mariners,69,New Haven Chargers,92,"Jeffery P. Hazell Athletics Center, West Haven, CT"
2025-11-30,SUNY-Oneonta Red Dragons,62,UAlbany Great Danes,90,"Place Bell, Laval, PQ"
2025-11-30,Saint Joseph's Hawks,60,Princeton Tigers,58,"CURE Insurance Arena, Trenton, NJ"
2025-11-30,Siena Saints,64,Maine Black Bears,60,"Bender Arena, Washington, DC"
2025-11-30,Johnson & Wales (RI) Griffins,57,Central Connecticut Blue Devils,122,"Detrick Gymnasium, New Britain, CT"
2025-11-30,App State Mountaineers,55,UNC Asheville Bulldogs,67,"Harrah's Cherokee Center, Asheville, NC"
2025-11-30,South Alabama Jaguars,82,UTSA Roadrunners,58,"UTSA Convocation Center, San Antonio, TX"
2025-11-30,Tennessee State Tigers,70,Chattanooga Mocs,64,"McKenzie Arena, Chattanooga, TN"
2025-11-30,Old Dominion Monarchs,75,William & Mary Tribe,88,"Kaplan Arena, Williamsburg, VA"
2025-11-30,Stetson Hatters,62,Robert Morris Colonials,80,"UPMC Events Center, Moon Township, PA"
2025-11-30,New Hampshire Wildcats,68,Fairfield Stags,72,"Leo D. Mahoney Arena, Fairfield, CT"
2025-11-30,Stonehill Skyhawks,62,Quinnipiac Bobcats,76,"M&T Bank Arena, Hamden, CT"
2025-11-30,Yale Bulldogs,77,Vermont Catamounts,74,"Patrick Gymnasium, Burlington, VT"
2025-11-30,Cornell Big Red,101,Bucknell Bison,72,"Sojka Pavilion, Lewisburg, PA"
2025-11-30,Monmouth Hawks,88,Lafayette Leopards,74,"Kirby Sports Center, Easton, PA"
2025-11-30,Hofstra Pride,77,Pennsylvania Quakers,60,"The Palestra, Philadelphia, PA"
2025-11-30,Northeastern State RiverHawks,71,Missouri State Bears,92,"Great Southern Bank Arena, Springfield, MO"
2025-11-30,Mercyhurst Lakers,38,West Virginia Mountaineers,70,"WVU Coliseum, Morgantown, WV"
2025-11-30,Fordham Rams,62,Colgate Raiders,72,"Place Bell, Laval, PQ"
2025-11-30,Alabama A&M Bulldogs,60,Coastal Carolina Chanticleers,67,"The HTC Center, Conway, SC"
2025-11-30,St. Bonaventure Bonnies,70,Florida Atlantic Owls,65,"Eleanor R. Baldwin Arena, Boca Raton, FL"
2025-11-30,Belmont Bruins,96,Charleston Cougars,73,"TD Arena, Charleston, SC"
2025-11-30,St. Ambrose Fighting Bees,73,Western Illinois Leathernecks,89,"Western Hall, Macomb, IL"
2025-11-30,Prairie View A&M Panthers,69,North Texas Mean Green,72,"The Super Pit, Denton, TX"
2025-11-30,Longwood Lancers,66,American University Eagles,92,"Bender Arena, Washington, DC"
2025-11-30,Presbyterian Blue Hose,69,The Citadel Bulldogs,41,"Harrah's Cherokee Center, Asheville, NC"
2025-11-30,UC Irvine Anteaters,72,San José State Spartans,63,"Provident Credit Union Event Center, San Jose, CA"
2025-11-30,San Diego Toreros,72,Long Beach State Beach,76,"Walter Pyramid, Long Beach, CA"
2025-11-30,Cal State Bakersfield Roadrunners,76,Fresno State Bulldogs,71,"Save Mart Center, Fresno, CA"
2025-11-30,Coppin State Eagles,84,Loyola Maryland Greyhounds,95,"Reitz Arena, Baltimore, MD"
2025-12-01,St. Xavier  (IL) Cougars,62,Chicago State Cougars,85,"Jones Convocation Center, Chicago, IL"
2025-12-01,Louisiana Christian Wildcats,48,Southern Jaguars,101,"F.G. Clark Activity Center, Baton Rouge, LA"
2025-12-01,Temple Owls,56,Villanova Wildcats,74,"Finneran Pavilion, Villanova, PA"
2025-12-01,Central State (OH) Marauders,58,Toledo Rockets,102,"Savage Arena, Toledo, OH"
2025-12-01,Apprentice School Builders,58,Hampton Pirates,94,"Convocation Center (VA), Hampton, VA"
2025-12-01,West Georgia Wolves,93,Troy Trojans,89,"Trojan Arena, Troy, AL"
2025-12-01,Iona Gaels,89,Delaware Blue Hens,66,"Bob Carpenter Center, Newark, DE"
2025-12-01,North Alabama Lions,73,Jacksonville State Gamecocks,66,"Pete Mathews Coliseum, Jacksonville, AL"
2025-12-01,Tarleton State Texans,58,Cincinnati Bearcats,76,"Fifth Third Arena, Cincinnati, OH"
2025-12-01,Saint Francis Red Flash,74,Xavier Musketeers,96,"Cintas Center, Cincinnati, OH"
2025-12-01,UAB Blazers,61,Middle Tennessee Blue Raiders,76,"Murphy Center, Murfreesboro, TN"
2025-12-01,McNeese Cowboys,67,Incarnate Word Cardinals,71,"McDermott Center, San Antonio, TX"
2025-12-01,Coe Kohawks,34,Northern Iowa Panthers,99,"McLeod Center, Cedar Falls, IA"
2025-12-01,Bowling Green Falcons,82,Kansas State Wildcats,66,"Bramlage Coliseum, Manhattan, KS"
2025-12-01,West Coast Baptist Eagles,59,Southern Utah Thunderbirds,124,"America First Events Center, Cedar City, UT"
2025-12-01,New Mexico Highlands Cowboys,47,New Mexico Lobos,97,"The Pit, Albuquerque, NM"
2025-12-01,California Baptist Lancers,70,Colorado Buffaloes,78,"CU Events Center, Boulder, CO"
2025-12-01,Portland Pilots,72,Stanford Cardinal,94,"Maples Pavilion, Stanford, CA"
2025-12-02,Purdue Boilermakers,81,Rutgers Scarlet Knights,65,"Jersey Mike’s Arena, Piscataway, NJ"
2025-12-02,Florida Gators,66,Duke Blue Devils,67,"Cameron Indoor Stadium, Durham, NC"
2025-12-02,UConn Huskies,61,Kansas Jayhawks,56,"Allen Fieldhouse, Lawrence, KS"
2025-12-02,Iowa Hawkeyes,52,Michigan State Spartans,71,"Breslin Center, East Lansing, MI"
2025-12-02,Tennessee Volunteers,60,Syracuse Orange,62,"JMA Wireless Dome, Syracuse, NY"
2025-12-02,North Carolina Tar Heels,67,Kentucky Wildcats,64,"Rupp Arena, Lexington, KY"
2025-12-02,USC Trojans,82,Oregon Ducks,77,"Matthew Knight Arena, Eugene, OR"
2025-12-02,Virginia-Lynchburg Dragons,62,Western Carolina Catamounts,124,"Ramsey Center, Cullowhee, NC"
2025-12-02,George Washington Revolutionaries,84,Army Black Knights,70,"Christl Arena, West Point, NY"
2025-12-02,Charleston Southern Buccaneers,56,UT Martin Skyhawks,73,"Kathleen and Tom Elam Center, Martin, TN"
2025-12-02,Campbell Fighting Camels,76,Penn State Nittany Lions,87,"Bryce Jordan Center, University Park, PA"
2025-12-02,Stonehill Skyhawks,65,Bryant Bulldogs,77,"Chace Athletic Center, Smithfield, RI"
2025-12-02,Indiana University East IU EAST,65,Miami (OH) RedHawks,109,"Millett Hall, Oxford, OH"
2025-12-02,Eureka Red Devils,57,Indiana State Sycamores,99,"Hulman Center, Terre Haute, IN"
2025-12-02,New Mexico State Aggies,75,South Alabama Jaguars,77,"Leonard E. Merrell Center, Katy, TX"
2025-12-02,UNC Greensboro Spartans,77,UNC Asheville Bulldogs,82,"Harrah's Cherokee Center, Asheville, NC"
2025-12-02,Jackson State Tigers,73,Kennesaw State Owls,88,"KSU Convocation Center, Kennesaw, GA"
2025-12-02,Cornell Big Red,81,George Mason Patriots,99,"EagleBank Arena, Fairfax, VA"
2025-12-02,Georgia State Panthers,67,Mercer Bears,78,"Hawkins Arena, Macon, GA"
2025-12-02,SIU Edwardsville Cougars,72,North Florida Ospreys,63,"UNF Arena, Jacksonville, FL"
2025-12-02,Florida A&M Rattlers,82,Jacksonville Dolphins,85,"Swisher Gymnasium, Jacksonville, FL"
2025-12-02,Eastern Michigan Eagles,68,Butler Bulldogs,84,"Hinkle Fieldhouse, Indianapolis, IN"
2025-12-02,Maryland Eastern Shore Hawks,56,East Carolina Pirates,68,"Minges Coliseum, Greenville, NC"
2025-12-02,North Carolina A&T Aggies,57,Charlotte 49ers,74,"Halton Arena, Charlotte, NC"
2025-12-02,Lehigh Mountain Hawks,71,Binghamton Bearcats,80,"Events Center (Binghamton), Binghamton, NY"
2025-12-02,SUNY-Maritime Privateers,53,Yale Bulldogs,117,"John J. Lee Amphitheater, New Haven, CT"
2025-12-02,Brown Bears,56,Rhode Island Rams,66,"Thomas M. Ryan Center, Kingston, RI"
2025-12-02,William & Mary Tribe,83,Duquesne Dukes,79,"UPMC Cooper Fieldhouse, Pittsburgh, PA"
2025-12-02,East Tennessee State Buccaneers,71,Dayton Flyers,88,"UD Arena, Dayton, OH"
2025-12-02,Fairleigh Dickinson Knights,64,Providence Friars,94,"Amica Mutual Pavilion, Providence, RI"
2025-12-02,Virginia Tech Hokies,86,South Carolina Gamecocks,83,"Colonial Life Arena, Columbia, SC"
2025-12-02,Oklahoma Sooners,86,Wake Forest Demon Deacons,68,"LJVM Coliseum, Winston-Salem, NC"
2025-12-02,Texas A&M Aggies,81,Pittsburgh Panthers,73,"Petersen Events Center, Pittsburgh, PA"
2025-12-02,Saint Mary of the Woods College Pomeroys,57,Southeast Missouri State Redhawks,88,"Show Me Center, Cape Girardeau, MO"
2025-12-02,Western Illinois Leathernecks,57,Drake Bulldogs,108,"Knapp Center, Des Moines, IA"
2025-12-02,Mount Marty College Lancers,69,Wichita State Shockers,95,"Charles Koch Arena, Wichita, KS"
2025-12-02,Grambling Tigers,63,Tulane Green Wave,65,"Devlin Fieldhouse, New Orleans, LA"
2025-12-02,Winthrop Eagles,94,Long Island University Sharks,92,"Steinberg Wellness Center, Brooklyn, NY"
2025-12-02,Manhattan Christian Thunder,60,Tulsa Golden Hurricane,111,"Reynolds Center, Tulsa, OK"
2025-12-02,Houston Christian Huskies,75,North Texas Mean Green,77,"The Super Pit, Denton, TX"
2025-12-02,Wagner Seahawks,63,Maryland Terrapins,89,"XFINITY Center, College Park, MD"
2025-12-02,Morehead State Eagles,52,Murray State Racers,84,"CFSB Center, Murray, KY"
2025-12-02,Washington State Cougars,60,Bradley Braves,64,"Carver Arena, Peoria, IL"
2025-12-02,UT Arlington Mavericks,63,Arkansas State Red Wolves,83,"First National Bank Arena, Jonesboro, AR"
2025-12-02,Lindenwood Lions,99,Northern Illinois Huskies,64,"NIU Convocation Center, Dekalb, IL"
2025-12-02,Valparaiso Beacons,72,Marquette Golden Eagles,75,"Fiserv Forum, Milwaukee, WI"
2025-12-02,Sacramento State Hornets,88,Baylor Bears,110,"Foster Pavilion, Waco, TX"
2025-12-02,Central Michigan Chippewas,72,Loyola Chicago Ramblers,83,"Gentile Arena, Chicago, IL"
2025-12-02,Sam Houston Bearkats,83,Oklahoma State Cowboys,93,"Gallagher-Iba Arena, Stillwater, OK"
2025-12-02,Stetson Hatters,45,Grand Canyon Lopes,67,"Global Credit Union Arena, Phoenix, AZ"
2025-12-02,Abilene Christian Wildcats,71,Pepperdine Waves,63,"Firestone Fieldhouse, Malibu, CA"
2025-12-02,Nicholls Colonels,76,Creighton Bluejays,96,"CHI Health Center Omaha, Omaha, NE"
2025-12-02,Miami Hurricanes,75,Ole Miss Rebels,66,"The Sandy and John Black Pavilion at Ole Miss, Oxford, MS"
2025-12-02,Georgia Bulldogs,107,Florida State Seminoles,73,"Tucker Center, Tallahassee, FL"
2025-12-02,Missouri Tigers,71,Notre Dame Fighting Irish,76,"Purcell Pavilion, South Bend, IN"
2025-12-02,UC San Diego Tritons,70,Nevada Wolf Pack,76,"Lawlor Events Center, Reno, NV"
2025-12-02,Utah Utes,72,California Golden Bears,79,"Haas Pavilion, Berkeley, CA"
2025-12-02,Saint Louis Billikens,91,Loyola Marymount Lions,70,"Gersten Pavilion, Los Angeles, CA"
2025-12-03,Louisville Cardinals,80,Arkansas Razorbacks,89,"Bud Walton Arena, Fayetteville, AR"
2025-12-03,California Baptist Lancers,60,BYU Cougars,91,"Delta Center, Salt Lake City, UT"
2025-12-03,Alcorn State Braves,68,Iowa State Cyclones,132,"Hilton Coliseum, Ames, IA"
2025-12-03,Clemson Tigers,84,Alabama Crimson Tide,90,"Coleman Coliseum, Tuscaloosa, AL"
2025-12-03,SMU Mustangs,69,Vanderbilt Commodores,88,"Memorial Gymnasium (TN), Nashville, TN"
2025-12-03,NC State Wolfpack,73,Auburn Tigers,83,"Neville Arena, Auburn, AL"
2025-12-03,Indiana Hoosiers,64,Minnesota Golden Gophers,73,"Williams Arena, Minneapolis, MN"
2025-12-03,Arkansas-Pine Bluff Golden Lions,63,UIC Flames,62,"Credit Union 1 Arena, Chicago, IL"
2025-12-03,Tennessee Tech Golden Eagles,80,Lipscomb Bisons,83,"Allen Arena, Nashville, TN"
2025-12-03,Vermont State - Johnson Badgers,57,Boston University Terriers,104,"Case Gym, Boston, MA"
2025-12-03,Northeastern Huskies,59,Holy Cross Crusaders,76,"Hart Center, Worcester, MA"
2025-12-03,Virginia-Lynchburg Dragons,45,App State Mountaineers,133,"Holmes Convocation Center, Boone, NC"
2025-12-03,Wright State Raiders,68,Youngstown State Penguins,69,"Beeghly Center, Youngstown, OH"
2025-12-03,Southern Indiana Screaming Eagles,74,Western Michigan Broncos,88,"University Arena (MI), Kalamazoo, MI"
2025-12-03,North Carolina Central Eagles,62,James Madison Dukes,67,"Atlantic Union Bank Center, Harrisonburg, VA"
2025-12-03,Louisiana Ragin' Cajuns,55,Lamar Cardinals,65,"Montagne Center, Beaumont, TX"
2025-12-03,Drexel Dragons,73,American University Eagles,75,"Bender Arena, Washington, DC"
2025-12-03,Cornell Big Red,80,Towson Tigers,93,"SECU Arena, Towson, MD"
2025-12-03,New Hampshire Wildcats,68,Dartmouth Big Green,69,"Leede Arena, Hanover, NH"
2025-12-03,Coastal Carolina Chanticleers,78,South Carolina Upstate Spartans,85,"G.B. Hodge Center, Spartanburg, SC"
2025-12-03,Pfeiffer Falcons,55,Longwood Lancers,101,"Joan Perry Brock Center, Farmville, VA"
2025-12-03,Southern Illinois Salukis,86,High Point Panthers,84,"Qubein Center, High Point, NC"
2025-12-03,Presbyterian Blue Hose,56,Wofford Terriers,63,"Jerry Richardson Indoor Stadium, Spartanburg, SC"
2025-12-03,Louisiana Tech Bulldogs,69,Georgia Southern Eagles,77,"Jack and Ruth Ann Hill Convocation Center, Statesboro, GA"
2025-12-03,Southern Miss Golden Eagles,82,Radford Highlanders,75,"The Dedmon Center, Radford, VA"
2025-12-03,Furman Paladins,97,Elon Phoenix,88,"Schar Center, Elon, NC"
2025-12-03,Marshall Thundering Herd,69,UNC Wilmington Seahawks,70,"Trask Coliseum, Wilmington, NC"
2025-12-03,Gardner-Webb Runnin' Bulldogs,74,Queens University Royals,107,"Curry Arena, Charlotte, NC"
2025-12-03,Florida Gulf Coast Eagles,83,Florida International Panthers,89,"Ocean Bank Convocation Center, Miami, FL"
2025-12-03,Midway University Eagles,60,Bellarmine Knights,99,"Knights Hall, Louisville, KY"
2025-12-03,Austin Peay Governors,84,Kent State Golden Flashes,96,"M.A.C. Center, Kent, OH"
2025-12-03,Maine Black Bears,57,Ohio Bobcats,79,"Convocation Center (OH), Athens, OH"
2025-12-03,Loyola Maryland Greyhounds,71,Hampton Pirates,93,"Convocation Center (VA), Hampton, VA"
2025-12-03,Navy Midshipmen,66,Delaware State Hornets,59,"Memorial Hall (DE), Dover, DE"
2025-12-03,Coppin State Eagles,49,West Virginia Mountaineers,91,"WVU Coliseum, Morgantown, WV"
2025-12-03,Hofstra Pride,70,Columbia Lions,72,"Levien Gymnasium, New York, NY"
2025-12-03,Cleveland State Vikings,80,Northern Kentucky Norse,95,"Truist Arena, Highland Heights, KY"
2025-12-03,Purdue Fort Wayne Mastodons,92,Oakland Golden Grizzlies,101,"OU Credit Union O'rena, Rochester, MI"
2025-12-03,IU Indianapolis Jaguars,78,Detroit Mercy Titans,92,"Calihan Hall, Detroit, MI"
2025-12-03,Bloomsburg Huskies,43,St. Bonaventure Bonnies,83,"Reilly Center, Saint Bonaventure, NY"
2025-12-03,Sacred Heart Pioneers,87,Mount St. Mary's Mountaineers,80,"Knott Arena, Emmitsburg, MD"
2025-12-03,Central Connecticut Blue Devils,61,Seton Hall Pirates,77,"Walsh Gymnasium, South Orange, NJ"
2025-12-03,Harvard Crimson,71,Massachusetts Minutemen,78,"Mullins Center, Amherst, MA"
2025-12-03,Penn State-Shenango Nittany Lions,41,Saint Francis Red Flash,100,"DeGol Arena, Loretto, PA"
2025-12-03,Bucknell Bison,77,Akron Zips,97,"James A. Rhodes Arena, Akron, OH"
2025-12-03,UT Rio Grande Valley Vaqueros,60,Stephen F. Austin Lumberjacks,73,"William R. Johnson Coliseum, Nacogdoches, TX"
2025-12-03,LSU Tigers,78,Boston College Eagles,69,"Conte Forum, Chestnut Hill, MA"
2025-12-03,Mississippi Valley State Delta Devils,52,UL Monroe Warhawks,66,"Fant-Ewing Coliseum, Monroe, LA"
2025-12-03,Little Rock Trojans,47,Central Arkansas Bears,85,"Farris Center, Conway, AR"
2025-12-03,Brandeis Judges,61,Yale Bulldogs,79,"John J. Lee Amphitheater, New Haven, CT"
2025-12-03,Richmond Spiders,84,Belmont Bruins,76,"Curb Event Center Arena, Nashville, TN"
2025-12-03,Tennessee State Tigers,53,Alabama A&M Bulldogs,80,"Event Center, Huntsville, AL"
2025-12-03,Howard Payne Yellow Jackets,54,Tarleton State Texans,119,"Wisdom Gym, Stephenville, TX"
2025-12-03,Northern Colorado Bears,75,Omaha Mavericks,70,"Baxter Arena, Omaha, NE"
2025-12-03,South Dakota State Jackrabbits,75,Northern Arizona Lumberjacks,62,"J. Lawrence Walkup Skydome, Flagstaff, AZ"
2025-12-03,Princeton Tigers,58,Monmouth Hawks,63,"OceanFirst Bank Center, West Long Branch, NJ"
2025-12-03,Idaho State Bengals,68,Kansas City Roos,59,"Swinney Center, Kansas City, MO"
2025-12-03,UMBC Retrievers,81,Georgetown Hoyas,90,"Capital One Arena, Washington, DC"
2025-12-03,Ball State Cardinals,52,Evansville Purple Aces,64,"Ford Center, Evansville, IN"
2025-12-03,Eastern Kentucky Colonels,78,Illinois State Redbirds,89,"CEFCU Arena, Normal, IL"
2025-12-03,Portland State Vikings,77,South Dakota Coyotes,71,"Sanford Coyote Sports Center, Vermillion, SD"
2025-12-03,New Orleans Privateers,70,Memphis Tigers,86,"FedExForum, Memphis, TN"
2025-12-03,North Dakota State Bison,81,Montana Grizzlies,72,"Dahlberg Arena, Missoula, MT"
2025-12-03,Oral Roberts Golden Eagles,66,Weber State Wildcats,92,"Dee Events Center, Ogden, UT"
2025-12-03,Texas State Bobcats,72,Rice Owls,77,"Tudor Fieldhouse, Houston, TX"
2025-12-03,St. Thomas-Minnesota Tommies,74,Montana State Bobcats,82,"Worthington Arena, Bozeman, MT"
2025-12-03,Northwestern Wildcats,73,Wisconsin Badgers,85,"Kohl Center, Madison, WI"
2025-12-03,North Dakota Fighting Hawks,58,Idaho Vandals,90,"ICCU Arena, Moscow, ID"
2025-12-03,Eastern Washington Eagles,89,Denver Pioneers,93,"Hamilton Gymnasium, Denver, CO"
2025-12-03,Pacific Tigers,80,Air Force Falcons,65,"Clune Arena, Colorado Springs, CO"
2025-12-03,Virginia Cavaliers,88,Texas Longhorns,69,"Moody Center, Austin, TX"
2025-12-03,Mississippi State Bulldogs,85,Georgia Tech Yellow Jackets,73,"McCamish Pavilion, Atlanta, GA"
2025-12-03,Vermont Catamounts,58,Oregon State Beavers,80,"Gill Coliseum, Corvallis, OR"
2025-12-03,Puget Sound Loggers,43,Seattle U Redhawks,97,"Redhawk Center, Seattle, WA"
2025-12-03,Utah Tech Trailblazers,80,Santa Clara Broncos,90,"Leavey Center, Santa Clara, CA"
2025-12-03,Utah Valley Wolverines,66,San Diego State Aztecs,77,"Viejas Arena, San Diego, CA"
2025-12-03,North Alabama Lions,65,San Francisco Dons,63,"The Sobrato Center, San Francisco, CA"
2025-12-03,UCLA Bruins,82,Washington Huskies,80,"Alaska Airlines Arena, Seattle, WA"
2025-12-04,Manor College Blue Jays,38,Fairleigh Dickinson Knights,86,"Bogota Savings Bank Center, Hackensack, NJ"
2025-12-04,The Citadel Bulldogs,63,Davidson Wildcats,79,"John M. Belk Arena, Davidson, NC"
2025-12-04,Utah State Aggies,61,South Florida Bulls,74,"Yuengling Center, Tampa, FL"
2025-12-04,Rider Broncs,66,Merrimack Warriors,68,"Hammel Court, North Andover, MA"
2025-12-04,Warren Wilson Owls,63,Charleston Southern Buccaneers,124,"Buccaneer Fieldhouse, Charleston, SC"
2025-12-04,Robert Morris Colonials,80,Green Bay Phoenix,78,"Resch Center, Ashwaubenon, WI"
2025-12-04,Long Beach State Beach,77,UC Santa Barbara Gauchos,84,"The Thunderdome, Santa Barbara, CA"
2025-12-04,Cal State Bakersfield Roadrunners,66,Cal State Northridge Matadors,87,"Premier America Credit Union Arena, Northridge, CA"
2025-12-04,Cal Poly Mustangs,94,Cal State Fullerton Titans,91,"Titan Gym, Fullerton, CA"
2025-12-04,UC Riverside Highlanders,60,UC Irvine Anteaters,73,"Bren Events Center, Irvine, CA"
2025-12-04,UC Davis Aggies,69,Hawai'i Rainbow Warriors,75,"Stan Sheriff Center, Honolulu, HI"
2025-12-05,East Texas A&M Lions,59,UConn Huskies,83,"Gampel Pavilion, Storrs, CT"
2025-12-05,Gonzaga Bulldogs,94,Kentucky Wildcats,59,"Bridgestone Arena, Nashville, TN"
2025-12-05,South Carolina State Bulldogs,59,Bethune-Cookman Wildcats,80,"Moore Gymnasium (FL), Daytona Beach, FL"
2025-12-05,NJIT Highlanders,72,High Point Panthers,89,"Qubein Center, High Point, NC"
2025-12-05,South Alabama Jaguars,65,East Tennessee State Buccaneers,91,"Freedom Hall (TN), Johnson City, TN"
2025-12-05,Lewis & Clark Pioneers,87,Portland Pilots,104,"Chiles Center, Portland, OR"
2025-12-05,Samford Bulldogs,57,VCU Rams,83,"Siegel Center, Richmond, VA"
2025-12-05,Quinnipiac Bobcats,89,Iona Gaels,68,"Hynes Athletics Center, New Rochelle, NY"
2025-12-05,Mercyhurst Lakers,71,Lafayette Leopards,79,"Kirby Sports Center, Easton, PA"
2025-12-05,Bryant Bulldogs,56,Brown Bears,75,"Pizzitola Sports Center, Providence, RI"
2025-12-05,Niagara Purple Eagles,54,Siena Saints,83,"MVP Arena, Albany, NY"
2025-12-05,Canisius Golden Griffins,57,Saint Peter's Peacocks,69,"Yanitelli Center, Jersey City, NJ"
2025-12-05,Mount St. Mary's Mountaineers,56,Marist Red Foxes,64,"McCann Arena, Poughkeepsie, NY"
2025-12-05,Fairfield Stags,66,Manhattan Jaspers,70,"Draddy Gymnasium, Riverdale, NY"
2025-12-05,Cleary University Cougars,48,Eastern Michigan Eagles,86,"Gervin GameAbove Center, Ypsilanti, MI"
2025-12-05,UAB Blazers,74,Drake Bulldogs,69,"Knapp Center, Des Moines, IA"
2025-12-05,Christendom Crusaders,36,VMI Keydets,89,"Cameron Hall, Lexington, VA"
2025-12-05,Cincinnati Bearcats,74,Xavier Musketeers,79,"Cintas Center, Cincinnati, OH"
2025-12-05,Northwestern State Demons,54,McNeese Cowboys,92,"Townsley Law Arena, Lake Charles, LA"
2025-12-05,Notre Dame Fighting Irish,87,TCU Horned Frogs,85,"Schollmaier Arena, Fort Worth, TX"
2025-12-05,San Diego Toreros,69,San José State Spartans,86,"Provident Credit Union Event Center, San Jose, CA"
2025-12-06,Iowa State Cyclones,81,Purdue Boilermakers,58,"Mackey Arena, West Lafayette, IN"
2025-12-06,Auburn Tigers,68,Arizona Wildcats,97,"McKale Memorial Center, Tucson, AZ"
2025-12-06,Rutgers Scarlet Knights,60,Michigan Wolverines,101,"Crisler Center, Ann Arbor, MI"
2025-12-06,Duke Blue Devils,66,Michigan State Spartans,60,"Breslin Center, East Lansing, MI"
2025-12-06,Indiana Hoosiers,78,Louisville Cardinals,87,"Gainbridge Fieldhouse, Indianapolis, IN"
2025-12-06,Florida State Seminoles,67,Houston Cougars,82,"Toyota Center (Houston), Houston, TX"
2025-12-06,Illinois Fighting Illini,75,Tennessee Volunteers,62,"Bridgestone Arena, Nashville, TN"
2025-12-06,Ole Miss Rebels,58,St. John's Red Storm,63,"Madison Square Garden, New York, NY"
2025-12-06,Washington Huskies,84,USC Trojans,76,"Galen Center, Los Angeles, CA"
2025-12-06,Fresno State Bulldogs,58,Arkansas Razorbacks,82,"Simmons Bank Arena, North Little Rock, AR"
2025-12-06,Monmouth Hawks,67,Georgia Tech Yellow Jackets,79,"McCamish Pavilion, Atlanta, GA"
2025-12-06,New Haven Chargers,63,Boston College Eagles,67,"Conte Forum, Chestnut Hill, MA"
2025-12-06,Rhode Island Rams,71,Providence Friars,90,"Amica Mutual Pavilion, Providence, RI"
2025-12-06,Dayton Flyers,73,Virginia Cavaliers,86,"Spectrum Center, Charlotte, NC"
2025-12-06,Southern Miss Golden Eagles,64,Miami Hurricanes,88,"Watsco Center, Coral Gables, FL"
2025-12-06,UMBC Retrievers,73,Bucknell Bison,66,"Sojka Pavilion, Lewisburg, PA"
2025-12-06,Old Dominion Monarchs,77,Richmond Spiders,86,"Robins Center, Richmond, VA"
2025-12-06,Bryant Str-Alb Bobcats,36,Wagner Seahawks,92,"Spiro Sports Center, Staten Island, NY"
2025-12-06,Utah Valley Wolverines,82,Bowling Green Falcons,71,"Stroh Center, Bowling Green, OH"
2025-12-06,Maine Black Bears,61,Miami (OH) RedHawks,93,"Millett Hall, Oxford, OH"
2025-12-06,UNC Asheville Bulldogs,63,NC State Wolfpack,75,"Lenovo Center, Raleigh, NC"
2025-12-06,Drexel Dragons,64,La Salle Explorers,69,"John Glaser Arena, Philadelphia, PA"
2025-12-06,Hannibal-Lagrange Trojans,47,Western Illinois Leathernecks,78,"Western Hall, Macomb, IL"
2025-12-06,St. John Fisher Cardinals,50,Colgate Raiders,94,"Cotterell Court, Hamilton, NY"
2025-12-06,Western Michigan Broncos,83,SIU Edwardsville Cougars,73,"First Community Arena, Edwardsville, IL"
2025-12-06,Norfolk State Spartans,67,James Madison Dukes,68,"Atlantic Union Bank Center, Harrisonburg, VA"
2025-12-06,Delaware Blue Hens,72,Delaware State Hornets,75,"Memorial Hall (DE), Dover, DE"
2025-12-06,Coastal Carolina Chanticleers,88,Winthrop Eagles,84,"Winthrop Coliseum, Rock Hill, SC"
2025-12-06,Georgia Southern Eagles,88,Gardner-Webb Runnin' Bulldogs,84,"Paul Porter Arena, Boiling Springs, NC"
2025-12-06,Morehead State Eagles,72,Presbyterian Blue Hose,80,"Templeton Center, Clinton, SC"
2025-12-06,Western Carolina Catamounts,67,South Carolina Upstate Spartans,78,"G.B. Hodge Center, Spartanburg, SC"
2025-12-06,Ohio State Buckeyes,86,Northwestern Wildcats,82,"Welsh-Ryan Arena, Evanston, IL"
2025-12-06,Tennessee Tech Golden Eagles,87,West Georgia Wolves,59,"The Coliseum, Carrollton, GA"
2025-12-06,Stetson Hatters,51,South Carolina Gamecocks,82,"Colonial Life Arena, Columbia, SC"
2025-12-06,Jacksonville Dolphins,65,Florida International Panthers,88,"Ocean Bank Convocation Center, Miami, FL"
2025-12-06,Maryland Eastern Shore Hawks,60,American University Eagles,78,"Bender Arena, Washington, DC"
2025-12-06,Marquette Golden Eagles,76,Wisconsin Badgers,96,"Kohl Center, Madison, WI"
2025-12-06,Coppin State Eagles,50,Liberty Flames,92,"Liberty Arena (VA), Lynchburg, VA"
2025-12-06,Boise State Broncos,77,Butler Bulldogs,68,"Hinkle Fieldhouse, Indianapolis, IN"
2025-12-06,Youngstown State Penguins,78,IU Indianapolis Jaguars,55,"The Jungle, Indianapolis, IN"
2025-12-06,Detroit Mercy Titans,71,Cleveland State Vikings,59,"Wolstein Center, Cleveland, OH"
2025-12-06,Northern Kentucky Norse,77,Purdue Fort Wayne Mastodons,79,"Memorial Coliseum (IN), Fort Wayne, IN"
2025-12-06,St. Bonaventure Bonnies,77,Buffalo Bulls,69,"Alumni Arena, Buffalo, NY"
2025-12-06,Stony Brook Seawolves,75,Duquesne Dukes,84,"UPMC Cooper Fieldhouse, Pittsburgh, PA"
2025-12-06,Holy Cross Crusaders,70,Fordham Rams,69,"Rose Hill Gym, Bronx, NY"
2025-12-06,Harvard Crimson,69,Furman Paladins,79,"Timmons Arena, Greenville, SC"
2025-12-06,Princeton Tigers,68,Loyola Chicago Ramblers,73,"Gentile Arena, Chicago, IL"
2025-12-06,Georgia State Panthers,69,Kennesaw State Owls,92,"KSU Convocation Center, Kennesaw, GA"
2025-12-06,Idaho Vandals,84,South Dakota State Jackrabbits,81,"First Bank & Trust Arena, Brookings, SD"
2025-12-06,Toledo Rockets,97,Oakland Golden Grizzlies,98,"OU Credit Union O'rena, Rochester, MI"
2025-12-06,Missouri State Bears,74,Tulsa Golden Hurricane,98,"Reynolds Center, Tulsa, OK"
2025-12-06,Bellarmine Knights,68,Murray State Racers,81,"CFSB Center, Murray, KY"
2025-12-06,Calumet Crimson Wave,58,Valparaiso Beacons,98,"Athletics-Recreation Center, Valparaiso, IN"
2025-12-06,George Mason Patriots,62,Virginia Tech Hokies,73,"Cassell Coliseum, Blacksburg, VA"
2025-12-06,Indiana University East IU EAST,67,Eastern Kentucky Colonels,122,"Baptist Health Arena, Richmond, KY"
2025-12-06,North Carolina A&T Aggies,69,North Carolina Central Eagles,54,"McDougald-McLendon Arena, Durham, NC"
2025-12-06,Elon Phoenix,73,Wofford Terriers,52,"Jerry Richardson Indoor Stadium, Spartanburg, SC"
2025-12-06,Marshall Thundering Herd,81,Ohio Bobcats,88,"Convocation Center (OH), Athens, OH"
2025-12-06,Champion Christian Tigers,62,Prairie View A&M Panthers,124,"William Nicks Building, Prairie View, TX"
2025-12-06,UMass Lowell River Hawks,60,Massachusetts Minutemen,80,"Mullins Center, Amherst, MA"
2025-12-06,Maryland Terrapins,64,Iowa Hawkeyes,83,"Carver-Hawkeye Arena, Iowa City, IA"
2025-12-06,Dartmouth Big Green,80,Wyoming Cowboys,93,"Arena-Auditorium, Laramie, WY"
2025-12-06,UNC Wilmington Seahawks,70,Louisiana Ragin' Cajuns,63,"Cajundome, Lafayette, LA"
2025-12-06,New Mexico State Aggies,69,Abilene Christian Wildcats,77,"Moody Coliseum (Abilene), Abilene, TX"
2025-12-06,Evansville Purple Aces,79,Western Kentucky Hilltoppers,80,"E.A. Diddle Arena, Bowling Green, KY"
2025-12-06,Roberts Wesleyan Redhawks,68,Kent State Golden Flashes,111,"M.A.C. Center, Kent, OH"
2025-12-06,UNC Greensboro Spartans,82,East Carolina Pirates,78,"Minges Coliseum, Greenville, NC"
2025-12-06,Le Moyne Dolphins,78,Binghamton Bearcats,63,"Events Center (Binghamton), Binghamton, NY"
2025-12-06,Akron Zips,88,Tulane Green Wave,71,"Devlin Fieldhouse, New Orleans, LA"
2025-12-06,Seton Hall Pirates,78,Kansas State Wildcats,67,"Bramlage Coliseum, Manhattan, KS"
2025-12-06,Longwood Lancers,84,Morgan State Bears,80,"Hill Field House, Baltimore, MD"
2025-12-06,Incarnate Word Cardinals,67,Nicholls Colonels,74,"David R. Stopher Gymnasium, Thibodaux, LA"
2025-12-06,Saint Joseph's Hawks,70,Temple Owls,69,"Xfinity Mobile Arena, Philadelphia, PA"
2025-12-06,Southeast Missouri State Redhawks,74,Chattanooga Mocs,70,"McKenzie Arena, Chattanooga, TN"
2025-12-06,LaGrange Panthers,47,Troy Trojans,101,"Trojan Arena, Troy, AL"
2025-12-06,Baylor Bears,71,Memphis Tigers,78,"FedExForum, Memphis, TN"
2025-12-06,Omaha Mavericks,60,Portland State Vikings,55,"Viking Pavilion, Portland, OR"
2025-12-06,Vermont Catamounts,65,Pepperdine Waves,56,"Firestone Fieldhouse, Malibu, CA"
2025-12-06,Southern Utah Thunderbirds,70,Oregon State Beavers,81,"Gill Coliseum, Corvallis, OR"
2025-12-06,Kansas City Roos,66,Eastern Washington Eagles,90,"Reese Court, Cheney, WA"
2025-12-06,Sam Houston Bearkats,82,Texas Southern Tigers,70,"H&PE Arena, Houston, TX"
2025-12-06,Colorado Buffaloes,86,Colorado State Rams,91,"Moby Arena, Fort Collins, CO"
2025-12-06,Elms College Blazers,34,Brown Bears,115,"Pizzitola Sports Center, Providence, RI"
2025-12-06,Pacific Tigers,61,California Golden Bears,67,"Haas Pavilion, Berkeley, CA"
2025-12-06,Long Island University Sharks,87,Lehigh Mountain Hawks,82,"Stabler Arena, Bethlehem, PA"
2025-12-06,Florida Memorial FLORIDA MEMORIAL,58,Florida A&M Rattlers,60,"State Farm Field House, Kissimmee, FL"
2025-12-06,UAlbany Great Danes,65,Columbia Lions,93,"Levien Gymnasium, New York, NY"
2025-12-06,Bowie State Bulldogs,69,Howard Bison,85,"Burr Gymnasium, Washington, DC"
2025-12-06,Oregon Ducks,63,UCLA Bruins,74,"Pauley Pavilion, Los Angeles, CA"
2025-12-06,Denver Pioneers,79,Idaho State Bengals,93,"Reed Gym, Pocatello, ID"
2025-12-06,Wake Forest Demon Deacons,75,West Virginia Mountaineers,66,"Charleston Coliseum, Charleston, WV"
2025-12-06,William & Mary Tribe,86,George Washington Revolutionaries,99,"Charles E. Smith Center, Washington, DC"
2025-12-06,Houston Christian Huskies,85,New Orleans Privateers,76,"Lakefront Arena, New Orleans, LA"
2025-12-06,Boston University Terriers,82,New Hampshire Wildcats,88,"Lundholm Gymnasium, Durham, NH"
2025-12-06,Texas A&M-Corpus Christi Islanders,57,Lamar Cardinals,49,"Montagne Center, Beaumont, TX"
2025-12-06,California Baptist Lancers,85,Utah Utes,91,"Jon M. Huntsman Center, Salt Lake City, UT"
2025-12-06,UC Riverside Highlanders,88,Cal Poly Mustangs,84,"Mott Athletics Center, San Luis Obispo, CA"
2025-12-06,Pennsylvania Quakers,63,Villanova Wildcats,90,"Xfinity Mobile Arena, Philadelphia, PA"
2025-12-06,Oklahoma State Cowboys,84,Grand Canyon Lopes,78,"Mortgage Matchup Center, Phoenix, AZ"
2025-12-06,Montana Grizzlies,79,North Dakota Fighting Hawks,75,"Betty Engelstad Sioux Center, Grand Forks, ND"
2025-12-06,Northern Arizona Lumberjacks,68,North Dakota State Bison,69,"Scheels Center, Fargo, ND"
2025-12-06,Montana State Bobcats,68,Oral Roberts Golden Eagles,72,"Mabee Center, Tulsa, OK"
2025-12-06,Northern Illinois Huskies,55,Bradley Braves,84,"Carver Arena, Peoria, IL"
2025-12-06,Wichita State Shockers,74,Northern Iowa Panthers,69,"McLeod Center, Cedar Falls, IA"
2025-12-06,Robert Morris Colonials,72,Milwaukee Panthers,74,"UW-Milwaukee Panther Arena, Milwaukee, WI"
2025-12-06,Chicago State Cougars,53,Illinois State Redbirds,95,"CEFCU Arena, Normal, IL"
2025-12-06,South Dakota Coyotes,87,Northern Colorado Bears,89,"Bank of Colorado Arena, Greeley, CO"
2025-12-06,Lindenwood Lions,82,Eastern Illinois Panthers,74,"Groniger Arena, Charleston, IL"
2025-12-06,Arkansas-Pine Bluff Golden Lions,72,DePaul Blue Demons,76,"Wintrust Arena, Chicago, IL"
2025-12-06,Santa Clara Broncos,71,New Mexico Lobos,98,"The Pit, Albuquerque, NM"
2025-12-06,Cal State Bakersfield Roadrunners,84,UC Santa Barbara Gauchos,109,"The Thunderdome, Santa Barbara, CA"
2025-12-06,UC San Diego Tritons,80,Long Beach State Beach,74,"Walter Pyramid, Long Beach, CA"
2025-12-06,Arkansas State Red Wolves,90,Little Rock Trojans,78,"Jack Stephens Center, Little Rock, AR"
2025-12-06,Oklahoma Sooners,70,Arizona State Sun Devils,86,"Mortgage Matchup Center, Phoenix, AZ"
2025-12-06,Cal State Northridge Matadors,71,UC Irvine Anteaters,85,"Bren Events Center, Irvine, CA"
2025-12-06,Cal State Fullerton Titans,59,Hawai'i Rainbow Warriors,69,"Stan Sheriff Center, Honolulu, HI"
2025-12-07,North Florida Ospreys,58,Gonzaga Bulldogs,109,"McCarthey Athletic Center, Spokane, WA"
2025-12-07,UTSA Roadrunners,55,Alabama Crimson Tide,97,"Coleman Coliseum, Tuscaloosa, AL"
2025-12-07,Georgetown Hoyas,61,North Carolina Tar Heels,81,"Dean E. Smith Center, Chapel Hill, NC"
2025-12-07,LSU Tigers,58,Texas Tech Red Raiders,82,"Dickies Arena, Fort Worth, TX"
2025-12-07,Missouri Tigers,60,Kansas Jayhawks,80,"T-Mobile Center, Kansas City, MO"
2025-12-07,Gallaudet Bison,53,Army Black Knights,111,"Christl Arena, West Point, NY"
2025-12-07,Air Force Falcons,56,Navy Midshipmen,61,"Alumni Hall (Navy), Annapolis, MD"
2025-12-07,Southern Indiana Screaming Eagles,55,Indiana State Sycamores,77,"Hulman Center, Terre Haute, IN"
2025-12-07,Weber State Wildcats,65,St. Thomas-Minnesota Tommies,88,"Lee & Penny Anderson Arena, Saint Paul, MN"
2025-12-07,Fairfield Stags,63,Merrimack Warriors,74,"Lawler Arena, North Andover, MA"
2025-12-07,Central Connecticut Blue Devils,56,Northeastern Huskies,73,"Cabot Center, Boston, MA"
2025-12-07,Austin Peay Governors,50,UT Rio Grande Valley Vaqueros,63,"UTRGV Fieldhouse, Edinburg, TX"
2025-12-07,Saint Mary's Gaels,70,Davidson Wildcats,61,"John M. Belk Arena, Davidson, NC"
2025-12-07,Tusculum Pioneers,62,East Tennessee State Buccaneers,78,"Freedom Hall (TN), Johnson City, TN"
2025-12-07,Iona Gaels,81,Sacred Heart Pioneers,69,"William H. Pitt Center, Fairfield, CT"
2025-12-07,Oglethorpe Stormy Petrels,50,Mercer Bears,100,"Hawkins Arena, Macon, GA"
2025-12-07,Florida Atlantic Owls,81,Florida Gulf Coast Eagles,76,"Alico Arena, Fort Myers, FL"
2025-12-07,Utah State Aggies,79,Charlotte 49ers,53,"Halton Arena, Charlotte, NC"
2025-12-07,Rider Broncs,58,Quinnipiac Bobcats,72,"M&T Bank Arena, Hamden, CT"
2025-12-07,Bethany (WV) Bison,51,Mercyhurst Lakers,80,"Mercyhurst Athletic Center, Erie, PA"
2025-12-07,UIC Flames,66,Yale Bulldogs,80,"John J. Lee Amphitheater, New Haven, CT"
2025-12-07,Niagara Purple Eagles,43,Saint Peter's Peacocks,71,"Yanitelli Center, Jersey City, NJ"
2025-12-07,Canisius Golden Griffins,52,Siena Saints,74,"MVP Arena, Albany, NY"
2025-12-07,Manhattan Jaspers,68,Marist Red Foxes,80,"McCann Arena, Poughkeepsie, NY"
2025-12-07,Saint Francis Red Flash,56,Radford Highlanders,89,"The Dedmon Center, Radford, VA"
2025-12-07,UL Monroe Warhawks,76,Stephen F. Austin Lumberjacks,96,"William R. Johnson Coliseum, Nacogdoches, TX"
2025-12-07,Alabama State Hornets,64,UT Martin Skyhawks,74,"Kathleen and Tom Elam Center, Martin, TN"
2025-12-07,Ecclesia Royals,37,Louisiana Tech Bulldogs,89,"Thomas Assembly Center, Ruston, LA"
2025-12-07,Central Michigan Chippewas,65,Saint Louis Billikens,107,"Chaifetz Arena, St. Louis, MO"
2025-12-07,Virginia-Lynchburg Dragons,62,Campbell Fighting Camels,149,"John W. Pope Jr. Convocation Center, Buies Creek, NC"
2025-12-07,San Francisco Dons,65,Mississippi State Bulldogs,62,"Cadence Bank Arena, Tupelo, MS"
2025-12-07,Towson Tigers,61,UCF Knights,86,"Addition Financial Arena, Orlando, FL"
2025-12-07,Aquinas Saints,50,Bowling Green Falcons,131,"Stroh Center, Bowling Green, OH"
2025-12-07,UNLV Rebels,75,Stanford Cardinal,74,"Maples Pavilion, Stanford, CA"
2025-12-07,Hofstra Pride,80,Pittsburgh Panthers,73,"Petersen Events Center, Pittsburgh, PA"
2025-12-07,Belmont Bruins,83,Middle Tennessee Blue Raiders,62,"Murphy Center, Murfreesboro, TN"
2025-12-07,Northwestern State Demons,76,SE Louisiana Lions,68,"University Center, Hammond, LA"
2025-12-07,Auburn-Montgomery Senators,39,Jacksonville State Gamecocks,66,"Pete Mathews Coliseum, Jacksonville, AL"
2025-12-07,Alabama A&M Bulldogs,58,Lipscomb Bisons,92,"Allen Arena, Nashville, TN"
2025-12-07,Nevada Wolf Pack,78,Washington State Cougars,64,"Beasley Coliseum, Pullman, WA"
2025-12-07,Creighton Bluejays,50,Nebraska Cornhuskers,71,"Pinnacle Bank Arena, Lincoln, NE"
2025-12-07,Green Bay Phoenix,58,Wright State Raiders,86,"Nutter Center, Dayton, OH"
2025-12-07,Texas A&M Aggies,80,SMU Mustangs,93,"College Park Center, Arlington, TX"
2025-12-07,Cameron Aggies,63,Tarleton State Texans,93,"Wisdom Gym, Stephenville, TX"
2025-12-07,TCU Horned Frogs,65,North Texas Mean Green,55,"Dickies Arena, Fort Worth, TX"
2025-12-07,Central Arkansas Bears,68,East Texas A&M Lions,75,"The Field House, Commerce, TX"
2025-12-07,Cornell Big Red,90,Samford Bulldogs,93,"Pete Hanna Center, Homewood, AL"
2025-12-07,UTEP Miners,68,Seattle U Redhawks,75,"Climate Pledge Arena, Seattle, WA"
2025-12-08,Southern Wesleyan Warriors,66,Kennesaw State Owls,121,"KSU Convocation Center, Kennesaw, GA"
2025-12-08,Lafayette Leopards,72,Pennsylvania Quakers,74,"The Palestra, Philadelphia, PA"
2025-12-08,South Carolina State Bulldogs,44,Charleston Southern Buccaneers,84,"Buccaneer Fieldhouse, Charleston, SC"
2025-12-08,Grambling Tigers,60,Southern Miss Golden Eagles,68,"Reed Green Coliseum, Hattiesburg, MS"
2025-12-08,Southern Jaguars,69,Texas Longhorns,95,"Moody Center, Austin, TX"
2025-12-08,Mississippi Valley State Delta Devils,49,Kansas State Wildcats,108,"Bramlage Coliseum, Manhattan, KS"
2025-12-08,Incarnate Word Cardinals,83,New Orleans Privateers,84,"Lakefront Arena, New Orleans, LA"
2025-12-09,Villanova Wildcats,61,Michigan Wolverines,89,"Crisler Center, Ann Arbor, MI"
2025-12-09,Florida Gators,73,UConn Huskies,77,"Madison Square Garden, New York, NY"
2025-12-09,Clemson Tigers,64,BYU Cougars,67,"Madison Square Garden, New York, NY"
2025-12-09,Illinois Fighting Illini,88,Ohio State Buckeyes,80,"Value City Arena, Columbus, OH"
2025-12-09,Maryland Eastern Shore Hawks,60,Virginia Cavaliers,84,"John Paul Jones Arena, Charlottesville, VA"
2025-12-09,Arkansas Baptist Buffaloes,69,UL Monroe Warhawks,79,"Fant-Ewing Coliseum, Monroe, LA"
2025-12-09,Buffalo Bulls,83,UMBC Retrievers,79,"Chesapeake Employers Insurance Arena, Baltimore, MD"
2025-12-09,Loyola Maryland Greyhounds,70,VMI Keydets,86,"Cameron Hall, Lexington, VA"
2025-12-09,Regis Pride,47,Holy Cross Crusaders,69,"Hart Center, Worcester, MA"
2025-12-09,Toccoa Falls Eagles,62,Winthrop Eagles,111,"Winthrop Coliseum, Rock Hill, SC"
2025-12-09,Bob Jones Bruins,57,Furman Paladins,105,"Timmons Arena, Greenville, SC"
2025-12-09,Southern Wesleyan Warriors,73,The Citadel Bulldogs,98,"McAlister Field House, Charleston, SC"
2025-12-09,Oakwood Ambassadors,46,Chattanooga Mocs,103,"McKenzie Arena, Chattanooga, TN"
2025-12-09,North Carolina Central Eagles,67,Kentucky Wildcats,103,"Rupp Arena, Lexington, KY"
2025-12-09,North Carolina A&T Aggies,69,Howard Bison,73,"Cameron Indoor Stadium, Durham, NC"
2025-12-09,Georgian Court Lions,57,Temple Owls,103,"Liacouras Center, Philadelphia, PA"
2025-12-09,Brescia Bearcats,53,Northern Kentucky Norse,92,"Truist Arena, Highland Heights, KY"
2025-12-09,Coppin State Eagles,65,Saint Joseph's Hawks,87,"Michael J. Hagan '85 Arena, Philadelphia, PA"
2025-12-09,Culver-Stockton Wildcats,44,Lindenwood Lions,110,"Hyland Arena, Saint Charles, MO"
2025-12-09,South Dakota State Jackrabbits,68,Ball State Cardinals,64,"Worthen Arena, Muncie, IN"
2025-12-09,Little Rock Trojans,58,West Virginia Mountaineers,90,"WVU Coliseum, Morgantown, WV"
2025-12-09,Columbia Lions,73,Stony Brook Seawolves,77,"Stony Brook Arena, Stony Brook, NY"
2025-12-09,McNeese Cowboys,66,Rhode Island Rams,64,"Thomas M. Ryan Center, Kingston, RI"
2025-12-09,Bucknell Bison,51,Rider Broncs,38,"Alumni Gymnasium (Rider), Lawrenceville, NJ"
2025-12-09,Brown Bears,79,Providence Friars,86,"Amica Mutual Pavilion, Providence, RI"
2025-12-09,Doane Tigers,70,Omaha Mavericks,79,"Baxter Arena, Omaha, NE"
2025-12-09,Morgan State Bears,49,DePaul Blue Demons,92,"Wintrust Arena, Chicago, IL"
2025-12-09,Penn State Nittany Lions,72,Indiana Hoosiers,113,"Simon Skjodt Assembly Hall, Bloomington, IN"
2025-12-09,South Dakota Coyotes,79,Wyoming Cowboys,106,"Arena-Auditorium, Laramie, WY"
2025-12-09,Colorado Christian Cougars,59,Denver Pioneers,95,"Hamilton Gymnasium, Denver, CO"
2025-12-09,USC Trojans,94,San Diego Toreros,81,"Jenny Craig Pavilion, San Diego, CA"
2025-12-09,Dartmouth Big Green,55,Colorado State Rams,76,"Moby Arena, Fort Collins, CO"
2025-12-09,Northern Arizona Lumberjacks,48,Arizona State Sun Devils,73,"Desert Financial Arena, Tempe, AZ"
2025-12-09,Long Beach State Beach,83,San José State Spartans,89,"Provident Credit Union Event Center, San Jose, CA"
2025-12-09,Dominican (CA) Penguins,71,California Golden Bears,93,"Haas Pavilion, Berkeley, CA"
2025-12-10,Minnesota Golden Gophers,57,Purdue Boilermakers,85,"Mackey Arena, West Lafayette, IN"
2025-12-10,Jackson State Tigers,38,Houston Cougars,80,"Fertitta Center, Houston, TX"
2025-12-10,Wisconsin Badgers,60,Nebraska Cornhuskers,90,"Pinnacle Bank Arena, Lincoln, NE"
2025-12-10,Norfolk State Spartans,67,Baylor Bears,97,"Foster Pavilion, Waco, TX"
2025-12-10,UAlbany Great Danes,82,Yale Bulldogs,93,"MassMutual Center, Springfield, MA"
2025-12-10,Merrimack Warriors,59,Princeton Tigers,56,"Jadwin Gymnasium, Princeton, NJ"
2025-12-10,Miami (OH) RedHawks,90,UNC Asheville Bulldogs,87,"Kimmel Arena, Asheville, NC"
2025-12-10,Fisher College Eagles,73,UMass Lowell River Hawks,122,"Kennedy Family Athletic Complex, Lowell, MA"
2025-12-10,Old Westbury Panthers,23,Hofstra Pride,92,"David S. Mack Sports and Exhibition Complex, Hempstead, NY"
2025-12-10,New Haven Chargers,64,NJIT Highlanders,70,"Joel & Diane Bloom Wellness and Events Center, Newark, NJ"
2025-12-10,Charleston Cougars,75,South Florida Bulls,81,"Yuengling Center, Tampa, FL"
2025-12-10,Saint Leo Monarchs,55,Florida Atlantic Owls,112,"Eleanor R. Baldwin Arena, Boca Raton, FL"
2025-12-10,Western Kentucky Hilltoppers,61,Marshall Thundering Herd,77,"Cam Henderson Center, Huntington, WV"
2025-12-10,New Mexico Lobos,81,VCU Rams,78,"Siegel Center, Richmond, VA"
2025-12-10,Maine Black Bears,69,Boston University Terriers,59,"Case Gym, Boston, MA"
2025-12-10,Bryant Bulldogs,63,Iona Gaels,69,"Hynes Athletics Center, New Rochelle, NY"
2025-12-10,Idaho Vandals,65,Notre Dame Fighting Irish,80,"Purcell Pavilion, South Bend, IN"
2025-12-10,Liberty Flames,45,NC State Wolfpack,85,"Lenovo Center, Raleigh, NC"
2025-12-10,Massachusetts Minutemen,76,Boston College Eagles,74,"MassMutual Center, Springfield, MA"
2025-12-10,Colgate Raiders,77,St. Bonaventure Bonnies,85,"Reilly Center, Saint Bonaventure, NY"
2025-12-10,Delaware Blue Hens,70,George Washington Revolutionaries,58,"Charles E. Smith Center, Washington, DC"
2025-12-10,Fairleigh Dickinson Knights,54,Fordham Rams,75,"Rose Hill Gym, Bronx, NY"
2025-12-10,Tougaloo Bulldogs,72,Tulane Green Wave,84,"Devlin Fieldhouse, New Orleans, LA"
2025-12-10,College Of Biblical Studies Ambassadors,49,Nicholls Colonels,117,"David R. Stopher Gymnasium, Thibodaux, LA"
2025-12-10,Crown College Polars,43,North Dakota Fighting Hawks,89,"Betty Engelstad Sioux Center, Grand Forks, ND"
2025-12-10,UT Martin Skyhawks,54,Southern Illinois Salukis,83,"Banterra Center, Carbondale, IL"
2025-12-10,Eastern Kentucky Colonels,68,Eastern Illinois Panthers,59,"Groniger Arena, Charleston, IL"
2025-12-10,Arkansas-Pine Bluff Golden Lions,84,Tulsa Golden Hurricane,117,"Reynolds Center, Tulsa, OK"
2025-12-10,Weber State Wildcats,64,Kansas City Roos,60,"Swinney Center, Kansas City, MO"
2025-12-10,Idaho State Bengals,69,Utah Valley Wolverines,73,"UCCU Center, Orem, UT"
2025-12-10,Eastern Michigan Eagles,65,Purdue Fort Wayne Mastodons,80,"Memorial Coliseum (IN), Fort Wayne, IN"
2025-12-10,Southern Jaguars,83,Texas State Bobcats,86,"Strahan Arena at the University Events Center, San Marcos, TX"
2025-12-10,Duquesne Dukes,64,Boise State Broncos,86,"ExtraMile Arena, Boise, ID"
2025-12-10,Lamar Cardinals,71,San Diego State Aztecs,89,"Viejas Arena, San Diego, CA"
2025-12-10,Fresno State Bulldogs,87,Cal State Northridge Matadors,89,"Premier America Credit Union Arena, Northridge, CA"
2025-12-10,Bethesda University Flames,66,Cal State Fullerton Titans,116,"Titan Gym, Fullerton, CA"
2025-12-10,Salish Kootenai Bison,46,Montana Grizzlies,102,"Dahlberg Arena, Missoula, MT"
2025-12-10,Hawai'i Hilo Vulcans,46,Hawai'i Rainbow Warriors,98,"Stan Sheriff Center, Honolulu, HI"
2025-12-11,Iowa Hawkeyes,62,Iowa State Cyclones,66,"Hilton Coliseum, Ames, IA"
2025-12-11,Green Bay Phoenix,85,IU Indianapolis Jaguars,75,"The Jungle, Indianapolis, IN"
2025-12-11,Bloomfield Deacons,93,Wagner Seahawks,95,"Spiro Sports Center, Staten Island, NY"
2025-12-11,Coastal Georgia Mariner,58,Georgia Southern Eagles,100,"Jack and Ruth Ann Hill Convocation Center, Statesboro, GA"
2025-12-11,Trinity College of Jacksonville Eagles,49,Jacksonville Dolphins,122,"Swisher Gymnasium, Jacksonville, FL"
2025-12-11,App State Mountaineers,67,East Carolina Pirates,54,"Minges Coliseum, Greenville, NC"
2025-12-11,Western Carolina Catamounts,74,Virginia Tech Hokies,96,"Cassell Coliseum, Blacksburg, VA"
2025-12-11,UT Arlington Mavericks,58,UT Rio Grande Valley Vaqueros,50,"UTRGV Fieldhouse, Edinburg, TX"
2025-12-11,Saint John's (MN) Johnnies,56,St. Thomas-Minnesota Tommies,80,"Lee & Penny Anderson Arena, Saint Paul, MN"
2025-12-11,Alabama State Hornets,77,Missouri Tigers,85,"Mizzou Arena, Columbia, MO"
2025-12-11,Alaska Anchorage Seawolves,61,Denver Pioneers,97,"Hamilton Gymnasium, Denver, CO"
2025-12-11,Saint Joseph's Hawks,63,Syracuse Orange,71,"JMA Wireless Dome, Syracuse, NY"
2025-12-11,North Dakota State Bison,80,Cal State Bakersfield Roadrunners,69,"Icardo Center, Bakersfield, CA"
2025-12-12,Texas Longhorns,63,UConn Huskies,71,"PeoplesBank Arena, Hartford, CT"
2025-12-12,Army Black Knights,63,UMBC Retrievers,60,"Chesapeake Employers Insurance Arena, Baltimore, MD"
2025-12-12,William Peace Pacers,62,UNC Greensboro Spartans,90,"Bodford Arena, Greensboro, NC"
2025-12-12,Brevard Tornados,63,Gardner-Webb Runnin' Bulldogs,77,"Paul Porter Arena, Boiling Springs, NC"
2025-12-12,South Carolina State Bulldogs,78,Queens University Royals,102,"Curry Arena, Charlotte, NC"
2025-12-12,Missouri State Bears,57,Xavier Musketeers,75,"Cintas Center, Cincinnati, OH"
2025-12-12,Maryland Eastern Shore Hawks,79,North Carolina A&T Aggies,82,"Corbett Sports Center, Greensboro, NC"
2025-12-12,Vermont State - Johnson Badgers,60,Stonehill Skyhawks,101,"Merkert Gymnasium, South Easton, MA"
2025-12-12,Dakota Wesleyan Tigers,62,South Dakota State Jackrabbits,94,"First Bank & Trust Arena, Brookings, SD"
2025-12-12,East Tennessee State Buccaneers,75,Austin Peay Governors,76,"F&M Bank Arena, Clarksville, TN"
2025-12-12,Dallas Christian Crusaders,55,Texas A&M-Corpus Christi Islanders,108,"American Bank Center, Corpus Christi, TX"
2025-12-12,East Texas A&M Lions,66,McNeese Cowboys,102,"Townsley Law Arena, Lake Charles, LA"
2025-12-12,California Baptist Lancers,88,Eastern Washington Eagles,83,"Reese Court, Cheney, WA"
2025-12-13,Arizona Wildcats,96,Alabama Crimson Tide,75,"Legacy Arena at BJCC, Birmingham, AL"
2025-12-13,Michigan Wolverines,101,Maryland Terrapins,83,"XFINITY Center, College Park, MD"
2025-12-13,Marquette Golden Eagles,59,Purdue Boilermakers,79,"Mackey Arena, West Lafayette, IN"
2025-12-13,New Orleans Privateers,57,Houston Cougars,99,"Fertitta Center, Houston, TX"
2025-12-13,UCLA Bruins,72,Gonzaga Bulldogs,82,"Climate Pledge Arena, Seattle, WA"
2025-12-13,Michigan State Spartans,76,Penn State Nittany Lions,72,"Bryce Jordan Center, University Park, PA"
2025-12-13,UC Riverside Highlanders,53,BYU Cougars,100,"Marriott Center, Provo, UT"
2025-12-13,Memphis Tigers,73,Louisville Cardinals,99,"KFC Yum! Center, Louisville, KY"
2025-12-13,Nebraska Cornhuskers,83,Illinois Fighting Illini,80,"State Farm Center, Champaign, IL"
2025-12-13,South Carolina Upstate Spartans,62,North Carolina Tar Heels,80,"Dean E. Smith Center, Chapel Hill, NC"
2025-12-13,Central Arkansas Bears,72,Vanderbilt Commodores,83,"Memorial Gymnasium (TN), Nashville, TN"
2025-12-13,Texas Tech Red Raiders,86,Arkansas Razorbacks,93,"American Airlines Center, Dallas, TX"
2025-12-13,George Washington Revolutionaries,70,Florida Gators,80,"Amerant Bank Arena, Sunrise, FL"
2025-12-13,Kansas Jayhawks,77,NC State Wolfpack,76,"Lenovo Center, Raleigh, NC"
2025-12-13,Chattanooga Mocs,78,Auburn Tigers,92,"State Farm Arena, Atlanta, GA"
2025-12-13,Iona Gaels,64,St. John's Red Storm,91,"Madison Square Garden, New York, NY"
2025-12-13,UAlbany Great Danes,79,Florida Atlantic Owls,105,"Eleanor R. Baldwin Arena, Boca Raton, FL"
2025-12-13,Massachusetts Minutemen,103,Florida State Seminoles,95,"Amerant Bank Arena, Sunrise, FL"
2025-12-13,DePaul Blue Demons,61,Wichita State Shockers,58,"Charles Koch Arena, Wichita, KS"
2025-12-13,Central Michigan Chippewas,55,Stony Brook Seawolves,78,"Stony Brook Arena, Stony Brook, NY"
2025-12-13,UL Monroe Warhawks,79,Miami Hurricanes,104,"Watsco Center, Coral Gables, FL"
2025-12-13,Old Dominion Monarchs,61,George Mason Patriots,73,"EagleBank Arena, Fairfax, VA"
2025-12-13,Northern Illinois Huskies,79,Elon Phoenix,85,"Schar Center, Elon, NC"
2025-12-13,Toledo Rockets,70,Robert Morris Colonials,75,"UPMC Events Center, Moon Township, PA"
2025-12-13,Oklahoma Sooners,85,Oklahoma State Cowboys,76,"Paycom Center, Oklahoma City, OK"
2025-12-13,Cal State Northridge Matadors,88,Delaware Blue Hens,66,"Bob Carpenter Center, Newark, DE"
2025-12-13,St. Thomas-Minnesota Tommies,80,UNC Asheville Bulldogs,59,"Kimmel Arena, Asheville, NC"
2025-12-13,Western Illinois Leathernecks,69,North Dakota Fighting Hawks,66,"Betty Engelstad Sioux Center, Grand Forks, ND"
2025-12-13,North Dakota State Bison,99,Drake Bulldogs,94,"Knapp Center, Des Moines, IA"
2025-12-13,Jacksonville State Gamecocks,73,Georgia State Panthers,77,"GSU Convocation Center, Atlanta, GA"
2025-12-13,UC Santa Barbara Gauchos,53,Utah Valley Wolverines,68,"Delta Center, Salt Lake City, UT"
2025-12-13,Jackson State Tigers,53,Northwestern Wildcats,93,"Welsh-Ryan Arena, Evanston, IL"
2025-12-13,Boston University Terriers,64,Dartmouth Big Green,77,"Leede Arena, Hanover, NH"
2025-12-13,Sacred Heart Pioneers,65,NJIT Highlanders,49,"Joel & Diane Bloom Wellness and Events Center, Newark, NJ"
2025-12-13,Northern Kentucky Norse,80,Bellarmine Knights,76,"Knights Hall, Louisville, KY"
2025-12-13,Providence Friars,110,Butler Bulldogs,113,"Hinkle Fieldhouse, Indianapolis, IN"
2025-12-13,Manhattan Jaspers,53,Fordham Rams,82,"Rose Hill Gym, Bronx, NY"
2025-12-13,UMass Lowell River Hawks,71,Quinnipiac Bobcats,75,"M&T Bank Arena, Hamden, CT"
2025-12-13,Mercyhurst Lakers,47,Davidson Wildcats,80,"John M. Belk Arena, Davidson, NC"
2025-12-13,Cincinnati Bearcats,65,Georgia Bulldogs,84,"State Farm Arena, Atlanta, GA"
2025-12-13,Evansville Purple Aces,58,Notre Dame Fighting Irish,82,"Purcell Pavilion, South Bend, IN"
2025-12-13,Canisius Golden Griffins,70,Maine Black Bears,43,"Skip Chappelle Court in Memorial Gymnasium, Orono, ME"
2025-12-13,Prairie View A&M Panthers,85,South Dakota Coyotes,97,"Sanford Coyote Sports Center, Vermillion, SD"
2025-12-13,Saint Peter's Peacocks,68,Georgetown Hoyas,76,"Capital One Arena, Washington, DC"
2025-12-13,Miami (OH) RedHawks,79,Eastern Kentucky Colonels,69,"Baptist Health Arena, Richmond, KY"
2025-12-13,Tulsa Golden Hurricane,83,New Mexico State Aggies,70,"Comerica Center, Frisco, TX"
2025-12-13,Hampton Pirates,57,Howard Bison,61,"CareFirst Arena, Washington, DC"
2025-12-13,Southern Miss Golden Eagles,67,Ole Miss Rebels,71,"Mississippi Coast Coliseum, Biloxi, MS"
2025-12-13,Delaware State Hornets,81,Longwood Lancers,76,"Joan Perry Brock Center, Farmville, VA"
2025-12-13,Louisiana Ragin' Cajuns,44,Louisiana Tech Bulldogs,65,"Thomas Assembly Center, Ruston, LA"
2025-12-13,Arkansas State Red Wolves,76,Rice Owls,77,"Tudor Fieldhouse, Houston, TX"
2025-12-13,UNC Wilmington Seahawks,73,Valparaiso Beacons,70,"Athletics-Recreation Center, Valparaiso, IN"
2025-12-13,Kansas State Wildcats,83,Creighton Bluejays,76,"CHI Health Center Omaha, Omaha, NE"
2025-12-13,Mercer Bears,63,Clemson Tigers,70,"Littlejohn Coliseum, Clemson, SC"
2025-12-13,UIC Flames,84,Belmont Bruins,87,"Curb Event Center Arena, Nashville, TN"
2025-12-13,Bethel (TN) Wildcats,69,Tennessee Tech Golden Eagles,101,"Hooper Eblen Center, Cookeville, TN"
2025-12-13,UC Davis Aggies,62,Oregon Ducks,104,"Matthew Knight Arena, Eugene, OR"
2025-12-13,Wright State Raiders,74,Marshall Thundering Herd,76,"Cam Henderson Center, Huntington, WV"
2025-12-13,Cal State Fullerton Titans,105,Denver Pioneers,86,"Hamilton Gymnasium, Denver, CO"
2025-12-13,Murray State Racers,115,Akron Zips,100,"Lee's Family Forum, Henderson, NV"
2025-12-13,UTSA Roadrunners,64,Colorado Buffaloes,88,"CU Events Center, Boulder, CO"
2025-12-13,Hofstra Pride,70,Syracuse Orange,69,"JMA Wireless Dome, Syracuse, NY"
2025-12-13,Marist Red Foxes,82,Bryant Bulldogs,74,"Chace Athletic Center, Smithfield, RI"
2025-12-13,Niagara Purple Eagles,73,Morgan State Bears,81,"Hill Field House, Baltimore, MD"
2025-12-13,Central Connecticut Blue Devils,84,Binghamton Bearcats,67,"Events Center (Binghamton), Binghamton, NY"
2025-12-13,La Salle Explorers,60,Long Island University Sharks,70,"Steinberg Wellness Center, Brooklyn, NY"
2025-12-13,Pittsburgh Panthers,61,Villanova Wildcats,79,"Finneran Pavilion, Villanova, PA"
2025-12-13,SE Louisiana Lions,74,Houston Christian Huskies,71,"Sharp Gymnasium, Houston, TX"
2025-12-13,Arkansas Baptist Buffaloes,59,Alabama A&M Bulldogs,67,"Event Center, Huntsville, AL"
2025-12-13,George Fox Bruins,50,Portland State Vikings,94,"Viking Pavilion, Portland, OR"
2025-12-13,Montana State Bobcats,57,Oregon State Beavers,67,"Gill Coliseum, Corvallis, OR"
2025-12-13,Northwestern State Demons,70,California Golden Bears,79,"Haas Pavilion, Berkeley, CA"
2025-12-13,St. Bonaventure Bonnies,83,Ohio Bobcats,88,"Rocket Arena, Cleveland, OH"
2025-12-13,Illinois State Redbirds,78,Utah State Aggies,83,"Delta Center, Salt Lake City, UT"
2025-12-13,Northern Arizona Lumberjacks,69,San Diego Toreros,78,"Jenny Craig Pavilion, San Diego, CA"
2025-12-13,Southern Utah Thunderbirds,69,Washington Huskies,105,"Alaska Airlines Arena, Seattle, WA"
2025-12-13,Oakland Golden Grizzlies,63,Northern Iowa Panthers,75,"McLeod Center, Cedar Falls, IA"
2025-12-13,Southern Illinois Salukis,84,Richmond Spiders,93,"Robins Center, Richmond, VA"
2025-12-13,Mount St. Mary's Mountaineers,81,Loyola Maryland Greyhounds,73,"Reitz Arena, Baltimore, MD"
2025-12-13,Bob Jones Bruins,55,Winthrop Eagles,101,"Winthrop Coliseum, Rock Hill, SC"
2025-12-13,The Citadel Bulldogs,55,South Carolina Gamecocks,71,"Colonial Life Arena, Columbia, SC"
2025-12-13,Georgia Southern Eagles,91,West Georgia Wolves,85,"The Coliseum, Carrollton, GA"
2025-12-13,Simpson University (CA) Red Hawks,50,Pacific Tigers,104,"Alex G. Spanos Center, Stockton, CA"
2025-12-13,Arizona State Sun Devils,82,Santa Clara Broncos,79,"Lee's Family Forum, Henderson, NV"
2025-12-13,Stanford Cardinal,86,San José State Spartans,82,"Provident Credit Union Event Center, San Jose, CA"
2025-12-13,North Florida Ospreys,61,Dayton Flyers,84,"UD Arena, Dayton, OH"
2025-12-13,Indiana Hoosiers,60,Kentucky Wildcats,72,"Rupp Arena, Lexington, KY"
2025-12-13,Spurgeon College Knights,75,Kansas City Roos,102,"Swinney Center, Kansas City, MO"
2025-12-13,Ecclesia Royals,52,Oral Roberts Golden Eagles,97,"Mabee Center, Tulsa, OK"
2025-12-13,Rutgers Scarlet Knights,59,Seton Hall Pirates,81,"Prudential Center, Newark, NJ"
2025-12-13,Warner Pacific Knights,60,Seattle U Redhawks,115,"Redhawk Center, Seattle, WA"
2025-12-13,Coastal Carolina Chanticleers,61,Grand Canyon Lopes,82,"Global Credit Union Arena, Phoenix, AZ"
2025-12-13,West Virginia Mountaineers,88,Ohio State Buckeyes,89,"Rocket Arena, Cleveland, OH"
2025-12-13,San Francisco Dons,75,Saint Louis Billikens,85,"Chaifetz Arena, St. Louis, MO"
2025-12-13,SMU Mustangs,77,LSU Tigers,89,"Smoothie King Center, New Orleans, LA"
2025-12-13,Justice College Lions,48,Utah Tech Trailblazers,89,"Burns Arena, St. George, UT"
2025-12-13,Pepperdine Waves,70,Cal State Bakersfield Roadrunners,62,"Icardo Center, Bakersfield, CA"
2025-12-13,Tennessee State Tigers,63,UNLV Rebels,60,"Lee's Family Forum, Henderson, NV"
2025-12-13,Mississippi State Bulldogs,82,Utah Utes,74,"Delta Center, Salt Lake City, UT"
2025-12-13,Duquesne Dukes,75,Nevada Wolf Pack,78,"Lawlor Events Center, Reno, NV"
2025-12-13,Tulane Green Wave,67,UC San Diego Tritons,93,"Lee's Family Forum, Henderson, NV"
2025-12-13,UTEP Miners,61,Hawai'i Rainbow Warriors,66,"Stan Sheriff Center, Honolulu, HI"
2025-12-14,Eastern Illinois Panthers,53,Iowa State Cyclones,78,"Hilton Coliseum, Ames, IA"
2025-12-14,Maryland Eastern Shore Hawks,53,Virginia Tech Hokies,82,"Cassell Coliseum, Blacksburg, VA"
2025-12-14,Saint Francis Red Flash,67,Temple Owls,95,"Liacouras Center, Philadelphia, PA"
2025-12-14,Texas Southern Tigers,53,Minnesota Golden Gophers,89,"Williams Arena, Minneapolis, MN"
2025-12-14,Buffalo Bulls,70,East Carolina Pirates,73,"Minges Coliseum, Greenville, NC"
2025-12-14,North Central College Cardinals,53,Bradley Braves,86,"Carver Arena, Peoria, IL"
2025-12-14,Eureka Red Devils,54,SIU Edwardsville Cougars,97,"First Community Arena, Edwardsville, IL"
2025-12-14,Oakland City Mighty Oaks,52,Cleveland State Vikings,96,"Wolstein Center, Cleveland, OH"
2025-12-14,Bethune-Cookman Wildcats,60,Missouri Tigers,82,"Mizzou Arena, Columbia, MO"
2025-12-14,Merrimack Warriors,59,Vermont Catamounts,66,"Patrick Gymnasium, Burlington, VT"
2025-12-14,High Point Panthers,78,App State Mountaineers,86,"Tarlton Complex, Hickory, NC"
2025-12-14,Monmouth Hawks,65,Fairfield Stags,73,"Leo D. Mahoney Arena, Fairfield, CT"
2025-12-14,Thiel Tomcats,52,Youngstown State Penguins,103,"Beeghly Center, Youngstown, OH"
2025-12-14,Ball State Cardinals,64,Campbell Fighting Camels,69,"John W. Pope Jr. Convocation Center, Buies Creek, NC"
2025-12-14,Indiana State Sycamores,70,Milwaukee Panthers,68,"UW-Milwaukee Panther Arena, Milwaukee, WI"
2025-12-14,Coppin State Eagles,77,Radford Highlanders,107,"The Dedmon Center, Radford, VA"
2025-12-14,St. Xavier  (IL) Cougars,65,Southeast Missouri State Redhawks,88,"Show Me Center, Cape Girardeau, MO"
2025-12-14,Troy Trojans,86,UAB Blazers,85,"Bartow Arena, Birmingham, AL"
2025-12-14,Northern New Mexico Eagles,54,Colorado State Rams,104,"Moby Arena, Fort Collins, CO"
2025-12-14,Western Michigan Broncos,51,Iowa Hawkeyes,91,"Carver-Hawkeye Arena, Iowa City, IA"
2025-12-14,Florida Gulf Coast Eagles,59,New Mexico Lobos,75,"The Pit, Albuquerque, NM"
2025-12-14,Charlotte 49ers,67,Charleston Cougars,74,"TD Arena, Charleston, SC"
2025-12-14,Evergreen State Geoducks,55,Idaho Vandals,109,"ICCU Arena, Moscow, ID"
2025-12-14,Kent State Golden Flashes,78,Portland Pilots,88,"Chiles Center, Portland, OR"
2025-12-14,Queens University Royals,73,Wake Forest Demon Deacons,111,"LJVM Coliseum, Winston-Salem, NC"
2025-12-14,Detroit Mercy Titans,77,Purdue Fort Wayne Mastodons,81,"Memorial Coliseum (IN), Fort Wayne, IN"
2025-12-14,Chicago State Cougars,84,Loyola Chicago Ramblers,75,"Gentile Arena, Chicago, IL"
2025-12-14,Champion Christian Tigers,52,UT Martin Skyhawks,96,"Kathleen and Tom Elam Center, Martin, TN"
2025-12-14,North Texas Mean Green,58,South Alabama Jaguars,57,"Mitchell Center, Mobile, AL"
2025-12-14,Saint Mary's Gaels,67,Boise State Broncos,68,"Mountain America Center, Idaho Falls, ID"
2025-12-14,Jacksonville Dolphins,75,Texas A&M Aggies,112,"Reed Arena, College Station, TX"
2025-12-14,Washington State Cougars,61,USC Trojans,68,"Galen Center, Los Angeles, CA"
2025-12-15,Bryan (TN) Lions,51,Samford Bulldogs,106,"Pete Hanna Center, Homewood, AL"
2025-12-15,Albany St (GA) Golden Rams,77,Florida A&M Rattlers,93,"Al Lawson Center, Tallahassee, FL"
2025-12-15,Ecclesia Royals,64,Arkansas-Pine Bluff Golden Lions,114,"H.O. Clemmons Arena, Pine Bluff, AR"
2025-12-15,Wofford Terriers,83,Gardner-Webb Runnin' Bulldogs,57,"Paul Porter Arena, Boiling Springs, NC"
2025-12-15,Rhodes Lynx,76,Stetson Hatters,95,"Edmunds Center, DeLand, FL"
2025-12-15,Niagara Purple Eagles,58,VCU Rams,84,"Siegel Center, Richmond, VA"
2025-12-15,East Texas A&M Lions,70,SE Louisiana Lions,69,"University Center, Hammond, LA"
2025-12-15,Campbellsville Tigers,59,Western Kentucky Hilltoppers,102,"E.A. Diddle Arena, Bowling Green, KY"
2025-12-15,Minnesota Crookston Golden Eagles,67,North Dakota State Bison,101,"Scheels Center, Fargo, ND"
2025-12-15,Wyoming Cowboys,87,South Dakota State Jackrabbits,72,"Sanford Pentagon, Sioux Falls, SD"
2025-12-15,North Alabama Lions,60,Alabama A&M Bulldogs,68,"Event Center, Huntsville, AL"
2025-12-15,McNeese Cowboys,78,Houston Christian Huskies,68,"Sharp Gymnasium, Houston, TX"
2025-12-15,Incarnate Word Cardinals,65,TCU Horned Frogs,69,"Schollmaier Arena, Fort Worth, TX"
2025-12-16,Abilene Christian Wildcats,62,Arizona Wildcats,96,"McKale Memorial Center, Tucson, AZ"
2025-12-16,Lipscomb Bisons,73,Duke Blue Devils,97,"Cameron Indoor Stadium, Durham, NC"
2025-12-16,Butler Bulldogs,60,UConn Huskies,79,"PeoplesBank Arena, Hartford, CT"
2025-12-16,Toledo Rockets,69,Michigan State Spartans,92,"Breslin Center, East Lansing, MI"
2025-12-16,Pacific Tigers,57,BYU Cougars,93,"Marriott Center, Provo, UT"
2025-12-16,Louisville Cardinals,62,Tennessee Volunteers,83,"Food City Center, Knoxville, TN"
2025-12-16,East Tennessee State Buccaneers,58,North Carolina Tar Heels,77,"Dean E. Smith Center, Chapel Hill, NC"
2025-12-16,Queens University Royals,80,Arkansas Razorbacks,108,"Bud Walton Arena, Fayetteville, AR"
2025-12-16,Towson Tigers,49,Kansas Jayhawks,73,"Allen Fieldhouse, Lawrence, KS"
2025-12-16,Northern Colorado Bears,90,Texas Tech Red Raiders,101,"United Supermarkets Arena, Lubbock, TX"
2025-12-16,DePaul Blue Demons,66,St. John's Red Storm,79,"Carnesecca Arena, Queens, NY"
2025-12-16,Howard Bison,74,Drexel Dragons,66,"Daskalakis Athletic Center, Philadelphia, PA"
2025-12-16,Midway University Eagles,57,Liberty Flames,95,"Liberty Arena (VA), Lynchburg, VA"
2025-12-16,South Carolina Upstate Spartans,78,South Carolina State Bulldogs,72,"Smith-Hammond-Middleton Memorial Center, Orangeburg, SC"
2025-12-16,Sacred Heart Pioneers,82,UMass Lowell River Hawks,87,"Kennedy Family Athletic Complex, Lowell, MA"
2025-12-16,Dartmouth Big Green,89,Holy Cross Crusaders,64,"Hart Center, Worcester, MA"
2025-12-16,Kentucky Christian Knights,73,UNC Asheville Bulldogs,83,"Kimmel Arena, Asheville, NC"
2025-12-16,Miami (OH)-Middletown ThunderHawks,73,IU Indianapolis Jaguars,126,"The Jungle, Indianapolis, IN"
2025-12-16,Belmont Bruins,83,Evansville Purple Aces,78,"Ford Center, Evansville, IN"
2025-12-16,Ohio Wesleyan Battling Bishops,56,Ohio Bobcats,89,"Convocation Center (OH), Athens, OH"
2025-12-16,North Carolina A&T Aggies,71,UNC Greensboro Spartans,65,"First Horizon Coliseum, Greensboro, NC"
2025-12-16,Tarleton State Texans,88,Mississippi Valley State Delta Devils,64,"R.W. Harrison HPER Complex, Itta Bena, MS"
2025-12-16,Mary Baldwin Fighting Squirrels,47,High Point Panthers,129,"Qubein Center, High Point, NC"
2025-12-16,Kansas City Roos,67,Oklahoma Sooners,89,"Lloyd Noble Center, Norman, OK"
2025-12-16,Rider Broncs,57,Delaware Blue Hens,65,"Bob Carpenter Center, Newark, DE"
2025-12-16,Miami (OH) RedHawks,83,Wright State Raiders,76,"Nutter Center, Dayton, OH"
2025-12-16,Chicago State Cougars,55,Bowling Green Falcons,76,"Stroh Center, Bowling Green, OH"
2025-12-16,Florida State Seminoles,69,Dayton Flyers,97,"UD Arena, Dayton, OH"
2025-12-16,Canisius Golden Griffins,45,Rhode Island Rams,62,"Thomas M. Ryan Center, Kingston, RI"
2025-12-16,South Carolina Gamecocks,61,Clemson Tigers,68,"Littlejohn Coliseum, Clemson, SC"
2025-12-16,Florida International Panthers,81,Miami Hurricanes,98,"Watsco Center, Coral Gables, FL"
2025-12-16,UT Rio Grande Valley Vaqueros,83,Lamar Cardinals,72,"Montagne Center, Beaumont, TX"
2025-12-16,Marist Red Foxes,76,Georgia Tech Yellow Jackets,87,"McCamish Pavilion, Atlanta, GA"
2025-12-16,Long Island University Sharks,83,Mississippi State Bulldogs,87,"Humphrey Coliseum, Starkville, MS"
2025-12-16,Little Rock Trojans,64,Morehead State Eagles,78,"Ellis T. Johnson Arena, Morehead, KY"
2025-12-16,York College Nebraska Panthers,58,Omaha Mavericks,105,"Baxter Arena, Omaha, NE"
2025-12-16,Le Moyne Dolphins,53,Texas Longhorns,95,"Moody Center, Austin, TX"
2025-12-16,East-West University Phantoms,64,Northern Illinois Huskies,112,"NIU Convocation Center, Dekalb, IL"
2025-12-16,Oral Roberts Golden Eagles,62,Missouri State Bears,63,"Great Southern Bank Arena, Springfield, MO"
2025-12-16,Valparaiso Beacons,70,Northwestern Wildcats,86,"Welsh-Ryan Arena, Evanston, IL"
2025-12-16,Colorado-Colorado Springs Mountain Lions,93,Denver Pioneers,129,"Hamilton Gymnasium, Denver, CO"
2025-12-16,Stanton Elks,70,UC Riverside Highlanders,95,"SRC Arena, Riverside, CA"
2025-12-16,Montana State Bobcats,83,Cal Poly Mustangs,80,"Mott Athletics Center, San Luis Obispo, CA"
2025-12-16,Southern Jaguars,67,California Baptist Lancers,75,"Dale E. and Sarah Ann Fowler Events Center, Riverside, CA"
2025-12-16,UC San Diego Tritons,67,Loyola Marymount Lions,57,"Gersten Pavilion, Los Angeles, CA"
2025-12-17,Campbell Fighting Camels,70,Gonzaga Bulldogs,98,"McCarthey Athletic Center, Spokane, WA"
2025-12-17,Vanderbilt Commodores,77,Memphis Tigers,70,"FedExForum, Memphis, TN"
2025-12-17,South Florida Bulls,93,Alabama Crimson Tide,104,"Coleman Coliseum, Tuscaloosa, AL"
2025-12-17,Saint Francis Red Flash,61,Florida Gators,102,"Stephen C. O'Connell Center, Gainesville, FL"
2025-12-17,Kansas Christian Falcons,47,Central Arkansas Bears,102,"Farris Center, Conway, AR"
2025-12-17,Southwestern Christian Eagles,47,Rice Owls,94,"Tudor Fieldhouse, Houston, TX"
2025-12-17,Champion Christian Tigers,73,Arkansas-Pine Bluff Golden Lions,138,"H.O. Clemmons Arena, Pine Bluff, AR"
2025-12-17,Northern Iowa Panthers,60,UIC Flames,54,"Credit Union 1 Arena, Chicago, IL"
2025-12-17,Stonehill Skyhawks,58,New Hampshire Wildcats,59,"Lundholm Gymnasium, Durham, NH"
2025-12-17,Creighton Bluejays,98,Xavier Musketeers,57,"Cintas Center, Cincinnati, OH"
2025-12-17,Mid-Atlantic Christian Mustangs,62,North Carolina Central Eagles,96,"McDougald-McLendon Arena, Durham, NC"
2025-12-17,UC Santa Barbara Gauchos,64,Green Bay Phoenix,67,"Kress Center, Green Bay, WI"
2025-12-17,Eastern Kentucky Colonels,62,Jacksonville State Gamecocks,59,"Pete Mathews Coliseum, Jacksonville, AL"
2025-12-17,UAlbany Great Danes,71,Stony Brook Seawolves,55,"Stony Brook Arena, Stony Brook, NY"
2025-12-17,The Citadel Bulldogs,78,Charleston Cougars,82,"TD Arena, Charleston, SC"
2025-12-17,Southern Wesleyan Warriors,63,South Carolina Upstate Spartans,98,"G.B. Hodge Center, Spartanburg, SC"
2025-12-17,Brewton-Parker Wildcats,49,West Georgia Wolves,70,"The Coliseum, Carrollton, GA"
2025-12-17,Mercer Bears,63,UCF Knights,81,"Addition Financial Arena, Orlando, FL"
2025-12-17,Olivet Comets,65,Central Michigan Chippewas,85,"McGuirk Arena, Mount Pleasant, MI"
2025-12-17,Jacksonville Dolphins,65,Florida A&M Rattlers,72,"Al Lawson Center, Tallahassee, FL"
2025-12-17,Chattanooga Mocs,64,Bellarmine Knights,79,"Knights Hall, Louisville, KY"
2025-12-17,Maryland Eastern Shore Hawks,64,Wagner Seahawks,78,"Spiro Sports Center, Staten Island, NY"
2025-12-17,Siena Saints,69,Vermont Catamounts,83,"Patrick Gymnasium, Burlington, VT"
2025-12-17,Presbyterian Blue Hose,53,East Carolina Pirates,74,"Minges Coliseum, Greenville, NC"
2025-12-17,Quinnipiac Bobcats,85,Monmouth Hawks,75,"OceanFirst Bank Center, West Long Branch, NJ"
2025-12-17,Alabama State Hornets,51,Cincinnati Bearcats,88,"Fifth Third Arena, Cincinnati, OH"
2025-12-17,Youngstown State Penguins,77,Robert Morris Colonials,80,"UPMC Events Center, Moon Township, PA"
2025-12-17,Oakland Golden Grizzlies,82,Northern Kentucky Norse,77,"Truist Arena, Highland Heights, KY"
2025-12-17,Longwood Lancers,68,Wake Forest Demon Deacons,71,"LJVM Coliseum, Winston-Salem, NC"
2025-12-17,Mercyhurst Lakers,62,Syracuse Orange,76,"JMA Wireless Dome, Syracuse, NY"
2025-12-17,Binghamton Bearcats,63,Pittsburgh Panthers,103,"Petersen Events Center, Pittsburgh, PA"
2025-12-17,Texas Southern Tigers,72,NC State Wolfpack,108,"Reynolds Coliseum, Raleigh, NC"
2025-12-17,Richmond Spiders,70,Elon Phoenix,73,"Schar Center, Elon, NC"
2025-12-17,Wofford Terriers,73,Wichita State Shockers,84,"Charles Koch Arena, Wichita, KS"
2025-12-17,Cleveland State Vikings,77,UAB Blazers,101,"Bartow Arena, Birmingham, AL"
2025-12-17,Louisiana Tech Bulldogs,53,Tulane Green Wave,61,"Devlin Fieldhouse, New Orleans, LA"
2025-12-17,Kennesaw State Owls,67,Middle Tennessee Blue Raiders,68,"Murphy Center, Murfreesboro, TN"
2025-12-17,Houston Christian Huskies,64,Nicholls Colonels,79,"David R. Stopher Gymnasium, Thibodaux, LA"
2025-12-17,South Alabama Jaguars,96,UL Monroe Warhawks,92,"Fant-Ewing Coliseum, Monroe, LA"
2025-12-17,Alabama A&M Bulldogs,66,Ole Miss Rebels,80,"Cadence Bank Arena, Tupelo, MS"
2025-12-17,Weber State Wildcats,74,Utah Valley Wolverines,90,"UCCU Center, Orem, UT"
2025-12-17,Bethune-Cookman Wildcats,53,Saint Louis Billikens,112,"Chaifetz Arena, St. Louis, MO"
2025-12-17,Dakota State Trojans,71,South Dakota Coyotes,80,"Sanford Coyote Sports Center, Vermillion, SD"
2025-12-17,James Madison Dukes,68,Old Dominion Monarchs,77,"Chartway Arena, Norfolk, VA"
2025-12-17,Georgetown Hoyas,78,Marquette Golden Eagles,69,"Fiserv Forum, Milwaukee, WI"
2025-12-17,Arkansas State Red Wolves,89,Texas State Bobcats,70,"Strahan Arena at the University Events Center, San Marcos, TX"
2025-12-17,Montana Tech Orediggers,82,Montana Grizzlies,75,"Dahlberg Arena, Missoula, MT"
2025-12-17,UTSA Roadrunners,70,USC Trojans,97,"Galen Center, Los Angeles, CA"
2025-12-17,Seattle U Redhawks,79,UC Davis Aggies,78,"University Credit Union Center, Davis, CA"
2025-12-17,North Texas Mean Green,60,Santa Clara Broncos,63,"Kaiser Permanente Arena, Santa Cruz, CA"
2025-12-17,Portland State Vikings,73,Colorado Buffaloes,84,"CU Events Center, Boulder, CO"
2025-12-17,Texas A&M-Corpus Christi Islanders,60,Stephen F. Austin Lumberjacks,69,"William R. Johnson Coliseum, Nacogdoches, TX"
2025-12-17,Sam Houston Bearkats,85,Oregon State Beavers,75,"Gill Coliseum, Corvallis, OR"
2025-12-17,Washington State Cougars,78,Eastern Washington Eagles,63,"Spokane Arena, Spokane, WA"
2025-12-17,Air Force Falcons,58,San Diego State Aztecs,81,"Viejas Arena, San Diego, CA"
2025-12-17,UT Arlington Mavericks,60,Stanford Cardinal,76,"Maples Pavilion, Stanford, CA"
2025-12-17,Loyola Chicago Ramblers,71,San Francisco Dons,85,"Chase Center, San Francisco, CA"
2025-12-17,Arizona State Sun Devils,77,UCLA Bruins,90,"Pauley Pavilion, Los Angeles, CA"
2025-12-17,Portland Pilots,69,Oregon Ducks,94,"Matthew Knight Arena, Eugene, OR"
2025-12-18,Western Carolina Catamounts,82,Georgia Bulldogs,112,"Stegeman Coliseum, Athens, GA"
2025-12-18,Toccoa Falls Eagles,65,Gardner-Webb Runnin' Bulldogs,105,"Paul Porter Arena, Boiling Springs, NC"
2025-12-18,North Florida Ospreys,90,Charleston Southern Buccaneers,113,"Buccaneer Fieldhouse, Charleston, SC"
2025-12-18,Hampton Pirates,84,Jackson State Tigers,77,"Gateway Center, College Park, GA"
2025-12-18,Morris College Hornets,56,UNC Asheville Bulldogs,89,"Kimmel Arena, Asheville, NC"
2025-12-18,Coastal Carolina Chanticleers,49,App State Mountaineers,67,"Holmes Convocation Center, Boone, NC"
2025-12-18,SIU Edwardsville Cougars,72,Eastern Illinois Panthers,76,"Groniger Arena, Charleston, IL"
2025-12-18,Bradley Braves,108,Indiana State Sycamores,99,"Hulman Center, Terre Haute, IN"
2025-12-18,Penn State Hazleton Nittany Lions,74,Lehigh Mountain Hawks,83,"Stabler Arena, Bethlehem, PA"
2025-12-18,Temple Owls,68,Davidson Wildcats,63,"John M. Belk Arena, Davidson, NC"
2025-12-18,Radford Highlanders,83,William & Mary Tribe,96,"Kaplan Arena, Williamsburg, VA"
2025-12-18,Furman Paladins,75,Manhattan Jaspers,68,"Draddy Gymnasium, Riverdale, NY"
2025-12-18,Southern Utah Thunderbirds,57,Northern Arizona Lumberjacks,65,"J. Lawrence Walkup Skydome, Flagstaff, AZ"
2025-12-18,American University Eagles,83,VCU Rams,105,"Siegel Center, Richmond, VA"
2025-12-18,Delaware State Hornets,51,Saint Joseph's Hawks,67,"Michael J. Hagan '85 Arena, Philadelphia, PA"
2025-12-18,Lafayette Leopards,67,Charlotte 49ers,81,"Halton Arena, Charlotte, NC"
2025-12-18,Fairfield Stags,84,Central Connecticut Blue Devils,70,"Detrick Gymnasium, New Britain, CT"
2025-12-18,Norfolk State Spartans,68,Grambling Tigers,80,"Gateway Center, College Park, GA"
2025-12-18,Drake Bulldogs,72,Murray State Racers,81,"CFSB Center, Murray, KY"
2025-12-18,Winthrop Eagles,88,North Dakota Fighting Hawks,90,"Betty Engelstad Sioux Center, Grand Forks, ND"
2025-12-18,Kansas City Roos,79,Oklahoma State Cowboys,91,"Gallagher-Iba Arena, Stillwater, OK"
2025-12-18,Oral Roberts Golden Eagles,53,TCU Horned Frogs,72,"Schollmaier Arena, Fort Worth, TX"
2025-12-18,Georgia State Panthers,67,Georgia Southern Eagles,90,"Jack and Ruth Ann Hill Convocation Center, Statesboro, GA"
2025-12-18,Louisiana Ragin' Cajuns,54,Southern Miss Golden Eagles,62,"Reed Green Coliseum, Hattiesburg, MS"
2025-12-18,UT Martin Skyhawks,71,Tennessee State Tigers,78,"Gentry Center, Nashville, TN"
2025-12-18,Little Rock Trojans,77,Southern Indiana Screaming Eagles,62,"Liberty Arena (IN), Evansville, IN"
2025-12-18,Western Illinois Leathernecks,76,Lindenwood Lions,92,"Hyland Arena, Saint Charles, MO"
2025-12-18,Illinois State Redbirds,75,Southern Illinois Salukis,68,"Banterra Center, Carbondale, IL"
2025-12-18,Montana-Western Bulldogs,64,Idaho State Bengals,80,"Reed Gym, Pocatello, ID"
2025-12-18,Southeast Missouri State Redhawks,74,Tennessee Tech Golden Eagles,85,"Hooper Eblen Center, Cookeville, TN"
2025-12-18,Nobel Knights,66,Cal State Bakersfield Roadrunners,97,"Icardo Center, Bakersfield, CA"
2025-12-18,Pepperdine Waves,78,Long Beach State Beach,81,"Walter Pyramid, Long Beach, CA"
2025-12-19,Abilene Christian Wildcats,67,BYU Cougars,85,"Marriott Center, Provo, UT"
2025-12-19,Dartmouth Big Green,63,Sacred Heart Pioneers,85,"William H. Pitt Center, Fairfield, CT"
2025-12-19,Brewton-Parker Wildcats,54,South Carolina State Bulldogs,68,"Smith-Hammond-Middleton Memorial Center, Orangeburg, SC"
2025-12-19,Reinhardt Eagles,49,Samford Bulldogs,85,"Pete Hanna Center, Homewood, AL"
2025-12-19,Lehman College Bridges,42,Fairleigh Dickinson Knights,76,"Bogota Savings Bank Center, Hackensack, NJ"
2025-12-19,Grambling Tigers,81,Hampton Pirates,72,"Gateway Center, College Park, GA"
2025-12-19,La Sierra Golden Eagles,53,Cal State Northridge Matadors,88,"Premier America Credit Union Arena, Northridge, CA"
2025-12-19,South Dakota State Jackrabbits,87,Milwaukee Panthers,88,"Fiserv Forum, Milwaukee, WI"
2025-12-19,Coppin State Eagles,55,Navy Midshipmen,88,"Alumni Hall (Navy), Annapolis, MD"
2025-12-19,Notre Dame (MD) Gators,60,Towson Tigers,107,"SECU Arena, Towson, MD"
2025-12-19,Seton Hall Pirates,72,Providence Friars,67,"Amica Mutual Pavilion, Providence, RI"
2025-12-19,Mississippi Valley State Delta Devils,49,Florida State Seminoles,96,"Tucker Center, Tallahassee, FL"
2025-12-19,La Salle Explorers,72,High Point Panthers,84,"Qubein Center, High Point, NC"
2025-12-19,Eastern Michigan Eagles,72,Akron Zips,93,"James A. Rhodes Arena, Akron, OH"
2025-12-19,Mount St. Mary's Mountaineers,67,Drexel Dragons,75,"Daskalakis Athletic Center, Philadelphia, PA"
2025-12-19,Norfolk State Spartans,82,Jackson State Tigers,72,"Gateway Center, College Park, GA"
2025-12-19,Tulsa Golden Hurricane,82,Western Kentucky Hilltoppers,81,"E.A. Diddle Arena, Bowling Green, KY"
2025-12-19,Florida A&M Rattlers,54,Tarleton State Texans,78,"Wisdom Gym, Stephenville, TX"
2025-12-19,Wisconsin Badgers,66,Villanova Wildcats,76,"Fiserv Forum, Milwaukee, WI"
2025-12-19,Alcorn State Braves,56,Baylor Bears,113,"Foster Pavilion, Waco, TX"
2025-12-19,SE Louisiana Lions,65,LSU Tigers,78,"Pete Maravich Assembly Center, Baton Rouge, LA"
2025-12-19,Belmont Bruins,84,UC Irvine Anteaters,58,"Bren Events Center, Irvine, CA"
2025-12-19,Florida Atlantic Owls,75,Saint Mary's Gaels,88,"University Credit Union Pavilion, Moraga, CA"
2025-12-19,San Diego Toreros,82,UC San Diego Tritons,80,"LionTree Arena, San Diego, CA"
2025-12-19,North Alabama Lions,57,Loyola Marymount Lions,91,"Gersten Pavilion, Los Angeles, CA"
2025-12-19,Cal Poly Mustangs,87,UCLA Bruins,108,"Pauley Pavilion, Los Angeles, CA"
2025-12-19,Morgan State Bears,50,California Golden Bears,97,"Haas Pavilion, Berkeley, CA"
2025-12-19,Washington Huskies,66,Seattle U Redhawks,70,"Climate Pledge Arena, Seattle, WA"
2025-12-20,San Diego State Aztecs,45,Arizona Wildcats,68,"Mortgage Matchup Center, Phoenix, AZ"
2025-12-20,Texas Tech Red Raiders,82,Duke Blue Devils,81,"Madison Square Garden, New York, NY"
2025-12-20,Auburn Tigers,60,Purdue Boilermakers,88,"Gainbridge Fieldhouse, Indianapolis, IN"
2025-12-20,Houston Cougars,94,Arkansas Razorbacks,85,"Prudential Center, Newark, NJ"
2025-12-20,Oakland Golden Grizzlies,70,Michigan State Spartans,79,"Little Caesars Arena, Detroit, MI"
2025-12-20,Montana Grizzlies,54,Louisville Cardinals,94,"KFC Yum! Center, Louisville, KY"
2025-12-20,North Carolina Tar Heels,71,Ohio State Buckeyes,70,"State Farm Arena, Atlanta, GA"
2025-12-20,St. John's Red Storm,66,Kentucky Wildcats,78,"State Farm Arena, Atlanta, GA"
2025-12-20,Maryland Terrapins,72,Virginia Cavaliers,80,"John Paul Jones Arena, Charlottesville, VA"
2025-12-20,Lourdes University Gray Wolves,67,Toledo Rockets,100,"Savage Arena, Toledo, OH"
2025-12-20,South Dakota Coyotes,76,Kansas State Wildcats,106,"Bramlage Coliseum, Manhattan, KS"
2025-12-20,Liberty Flames,64,Dayton Flyers,61,"UD Arena, Dayton, OH"
2025-12-20,Siena Heights Saints,60,Detroit Mercy Titans,91,"Calihan Hall, Detroit, MI"
2025-12-20,South Carolina Upstate Spartans,65,Youngstown State Penguins,74,"Beeghly Center, Youngstown, OH"
2025-12-20,Chicago State Cougars,58,Indiana Hoosiers,78,"Simon Skjodt Assembly Hall, Bloomington, IN"
2025-12-20,Le Moyne Dolphins,81,St. Bonaventure Bonnies,92,"Reilly Center, Saint Bonaventure, NY"
2025-12-20,Buffalo Bulls,88,Western Michigan Broncos,71,"University Arena (MI), Kalamazoo, MI"
2025-12-20,Houghton Highlanders,58,Niagara Purple Eagles,81,"Gallagher Center, Niagara Falls, NY"
2025-12-20,Robert Morris Colonials,79,Saint Francis Red Flash,70,"DeGol Arena, Loretto, PA"
2025-12-20,Georgia State Panthers,70,App State Mountaineers,63,"Holmes Convocation Center, Boone, NC"
2025-12-20,Southern-New Orleans Knights,55,Northwestern State Demons,108,"Prather Coliseum, Natchitoches, LA"
2025-12-20,Colorado State Rams,58,Utah State Aggies,100,"Dee Glen Smith Spectrum, Logan, UT"
2025-12-20,Howard Bison,67,UNC Wilmington Seahawks,66,"Trask Coliseum, Wilmington, NC"
2025-12-20,Longwood Lancers,74,North Carolina Central Eagles,72,"McDougald-McLendon Arena, Durham, NC"
2025-12-20,Paul Quinn Tigers,64,Prairie View A&M Panthers,100,"William Nicks Building, Prairie View, TX"
2025-12-20,Lafayette Leopards,81,Georgia Tech Yellow Jackets,95,"McCamish Pavilion, Atlanta, GA"
2025-12-20,Blue Mountain Toppers,60,Lipscomb Bisons,123,"Allen Arena, Nashville, TN"
2025-12-20,Iona Gaels,83,Vermont Catamounts,78,"Patrick Gymnasium, Burlington, VT"
2025-12-20,Harris-Stowe State Hornets,52,Lindenwood Lions,109,"Hyland Arena, Saint Charles, MO"
2025-12-20,Binghamton Bearcats,61,Mercyhurst Lakers,82,"Mercyhurst Athletic Center, Erie, PA"
2025-12-20,Elon Phoenix,81,Virginia Tech Hokies,82,"Cassell Coliseum, Blacksburg, VA"
2025-12-20,Miami (OH) RedHawks,86,Ball State Cardinals,77,"Worthen Arena, Muncie, IN"
2025-12-20,Kent State Golden Flashes,69,Massachusetts Minutemen,59,"Mullins Center, Amherst, MA"
2025-12-20,Holy Cross Crusaders,53,Harvard Crimson,81,"Lavietes Pavilion, Cambridge, MA"
2025-12-20,Marshall Thundering Herd,63,Troy Trojans,70,"Trojan Arena, Troy, AL"
2025-12-20,Coastal Carolina Chanticleers,76,Old Dominion Monarchs,74,"Chartway Arena, Norfolk, VA"
2025-12-20,College Of Biblical Studies Ambassadors,51,UT Rio Grande Valley Vaqueros,109,"UTRGV Fieldhouse, Edinburg, TX"
2025-12-20,Denver Pioneers,86,Northern Colorado Bears,79,"Bank of Colorado Arena, Greeley, CO"
2025-12-20,Central Michigan Chippewas,73,Northern Illinois Huskies,74,"NIU Convocation Center, Dekalb, IL"
2025-12-20,Louisiana Ragin' Cajuns,76,UL Monroe Warhawks,62,"Fant-Ewing Coliseum, Monroe, LA"
2025-12-20,South Alabama Jaguars,65,Texas State Bobcats,67,"Strahan Arena at the University Events Center, San Marcos, TX"
2025-12-20,Memphis Tigers,66,Mississippi State Bulldogs,71,"Humphrey Coliseum, Starkville, MS"
2025-12-20,Jacksonville State Gamecocks,81,East Tennessee State Buccaneers,75,"Freedom Hall (TN), Johnson City, TN"
2025-12-20,Grand Canyon Lopes,82,Wyoming Cowboys,70,"Arena-Auditorium, Laramie, WY"
2025-12-20,Northwestern Wildcats,58,Butler Bulldogs,61,"Gainbridge Fieldhouse, Indianapolis, IN"
2025-12-20,Northeastern Huskies,83,Syracuse Orange,91,"JMA Wireless Dome, Syracuse, NY"
2025-12-20,Bowling Green Falcons,68,Ohio Bobcats,58,"Convocation Center (OH), Athens, OH"
2025-12-20,UT Martin Skyhawks,86,Tennessee Tech Golden Eagles,62,"Hooper Eblen Center, Cookeville, TN"
2025-12-20,Mid-Atlantic Christian Mustangs,55,North Carolina A&T Aggies,95,"Corbett Sports Center, Greensboro, NC"
2025-12-20,Arkansas State Red Wolves,93,Southern Miss Golden Eagles,86,"Reed Green Coliseum, Hattiesburg, MS"
2025-12-20,Southeast Missouri State Redhawks,91,Tennessee State Tigers,82,"Gentry Center, Nashville, TN"
2025-12-20,Morehead State Eagles,64,Southern Indiana Screaming Eagles,60,"Liberty Arena (IN), Evansville, IN"
2025-12-20,Bethesda University Flames,48,Utah Valley Wolverines,109,"UCCU Center, Orem, UT"
2025-12-20,Florida Gulf Coast Eagles,80,UCF Knights,102,"Addition Financial Arena, Orlando, FL"
2025-12-20,Loyola Chicago Ramblers,80,Santa Clara Broncos,78,"Kaiser Permanente Arena, Santa Cruz, CA"
2025-12-20,Mercer Bears,78,Washington State Cougars,84,"Beasley Coliseum, Pullman, WA"
2025-12-20,Long Island University Sharks,79,Florida International Panthers,86,"Ocean Bank Convocation Center, Miami, FL"
2025-12-20,James Madison Dukes,92,Georgia Southern Eagles,96,"Jack and Ruth Ann Hill Convocation Center, Statesboro, GA"
2025-12-20,The Citadel Bulldogs,56,Richmond Spiders,80,"Robins Center, Richmond, VA"
2025-12-20,Bucknell Bison,39,Iowa Hawkeyes,94,"Casey's Center, Des Moines, IA"
2025-12-20,Fresno State Bulldogs,72,UNLV Rebels,84,"Thomas & Mack Center, Las Vegas, NV"
2025-12-20,Omaha Mavericks,85,Lamar Cardinals,82,"Montagne Center, Beaumont, TX"
2025-12-20,Eastern Washington Eagles,77,Utah Utes,101,"Jon M. Huntsman Center, Salt Lake City, UT"
2025-12-20,Portland State Vikings,61,Tulane Green Wave,63,"Devlin Fieldhouse, New Orleans, LA"
2025-12-20,UC Riverside Highlanders,78,St. Thomas-Minnesota Tommies,92,"Lee & Penny Anderson Arena, Saint Paul, MN"
2025-12-20,Sacramento State Hornets,67,California Baptist Lancers,74,"Dale E. and Sarah Ann Fowler Events Center, Riverside, CA"
2025-12-20,Stanford Cardinal,77,Colorado Buffaloes,68,"Mortgage Matchup Center, Phoenix, AZ"
2025-12-20,Pennsylvania Quakers,69,Rutgers Scarlet Knights,70,"Jersey Mike’s Arena, Piscataway, NJ"
2025-12-20,Xavier Musketeers,80,Georgetown Hoyas,77,"Capital One Arena, Washington, DC"
2025-12-20,Marquette Golden Eagles,63,Creighton Bluejays,84,"CHI Health Center Omaha, Omaha, NE"
2025-12-20,Southwestern Adventist Knights,36,Texas A&M-Corpus Christi Islanders,93,"American Bank Center, Corpus Christi, TX"
2025-12-20,San José State Spartans,65,New Mexico Lobos,88,"The Pit, Albuquerque, NM"
2025-12-20,Rice Owls,62,Pepperdine Waves,84,"Firestone Fieldhouse, Malibu, CA"
2025-12-20,Utah Tech Trailblazers,82,Weber State Wildcats,80,"Dee Events Center, Ogden, UT"
2025-12-20,Boise State Broncos,66,Nevada Wolf Pack,81,"Lawlor Events Center, Reno, NV"
2025-12-21,La Salle Explorers,50,Michigan Wolverines,102,"Crisler Center, Ann Arbor, MI"
2025-12-21,Long Beach State Beach,60,Iowa State Cyclones,91,"Hilton Coliseum, Ames, IA"
2025-12-21,UConn Huskies,72,DePaul Blue Demons,54,"Wintrust Arena, Chicago, IL"
2025-12-21,Gonzaga Bulldogs,91,Oregon Ducks,82,"Moda Center, Portland, OR"
2025-12-21,Vanderbilt Commodores,98,Wake Forest Demon Deacons,67,"LJVM Coliseum, Winston-Salem, NC"
2025-12-21,North Dakota Fighting Hawks,55,Nebraska Cornhuskers,78,"Pinnacle Bank Arena, Lincoln, NE"
2025-12-21,Kennesaw State Owls,81,Alabama Crimson Tide,92,"Propst Arena, Huntsville, AL"
2025-12-21,Gardner-Webb Runnin' Bulldogs,52,Tennessee Volunteers,94,"Food City Center, Knoxville, TN"
2025-12-21,Colgate Raiders,60,Florida Gators,90,"Stephen C. O'Connell Center, Gainesville, FL"
2025-12-21,Clinton College Golden Bears,41,Winthrop Eagles,107,"Winthrop Coliseum, Rock Hill, SC"
2025-12-21,UMass Lowell River Hawks,76,Boston University Terriers,88,"Case Gym, Boston, MA"
2025-12-21,Charleston Cougars,85,Northern Kentucky Norse,74,"Truist Arena, Highland Heights, KY"
2025-12-21,Rosemont Ravens,23,Navy Midshipmen,70,"Alumni Hall (Navy), Annapolis, MD"
2025-12-21,Pittsburgh Panthers,80,Penn State Nittany Lions,46,"Giant Center, Hershey, PA"
2025-12-21,Penn State (Brandywine) Lions,42,Mount St. Mary's Mountaineers,73,"Knott Arena, Emmitsburg, MD"
2025-12-21,Lehigh Mountain Hawks,62,Monmouth Hawks,76,"OceanFirst Bank Center, West Long Branch, NJ"
2025-12-21,Quinnipiac Bobcats,66,Hofstra Pride,74,"David S. Mack Sports and Exhibition Complex, Hempstead, NY"
2025-12-21,Southern Jaguars,67,Baylor Bears,111,"Foster Pavilion, Waco, TX"
2025-12-21,Ole Miss Rebels,62,NC State Wolfpack,76,"First Horizon Coliseum, Greensboro, NC"
2025-12-21,Stony Brook Seawolves,51,Marist Red Foxes,70,"McCann Arena, Poughkeepsie, NY"
2025-12-21,Holy Family University Tigers,61,Delaware State Hornets,73,"Memorial Hall (DE), Dover, DE"
2025-12-21,Murray State Racers,85,Valparaiso Beacons,79,"Athletics-Recreation Center, Valparaiso, IN"
2025-12-21,Southern Illinois Salukis,69,Bradley Braves,73,"Carver Arena, Peoria, IL"
2025-12-21,Virginia-Lynchburg Dragons,53,UNC Greensboro Spartans,131,"Bodford Arena, Greensboro, NC"
2025-12-21,Dallas Crusaders,55,Stephen F. Austin Lumberjacks,103,"William R. Johnson Coliseum, Nacogdoches, TX"
2025-12-21,Presbyterian Blue Hose,81,Manhattan Jaspers,87,"Draddy Gymnasium, Riverdale, NY"
2025-12-21,Cumberland (TN) Phoenix,58,Middle Tennessee Blue Raiders,74,"Murphy Center, Murfreesboro, TN"
2025-12-21,Charleston Southern Buccaneers,76,Furman Paladins,84,"Timmons Arena, Greenville, SC"
2025-12-21,UIC Flames,76,Charlotte 49ers,88,"Halton Arena, Charlotte, NC"
2025-12-21,Maine Black Bears,56,Drexel Dragons,74,"Daskalakis Athletic Center, Philadelphia, PA"
2025-12-21,Loyola Maryland Greyhounds,79,George Mason Patriots,86,"EagleBank Arena, Fairfax, VA"
2025-12-21,Central Arkansas Bears,82,SMU Mustangs,99,"Moody Coliseum (Dallas), Dallas, TX"
2025-12-21,Purdue Fort Wayne Mastodons,72,Notre Dame Fighting Irish,69,"Purcell Pavilion, South Bend, IN"
2025-12-21,Cal State Fullerton Titans,89,Oklahoma State Cowboys,94,"Gallagher-Iba Arena, Stillwater, OK"
2025-12-21,VMI Keydets,90,Radford Highlanders,97,"The Dedmon Center, Radford, VA"
2025-12-21,Cornell Big Red,83,UAlbany Great Danes,75,"Broadview Center, Albany, NY"
2025-12-21,Chattanooga Mocs,73,Alabama A&M Bulldogs,66,"Event Center, Huntsville, AL"
2025-12-21,UNC Asheville Bulldogs,47,UAB Blazers,72,"Bartow Arena, Birmingham, AL"
2025-12-21,UMBC Retrievers,69,South Florida Bulls,94,"Yuengling Center, Tampa, FL"
2025-12-21,Northern Arizona Lumberjacks,66,Incarnate Word Cardinals,90,"McDermott Center, San Antonio, TX"
2025-12-21,Oregon State Beavers,78,Arizona State Sun Devils,75,"Desert Financial Arena, Tempe, AZ"
2025-12-21,New Hampshire Wildcats,79,Saint Louis Billikens,93,"Chaifetz Arena, St. Louis, MO"
2025-12-21,Cincinnati Bearcats,65,Clemson Tigers,68,"Bon Secours Wellness Arena, Greenville, SC"
2025-12-21,UC Santa Cruz Banana Slugs,63,USC Trojans,102,"Galen Center, Los Angeles, CA"
2025-12-21,Drake Bulldogs,66,Evansville Purple Aces,65,"Ford Center, Evansville, IN"
2025-12-21,East Texas A&M Lions,77,Texas A&M Aggies,118,"Reed Arena, College Station, TX"
2025-12-21,Florida A&M Rattlers,56,TCU Horned Frogs,80,"Schollmaier Arena, Fort Worth, TX"
2025-12-21,North Florida Ospreys,67,Miami Hurricanes,105,"Watsco Center, Coral Gables, FL"
2025-12-21,Sam Houston Bearkats,78,New Mexico State Aggies,87,"Pan American Center, Las Cruces, NM"
2025-12-21,Indiana State Sycamores,65,Illinois State Redbirds,85,"CEFCU Arena, Normal, IL"
2025-12-21,Eastern Kentucky Colonels,57,Wichita State Shockers,88,"Charles Koch Arena, Wichita, KS"
2025-12-21,Milwaukee Panthers,81,Cleveland State Vikings,71,"Wolstein Center, Cleveland, OH"
2025-12-21,Columbia Lions,56,California Golden Bears,74,"Haas Pavilion, Berkeley, CA"
2025-12-21,Campbell Fighting Camels,50,Minnesota Golden Gophers,78,"Williams Arena, Minneapolis, MN"
2025-12-21,UC Davis Aggies,93,Idaho State Bengals,83,"Reed Gym, Pocatello, ID"
2025-12-21,Morgan State Bears,64,San Francisco Dons,94,"The Sobrato Center, San Francisco, CA"
2025-12-21,UC Irvine Anteaters,74,North Dakota State Bison,73,"Don Haskins Center, El Paso, TX"
2025-12-21,Nicholls Colonels,82,Pacific Tigers,95,"Alex G. Spanos Center, Stockton, CA"
2025-12-21,Idaho Vandals,83,Cal Poly Mustangs,80,"Mott Athletics Center, San Luis Obispo, CA"
2025-12-21,Norfolk State Spartans,72,UTEP Miners,71,"Don Haskins Center, El Paso, TX"
2025-12-22,Bethune-Cookman Wildcats,71,Arizona Wildcats,107,"McKale Memorial Center, Tucson, AZ"
2025-12-22,Eastern Washington Eagles,81,BYU Cougars,109,"Marriott Center, Provo, UT"
2025-12-22,East Carolina Pirates,51,North Carolina Tar Heels,99,"Dean E. Smith Center, Chapel Hill, NC"
2025-12-22,Davidson Wildcats,61,Kansas Jayhawks,90,"Allen Fieldhouse, Lawrence, KS"
2025-12-22,Missouri Tigers,48,Illinois Fighting Illini,91,"Enterprise Center, St. Louis, MO"
2025-12-22,American University Eagles,51,Virginia Cavaliers,95,"John Paul Jones Arena, Charlottesville, VA"
2025-12-22,West Georgia Wolves,74,Georgia Bulldogs,103,"Stegeman Coliseum, Athens, GA"
2025-12-22,New Haven Chargers,47,Fordham Rams,65,"Rose Hill Gym, Bronx, NY"
2025-12-22,Manor College Blue Jays,57,Wagner Seahawks,74,"Spiro Sports Center, Staten Island, NY"
2025-12-22,Centenary (NJ) Cyclones,50,Saint Peter's Peacocks,116,"Yanitelli Center, Jersey City, NJ"
2025-12-22,Miami (OH)-Hamilton Harriers,59,Ohio Bobcats,102,"Convocation Center (OH), Athens, OH"
2025-12-22,Trinity College of Jacksonville Eagles,70,Florida International Panthers,121,"Ocean Bank Convocation Center, Miami, FL"
2025-12-22,Massachusetts-Boston Beacons,40,Massachusetts Minutemen,91,"Mullins Center, Amherst, MA"
2025-12-22,St. Mary's (MD) Seahawks,40,George Washington Revolutionaries,97,"Charles E. Smith Center, Washington, DC"
2025-12-22,Milligan Buffaloes,81,Miami (OH) RedHawks,135,"Millett Hall, Oxford, OH"
2025-12-22,Defiance Yellow Jackets,57,Western Michigan Broncos,94,"University Arena (MI), Kalamazoo, MI"
2025-12-22,Science & Arts (OK) Drovers,56,North Texas Mean Green,109,"The Super Pit, Denton, TX"
2025-12-22,Dallas Christian Crusaders,37,Louisiana Tech Bulldogs,90,"Thomas Assembly Center, Ruston, LA"
2025-12-22,Sacred Heart Pioneers,47,Towson Tigers,72,"SECU Arena, Towson, MD"
2025-12-22,Siena Heights Saints,66,Bowling Green Falcons,125,"Stroh Center, Bowling Green, OH"
2025-12-22,NJIT Highlanders,52,Butler Bulldogs,101,"Hinkle Fieldhouse, Indianapolis, IN"
2025-12-22,Denver Pioneers,85,Tulsa Golden Hurricane,90,"Reynolds Center, Tulsa, OK"
2025-12-22,Northwest University Eagles,54,Montana State Bobcats,93,"Worthington Arena, Bozeman, MT"
2025-12-22,Seattle U Redhawks,71,UTSA Roadrunners,68,"UTSA Convocation Center, San Antonio, TX"
2025-12-22,East-West University Phantoms,56,Eastern Illinois Panthers,110,"Groniger Arena, Charleston, IL"
2025-12-22,South Carolina State Bulldogs,70,South Carolina Gamecocks,95,"Colonial Life Arena, Columbia, SC"
2025-12-22,Greensboro College Pride,63,Elon Phoenix,97,"Schar Center, Elon, NC"
2025-12-22,Lincoln University (CA) Oaklanders,64,Weber State Wildcats,103,"Dee Events Center, Ogden, UT"
2025-12-22,Whittier Poets,59,San Diego State Aztecs,121,"Viejas Arena, San Diego, CA"
2025-12-22,SIU Edwardsville Cougars,66,Western Illinois Leathernecks,61,"Western Hall, Macomb, IL"
2025-12-22,Abilene Christian Wildcats,75,Texas Southern Tigers,68,"H&PE Arena, Houston, TX"
2025-12-22,Portland Pilots,61,UC Santa Barbara Gauchos,79,"The Thunderdome, Santa Barbara, CA"
2025-12-22,Siena Saints,60,Indiana Hoosiers,81,"Simon Skjodt Assembly Hall, Bloomington, IN"
2025-12-22,Penn State-Behrend Lions,63,Buffalo Bulls,92,"Alumni Arena, Buffalo, NY"
2025-12-22,Coppin State Eagles,67,Georgetown Hoyas,97,"Capital One Arena, Washington, DC"
2025-12-22,North Dakota State Bison,66,UTEP Miners,76,"Don Haskins Center, El Paso, TX"
2025-12-22,Prairie View A&M Panthers,90,LSU Tigers,104,"Pete Maravich Assembly Center, Baton Rouge, LA"
2025-12-22,Princeton Tigers,61,Temple Owls,65,"Liacouras Center, Philadelphia, PA"
2025-12-22,Eastern Michigan Eagles,64,Wright State Raiders,70,"Nutter Center, Dayton, OH"
2025-12-22,Jacksonville Dolphins,63,Florida State Seminoles,87,"Tucker Center, Tallahassee, FL"
2025-12-22,City College NY Beavers,58,Fairfield Stags,121,"Leo D. Mahoney Arena, Fairfield, CT"
2025-12-22,Coastal Carolina Chanticleers,68,Saint Joseph's Hawks,62,"Michael J. Hagan '85 Arena, Philadelphia, PA"
2025-12-22,Bryant Bulldogs,47,High Point Panthers,93,"Qubein Center, High Point, NC"
2025-12-22,Mississippi Valley State Delta Devils,51,West Virginia Mountaineers,86,"WVU Coliseum, Morgantown, WV"
2025-12-22,Stonehill Skyhawks,48,Syracuse Orange,77,"JMA Wireless Dome, Syracuse, NY"
2025-12-22,Northeastern Huskies,77,Rhode Island Rams,85,"Thomas M. Ryan Center, Kingston, RI"
2025-12-22,Canisius Golden Griffins,59,Duquesne Dukes,103,"UPMC Cooper Fieldhouse, Pittsburgh, PA"
2025-12-22,Rider Broncs,79,VCU Rams,100,"Siegel Center, Richmond, VA"
2025-12-22,Fairleigh Dickinson Knights,61,Boston College Eagles,72,"Conte Forum, Chestnut Hill, MA"
2025-12-22,Alabama State Hornets,67,Memphis Tigers,88,"FedExForum, Memphis, TN"
2025-12-22,Williams Baptist Eagles,84,Little Rock Trojans,98,"Jack Stephens Center, Little Rock, AR"
2025-12-22,UT Arlington Mavericks,69,Oral Roberts Golden Eagles,57,"Mabee Center, Tulsa, OK"
2025-12-22,Central Michigan Chippewas,61,Wisconsin Badgers,88,"Kohl Center, Madison, WI"
2025-12-22,IU Indianapolis Jaguars,78,Grand Canyon Lopes,91,"Global Credit Union Arena, Phoenix, AZ"
2025-12-22,Maryland Eastern Shore Hawks,71,Texas Longhorns,94,"Moody Center, Austin, TX"
2025-12-22,Utah Tech Trailblazers,69,Creighton Bluejays,92,"CHI Health Center Omaha, Omaha, NE"
2025-12-22,UC Irvine Anteaters,89,Norfolk State Spartans,70,"Don Haskins Center, El Paso, TX"
2025-12-22,Stetson Hatters,54,Oklahoma Sooners,107,"Lloyd Noble Center, Norman, OK"
2025-12-22,San Diego Toreros,56,Washington Huskies,86,"Alaska Airlines Arena, Seattle, WA"
2025-12-22,Sacramento State Hornets,88,Cal State Northridge Matadors,100,"Premier America Credit Union Arena, Northridge, CA"
2025-12-22,Northern Iowa Panthers,58,Saint Mary's Gaels,63,"University Credit Union Pavilion, Moraga, CA"
2025-12-23,Green Bay Phoenix,79,Campbell Fighting Camels,102,"John W. Pope Jr. Convocation Center, Buies Creek, NC"
2025-12-23,Binghamton Bearcats,85,Army Black Knights,95,"Christl Arena, West Point, NY"
2025-12-23,Bellarmine Knights,85,Kentucky Wildcats,99,"Rupp Arena, Lexington, KY"
2025-12-23,Grambling Tigers,63,Ohio State Buckeyes,89,"Value City Arena, Columbus, OH"
2025-12-23,Florida Atlantic Owls,80,UCF Knights,85,"Addition Financial Arena, Orlando, FL"
2025-12-23,Lindenwood Lions,65,Missouri State Bears,70,"Great Southern Bank Arena, Springfield, MO"
2025-12-23,UC Riverside Highlanders,65,UCLA Bruins,97,"Pauley Pavilion, Los Angeles, CA"
2025-12-23,Idaho Vandals,63,Cal State Bakersfield Roadrunners,64,"Icardo Center, Bakersfield, CA"
2025-12-23,Morgan State Bears,56,Loyola Marymount Lions,83,"Gersten Pavilion, Los Angeles, CA"
2025-12-23,Harvard Crimson,59,St. John's Red Storm,85,"Carnesecca Arena, Queens, NY"
2025-12-23,WVU Tech Golden Bears,52,Marshall Thundering Herd,102,"Cam Henderson Center, Huntington, WV"
2025-12-23,Villanova Wildcats,64,Seton Hall Pirates,56,"Prudential Center, Newark, NJ"
2025-12-27,Columbia College (SC) Fighting Koalas,56,UNC Wilmington Seahawks,100,"Trask Coliseum, Wilmington, NC"
2025-12-27,Cleary University Cougars,49,Duquesne Dukes,99,"UPMC Cooper Fieldhouse, Pittsburgh, PA"
2025-12-27,Cal State Northridge Matadors,80,Stanford Cardinal,88,"Maples Pavilion, Stanford, CA"
2025-12-28,Gonzaga Bulldogs,96,Pepperdine Waves,56,"Firestone Fieldhouse, Malibu, CA"
2025-12-28,Winthrop Eagles,57,Texas Tech Red Raiders,87,"United Supermarkets Arena, Lubbock, TX"
2025-12-28,Arcadia ARCADIA,65,Saint Joseph's Hawks,87,"Michael J. Hagan '85 Arena, Philadelphia, PA"
2025-12-28,Worcester State Lancers,59,Bryant Bulldogs,95,"Chace Athletic Center, Smithfield, RI"
2025-12-28,Baptist (Fl) Eagles,49,Mercer Bears,122,"Hawkins Arena, Macon, GA"
2025-12-28,Alice Lloyd College Eagles,65,Morehead State Eagles,115,"Ellis T. Johnson Arena, Morehead, KY"
2025-12-28,North Central (MN) Rams,59,St. Thomas-Minnesota Tommies,105,"Lee & Penny Anderson Arena, Saint Paul, MN"
2025-12-28,Dakota State Trojans,56,North Dakota Fighting Hawks,88,"Betty Engelstad Sioux Center, Grand Forks, ND"
2025-12-28,Union (KY) Bulldogs,54,Wofford Terriers,88,"Jerry Richardson Indoor Stadium, Spartanburg, SC"
2025-12-28,Pfeiffer Falcons,64,High Point Panthers,123,"Qubein Center, High Point, NC"
2025-12-28,Fort Lauderdale Eagles,43,Florida Gulf Coast Eagles,84,"Alico Arena, Fort Myers, FL"
2025-12-28,UL Monroe Warhawks,85,Kansas State Wildcats,94,"Bramlage Coliseum, Manhattan, KS"
2025-12-28,Columbia Lions,90,North Florida Ospreys,82,"UNF Arena, Jacksonville, FL"
2025-12-28,Le Moyne Dolphins,64,Boston College Eagles,72,"Conte Forum, Chestnut Hill, MA"
2025-12-28,Harvard Crimson,78,Colgate Raiders,69,"Cotterell Court, Hamilton, NY"
2025-12-28,Mount Marty College Lancers,61,South Dakota Coyotes,85,"Sanford Coyote Sports Center, Vermillion, SD"
2025-12-28,Liberty Flames,97,Florida International Panthers,94,"Ocean Bank Convocation Center, Miami, FL"
2025-12-28,Florida A&M Rattlers,65,Georgia Tech Yellow Jackets,89,"McCamish Pavilion, Atlanta, GA"
2025-12-28,Shenandoah Hornets,44,Radford Highlanders,87,"The Dedmon Center, Radford, VA"
2025-12-28,Norfolk State Spartans,54,Louisiana Ragin' Cajuns,63,"Cajundome, Lafayette, LA"
2025-12-28,Averett Cougars,49,Longwood Lancers,92,"Joan Perry Brock Center, Farmville, VA"
2025-12-28,Northern Colorado Bears,86,Colorado Buffaloes,81,"CU Events Center, Boulder, CO"
2025-12-28,Cal State Fullerton Titans,63,SMU Mustangs,110,"Moody Coliseum (Dallas), Dallas, TX"
2025-12-28,Principia College PRINCIPIA,33,Saint Louis Billikens,114,"Chaifetz Arena, St. Louis, MO"
2025-12-28,College Of Biblical Studies Ambassadors,57,Sam Houston Bearkats,117,"Bernard G. Johnson Coliseum, Huntsville, TX"
2025-12-28,University of The Southwest Mustangs,33,New Mexico State Aggies,104,"Pan American Center, Las Cruces, NM"
2025-12-28,Truett-McConnell Bears,64,Presbyterian Blue Hose,91,"Templeton Center, Clinton, SC"
2025-12-28,Charleston Southern Buccaneers,77,Richmond Spiders,72,"Robins Center, Richmond, VA"
2025-12-28,Columbia College (SC) Fighting Koalas,72,Georgia State Panthers,110,"GSU Convocation Center, Atlanta, GA"
2025-12-28,Washington State Cougars,67,Portland Pilots,62,"Chiles Center, Portland, OR"
2025-12-28,Pacific Union PACIFIC UNION,52,UC Davis Aggies,108,"University Credit Union Center, Davis, CA"
2025-12-28,Pennsylvania Quakers,79,George Mason Patriots,83,"EagleBank Arena, Fairfax, VA"
2025-12-28,Fisk Bulldogs,59,Austin Peay Governors,110,"F&M Bank Arena, Clarksville, TN"
2025-12-28,McPherson Mcpherson,78,Kansas City Roos,91,"Swinney Center, Kansas City, MO"
2025-12-28,Santa Clara Broncos,102,Oregon State Beavers,64,"Gill Coliseum, Corvallis, OR"
2025-12-28,Pacific Tigers,54,San Diego Toreros,66,"Jenny Craig Pavilion, San Diego, CA"
2025-12-28,Old Dominion Monarchs,58,Maryland Terrapins,73,"XFINITY Center, College Park, MD"
2025-12-28,Saint Mary's Gaels,78,Loyola Marymount Lions,73,"Gersten Pavilion, Los Angeles, CA"
2025-12-28,Stanton Elks,62,UC San Diego Tritons,85,"LionTree Arena, San Diego, CA"
2025-12-28,San Francisco Dons,67,Seattle U Redhawks,59,"Redhawk Center, Seattle, WA"
2025-12-28,Omaha Mavericks,57,Oregon Ducks,80,"Matthew Knight Arena, Eugene, OR"
2025-12-29,South Dakota State Jackrabbits,71,Arizona Wildcats,99,"McKale Memorial Center, Tucson, AZ"
2025-12-29,McNeese Cowboys,71,Michigan Wolverines,112,"Crisler Center, Ann Arbor, MI"
2025-12-29,Houston Christian Huskies,61,Iowa State Cyclones,89,"Hilton Coliseum, Ames, IA"
2025-12-29,Kent State Golden Flashes,60,Purdue Boilermakers,101,"Mackey Arena, West Lafayette, IN"
2025-12-29,Middle Tennessee Blue Raiders,60,Houston Cougars,69,"Fertitta Center, Houston, TX"
2025-12-29,Cornell Big Red,97,Michigan State Spartans,114,"Breslin Center, East Lansing, MI"
2025-12-29,New Haven Chargers,53,Vanderbilt Commodores,96,"Memorial Gymnasium (TN), Nashville, TN"
2025-12-29,Yale Bulldogs,78,Alabama Crimson Tide,102,"Coleman Coliseum, Tuscaloosa, AL"
2025-12-29,James Madison Dukes,74,Arkansas Razorbacks,103,"Bud Walton Arena, Fayetteville, AR"
2025-12-29,Southern Jaguars,55,Illinois Fighting Illini,90,"State Farm Center, Champaign, IL"
2025-12-29,Dartmouth Big Green,72,Florida Gators,94,"Stephen C. O'Connell Center, Gainesville, FL"
2025-12-29,Long Island University Sharks,74,Georgia Bulldogs,89,"Stegeman Coliseum, Athens, GA"
2025-12-29,UMass Lowell River Hawks,62,Iowa Hawkeyes,90,"Carver-Hawkeye Arena, Iowa City, IA"
2025-12-29,North Carolina Central Eagles,67,Penn State Nittany Lions,90,"Bryce Jordan Center, University Park, PA"
2025-12-29,Merrimack Warriors,80,Sacred Heart Pioneers,72,"William H. Pitt Center, Fairfield, CT"
2025-12-29,Missouri State Bears,61,Delaware Blue Hens,43,"Bob Carpenter Center, Newark, DE"
2025-12-29,SUNY-Canton Roos,60,NJIT Highlanders,95,"Joel & Diane Bloom Wellness and Events Center, Newark, NJ"
2025-12-29,Illinois Tech Scarlet Hawks,64,UIC Flames,102,"Credit Union 1 Arena, Chicago, IL"
2025-12-29,Elmira Soaring Eagles,60,Binghamton Bearcats,100,"Events Center (Binghamton), Binghamton, NY"
2025-12-29,Arlington Baptist Patriots,61,Baylor Bears,124,"Foster Pavilion, Waco, TX"
2025-12-29,Marist Red Foxes,58,Quinnipiac Bobcats,64,"M&T Bank Arena, Hamden, CT"
2025-12-29,Georgia College Bobcats,50,South Florida Bulls,111,"Yuengling Center, Tampa, FL"
2025-12-29,Towson Tigers,70,William & Mary Tribe,84,"Kaplan Arena, Williamsburg, VA"
2025-12-29,UMBC Retrievers,93,Coppin State Eagles,59,"Physical Education Complex, Baltimore, MD"
2025-12-29,Detroit Mercy Titans,73,Youngstown State Penguins,68,"Beeghly Center, Youngstown, OH"
2025-12-29,Southern Illinois Salukis,81,Murray State Racers,84,"CFSB Center, Murray, KY"
2025-12-29,Belmont Bruins,80,Indiana State Sycamores,81,"Hulman Center, Terre Haute, IN"
2025-12-29,Delaware State Hornets,50,Rutgers Scarlet Knights,65,"Jersey Mike’s Arena, Piscataway, NJ"
2025-12-29,Saint Peter's Peacocks,70,Fairfield Stags,66,"Leo D. Mahoney Arena, Fairfield, CT"
2025-12-29,Earlham College Quakers,30,Ball State Cardinals,93,"Worthen Arena, Muncie, IN"
2025-12-29,Concord Mountain Lions,64,Akron Zips,115,"James A. Rhodes Arena, Akron, OH"
2025-12-29,Lipscomb Bisons,62,Cincinnati Bearcats,89,"Fifth Third Arena, Cincinnati, OH"
2025-12-29,Oakland Golden Grizzlies,73,Wright State Raiders,88,"Nutter Center, Dayton, OH"
2025-12-29,Northern Kentucky Norse,79,Robert Morris Colonials,77,"UPMC Events Center, Moon Township, PA"
2025-12-29,IU Indianapolis Jaguars,86,Cleveland State Vikings,99,"Wolstein Center, Cleveland, OH"
2025-12-29,Iona Gaels,59,Mount St. Mary's Mountaineers,66,"Knott Arena, Emmitsburg, MD"
2025-12-29,Manhattan Jaspers,74,Rider Broncs,71,"Alumni Gymnasium (Rider), Lawrenceville, NJ"
2025-12-29,UNC Wilmington Seahawks,87,North Carolina A&T Aggies,78,"Corbett Sports Center, Greensboro, NC"
2025-12-29,Drexel Dragons,63,Charleston Cougars,72,"TD Arena, Charleston, SC"
2025-12-29,Campbell Fighting Camels,72,Hofstra Pride,86,"David S. Mack Sports and Exhibition Complex, Hempstead, NY"
2025-12-29,Stony Brook Seawolves,59,Hampton Pirates,62,"Convocation Center (VA), Hampton, VA"
2025-12-29,Northeastern Huskies,91,Elon Phoenix,103,"Schar Center, Elon, NC"
2025-12-29,Western Kentucky Hilltoppers,67,Jacksonville State Gamecocks,78,"Pete Mathews Coliseum, Jacksonville, AL"
2025-12-29,Alabama State Hornets,56,Mississippi State Bulldogs,94,"Humphrey Coliseum, Starkville, MS"
2025-12-29,Lamar Cardinals,76,Northwestern State Demons,61,"Prather Coliseum, Natchitoches, LA"
2025-12-29,Stephen F. Austin Lumberjacks,75,East Texas A&M Lions,48,"The Field House, Commerce, TX"
2025-12-29,UTEP Miners,63,Louisiana Tech Bulldogs,75,"Thomas Assembly Center, Ruston, LA"
2025-12-29,Mobile Rams,52,South Alabama Jaguars,85,"Mitchell Center, Mobile, AL"
2025-12-29,Valparaiso Beacons,48,Northern Iowa Panthers,58,"McLeod Center, Cedar Falls, IA"
2025-12-29,Evansville Purple Aces,68,Bradley Braves,76,"Carver Arena, Peoria, IL"
2025-12-29,Alcorn State Braves,43,Ole Miss Rebels,79,"The Sandy and John Black Pavilion at Ole Miss, Oxford, MS"
2025-12-29,Southern Miss Golden Eagles,62,LSU Tigers,90,"Pete Maravich Assembly Center, Baton Rouge, LA"
2025-12-29,Prairie View A&M Panthers,82,Texas A&M Aggies,111,"Reed Arena, College Station, TX"
2025-12-29,Mississippi Valley State Delta Devils,69,Oklahoma Sooners,93,"Lloyd Noble Center, Norman, OK"
2025-12-29,Benedictine (AZ) Redhawks,60,Northern Arizona Lumberjacks,112,"J. Lawrence Walkup Skydome, Flagstaff, AZ"
2025-12-29,Purdue Fort Wayne Mastodons,55,Milwaukee Panthers,77,"UW-Milwaukee Panther Arena, Milwaukee, WI"
2025-12-29,Bethune-Cookman Wildcats,77,Oklahoma State Cowboys,103,"Gallagher-Iba Arena, Stillwater, OK"
2025-12-29,Jackson State Tigers,64,TCU Horned Frogs,115,"Schollmaier Arena, Fort Worth, TX"
2025-12-29,California Baptist Lancers,66,Utah Valley Wolverines,73,"UCCU Center, Orem, UT"
2025-12-29,Tarleton State Texans,69,UT Arlington Mavericks,63,"College Park Center, Arlington, TX"
2025-12-29,New Orleans Privateers,85,UT Rio Grande Valley Vaqueros,69,"UTRGV Fieldhouse, Edinburg, TX"
2025-12-29,Nicholls Colonels,76,Texas A&M-Corpus Christi Islanders,71,"American Bank Center, Corpus Christi, TX"
2025-12-29,Illinois State Redbirds,73,Drake Bulldogs,56,"Knapp Center, Des Moines, IA"
2025-12-29,Fairleigh Dickinson Knights,43,Minnesota Golden Gophers,60,"Williams Arena, Minneapolis, MN"
2025-12-29,Southern Utah Thunderbirds,66,Utah Tech Trailblazers,80,"Burns Arena, St. George, UT"
2025-12-29,Queens University Royals,65,Auburn Tigers,106,"Neville Arena, Auburn, AL"
2025-12-29,La Sierra Golden Eagles,47,UNLV Rebels,89,"Thomas & Mack Center, Las Vegas, NV"
2025-12-29,Utah Utes,65,Washington Huskies,74,"Alaska Airlines Arena, Seattle, WA"
2025-12-30,Gonzaga Bulldogs,99,San Diego Toreros,93,"Jenny Craig Pavilion, San Diego, CA"
2025-12-30,Florida State Seminoles,66,North Carolina Tar Heels,79,"Dean E. Smith Center, Chapel Hill, NC"
2025-12-30,New Hampshire Wildcats,55,Nebraska Cornhuskers,86,"Pinnacle Bank Arena, Lincoln, NE"
2025-12-30,Louisville Cardinals,90,California Golden Bears,70,"Haas Pavilion, Berkeley, CA"
2025-12-30,South Carolina State Bulldogs,54,Tennessee Volunteers,105,"Food City Center, Knoxville, TN"
2025-12-30,Centenary (LA) Gentlemen,58,Grambling Tigers,90,"Fredrick C. Hobdy Assembly Center, Grambling, LA"
2025-12-30,Vermont Catamounts,69,Princeton Tigers,75,"Jadwin Gymnasium, Princeton, NJ"
2025-12-30,Maine-Fort Kent Bengals,66,Maine Black Bears,104,"Skip Chappelle Court in Memorial Gymnasium, Orono, ME"
2025-12-30,SE Louisiana Lions,70,Incarnate Word Cardinals,79,"McDermott Center, San Antonio, TX"
2025-12-30,Ohio Bobcats,80,Central Michigan Chippewas,64,"McGuirk Arena, Mount Pleasant, MI"
2025-12-30,Wyoming Cowboys,68,Air Force Falcons,56,"Clune Arena, Colorado Springs, CO"
2025-12-30,Howard Bison,60,Northwestern Wildcats,80,"Welsh-Ryan Arena, Evanston, IL"
2025-12-30,UAlbany Great Danes,67,South Carolina Gamecocks,96,"Colonial Life Arena, Columbia, SC"
2025-12-30,Fisk Bulldogs,58,Alabama A&M Bulldogs,90,"Event Center, Huntsville, AL"
2025-12-30,Penn State (Brandywine) Lions,55,Morgan State Bears,92,"Hill Field House, Baltimore, MD"
2025-12-30,East Tennessee State Buccaneers,74,The Citadel Bulldogs,49,"McAlister Field House, Charleston, SC"
2025-12-30,Western Michigan Broncos,79,Toledo Rockets,84,"Savage Arena, Toledo, OH"
2025-12-30,Duquesne Dukes,89,Davidson Wildcats,83,"John M. Belk Arena, Davidson, NC"
2025-12-30,Temple Owls,76,Charlotte 49ers,73,"Halton Arena, Charlotte, NC"
2025-12-30,Seton Hall Pirates,79,Marquette Golden Eagles,73,"Fiserv Forum, Milwaukee, WI"
2025-12-30,Milwaukee Panthers,60,Wisconsin Badgers,80,"Kohl Center, Madison, WI"
2025-12-30,Pittsburgh Panthers,69,Miami Hurricanes,76,"Watsco Center, Coral Gables, FL"
2025-12-30,Miami (OH) RedHawks,93,Bowling Green Falcons,83,"Stroh Center, Bowling Green, OH"
2025-12-30,Huston-Tillotson Rams,56,Texas Southern Tigers,80,"H&PE Arena, Houston, TX"
2025-12-30,Arkansas Tech Wonder Boys,63,Arkansas State Red Wolves,107,"First National Bank Arena, Jonesboro, AR"
2025-12-30,Massachusetts Minutemen,74,Eastern Michigan Eagles,80,"Gervin GameAbove Center, Ypsilanti, MI"
2025-12-30,Tennessee State Tigers,88,Tennessee Tech Golden Eagles,76,"Hooper Eblen Center, Cookeville, TN"
2025-12-30,Nevada Wolf Pack,75,Colorado State Rams,62,"Moby Arena, Fort Collins, CO"
2025-12-30,Saint Mary's Gaels,72,Pepperdine Waves,45,"Firestone Fieldhouse, Malibu, CA"
2025-12-30,Utah State Aggies,72,Fresno State Bulldogs,63,"Save Mart Center, Fresno, CA"
2025-12-30,Notre Dame Fighting Irish,47,Stanford Cardinal,40,"Maples Pavilion, Stanford, CA"
2025-12-30,Butler Bulldogs,85,Creighton Bluejays,89,"CHI Health Center Omaha, Omaha, NE"
2025-12-30,Washington State Cougars,55,Seattle U Redhawks,69,"Climate Pledge Arena, Seattle, WA"
2025-12-30,Santa Clara Broncos,92,Portland Pilots,85,"Chiles Center, Portland, OR"
2025-12-30,San Francisco Dons,62,Oregon State Beavers,70,"Gill Coliseum, Corvallis, OR"
2025-12-30,Pacific Tigers,71,Loyola Marymount Lions,80,"Gersten Pavilion, Los Angeles, CA"
2025-12-30,San Diego State Aztecs,81,San José State Spartans,68,"Provident Credit Union Event Center, San Jose, CA"
2025-12-30,Lincoln University (CA) Oaklanders,66,Long Beach State Beach,113,"Walter Pyramid, Long Beach, CA"
2025-12-30,New Mexico Lobos,53,Boise State Broncos,62,"ExtraMile Arena, Boise, ID"
2025-12-31,UConn Huskies,90,Xavier Musketeers,67,"Cintas Center, Cincinnati, OH"
2025-12-31,Georgia Tech Yellow Jackets,79,Duke Blue Devils,85,"Cameron Indoor Stadium, Durham, NC"
2025-12-31,Virginia Cavaliers,85,Virginia Tech Hokies,95,"Cassell Coliseum, Blacksburg, VA"
2025-12-31,Loyola Chicago Ramblers,61,Rhode Island Rams,57,"Thomas M. Ryan Center, Kingston, RI"
2025-12-31,Tulane Green Wave,79,East Carolina Pirates,70,"Minges Coliseum, Greenville, NC"
2025-12-31,Army Black Knights,85,Lehigh Mountain Hawks,78,"Stabler Arena, Bethlehem, PA"
2025-12-31,Wake Forest Demon Deacons,57,NC State Wolfpack,70,"Lenovo Center, Raleigh, NC"
2025-12-31,Johnson & Wales (RI) Griffins,47,Brown Bears,105,"Pizzitola Sports Center, Providence, RI"
2025-12-31,Mercer Bears,72,Furman Paladins,74,"Timmons Arena, Greenville, SC"
2025-12-31,Lamar Cardinals,69,East Texas A&M Lions,62,"The Field House, Commerce, TX"
2025-12-31,UTSA Roadrunners,70,Florida Atlantic Owls,110,"Eleanor R. Baldwin Arena, Boca Raton, FL"
2025-12-31,Loyola Maryland Greyhounds,69,American University Eagles,84,"Bender Arena, Washington, DC"
2025-12-31,Boston University Terriers,77,Navy Midshipmen,82,"Alumni Hall (Navy), Annapolis, MD"
2025-12-31,Buffalo Bulls,81,Northern Illinois Huskies,67,"NIU Convocation Center, Dekalb, IL"
2025-12-31,Wofford Terriers,79,Western Carolina Catamounts,74,"Ramsey Center, Cullowhee, NC"
2025-12-31,South Alabama Jaguars,63,Louisiana Ragin' Cajuns,58,"Cajundome, Lafayette, LA"
2025-12-31,St. Bonaventure Bonnies,82,VCU Rams,89,"Siegel Center, Richmond, VA"
2025-12-31,George Mason Patriots,80,La Salle Explorers,75,"John Glaser Arena, Philadelphia, PA"
2025-12-31,Fordham Rams,56,Dayton Flyers,63,"UD Arena, Dayton, OH"
2025-12-31,Rice Owls,48,Tulsa Golden Hurricane,97,"Reynolds Center, Tulsa, OK"
2025-12-31,Bucknell Bison,58,Holy Cross Crusaders,65,"Hart Center, Worcester, MA"
2025-12-31,Radford Highlanders,76,South Carolina Upstate Spartans,69,"G.B. Hodge Center, Spartanburg, SC"
2025-12-31,High Point Panthers,87,UNC Asheville Bulldogs,69,"Kimmel Arena, Asheville, NC"
2025-12-31,Charleston Southern Buccaneers,89,Gardner-Webb Runnin' Bulldogs,79,"Paul Porter Arena, Boiling Springs, NC"
2025-12-31,Clemson Tigers,64,Syracuse Orange,61,"JMA Wireless Dome, Syracuse, NY"
2025-12-31,Penn St Abington Nittany Lions,51,Columbia Lions,106,"Levien Gymnasium, New York, NY"
2025-12-31,NJIT Highlanders,61,Pennsylvania Quakers,80,"The Palestra, Philadelphia, PA"
2025-12-31,Charleston Cougars,85,Elon Phoenix,81,"Schar Center, Elon, NC"
2025-12-31,Campbell Fighting Camels,68,Monmouth Hawks,65,"OceanFirst Bank Center, West Long Branch, NJ"
2025-12-31,Stony Brook Seawolves,57,William & Mary Tribe,76,"Kaplan Arena, Williamsburg, VA"
2025-12-31,Texas State Bobcats,80,Troy Trojans,100,"Trojan Arena, Troy, AL"
2025-12-31,App State Mountaineers,81,Old Dominion Monarchs,73,"Chartway Arena, Norfolk, VA"
2025-12-31,Towson Tigers,62,Hampton Pirates,63,"Convocation Center (VA), Hampton, VA"
2025-12-31,Colgate Raiders,85,Lafayette Leopards,77,"Kirby Sports Center, Easton, PA"
2025-12-31,Winthrop Eagles,70,Longwood Lancers,82,"Joan Perry Brock Center, Farmville, VA"
2025-12-31,Northeastern Huskies,85,North Carolina A&T Aggies,74,"Corbett Sports Center, Greensboro, NC"
2025-12-31,Saint Joseph's Hawks,79,Saint Louis Billikens,102,"Chaifetz Arena, St. Louis, MO"
2025-12-31,George Washington Revolutionaries,99,Richmond Spiders,85,"Robins Center, Richmond, VA"
2025-12-31,North Texas Mean Green,48,Memphis Tigers,57,"FedExForum, Memphis, TN"
2025-12-31,Wichita State Shockers,75,UAB Blazers,70,"Bartow Arena, Birmingham, AL"
2025-12-31,Kansas City Roos,74,Denver Pioneers,87,"Hamilton Gymnasium, Denver, CO"
2025-12-31,Georgia State Panthers,80,Marshall Thundering Herd,84,"Cam Henderson Center, Huntington, WV"
2025-12-31,Stephen F. Austin Lumberjacks,74,Northwestern State Demons,64,"Prather Coliseum, Natchitoches, LA"
2025-12-31,New Orleans Privateers,69,Texas A&M-Corpus Christi Islanders,83,"American Bank Center, Corpus Christi, TX"
2025-12-31,South Dakota Coyotes,61,North Dakota State Bison,84,"Scheels Center, Fargo, ND"
2025-12-31,Nicholls Colonels,71,UT Rio Grande Valley Vaqueros,69,"UTRGV Fieldhouse, Edinburg, TX"
2025-12-31,DePaul Blue Demons,66,Villanova Wildcats,71,"Finneran Pavilion, Villanova, PA"
2025-12-31,Drexel Dragons,53,UNC Wilmington Seahawks,65,"Trask Coliseum, Wilmington, NC"
2025-12-31,St. John's Red Storm,95,Georgetown Hoyas,83,"Capital One Arena, Washington, DC"
2026-01-01,Elms College Blazers,43,Dartmouth Big Green,107,"Leede Arena, Hanover, NH"
2026-01-01,Oakland Golden Grizzlies,85,Youngstown State Penguins,83,"Beeghly Center, Youngstown, OH"
2026-01-01,Samford Bulldogs,78,VMI Keydets,58,"Cameron Hall, Lexington, VA"
2026-01-01,Georgia Southern Eagles,82,Coastal Carolina Chanticleers,81,"The HTC Center, Conway, SC"
2026-01-01,Stetson Hatters,70,North Alabama Lions,67,"Flowers Hall, Florence, AL"
2026-01-01,Oral Roberts Golden Eagles,61,North Dakota Fighting Hawks,72,"Betty Engelstad Sioux Center, Grand Forks, ND"
2026-01-01,IU Indianapolis Jaguars,72,Northern Kentucky Norse,81,"Truist Arena, Highland Heights, KY"
2026-01-01,Milwaukee Panthers,70,Wright State Raiders,76,"Nutter Center, Dayton, OH"
2026-01-01,Green Bay Phoenix,72,Purdue Fort Wayne Mastodons,54,"Memorial Coliseum (IN), Fort Wayne, IN"
2026-01-01,Jacksonville Dolphins,57,Lipscomb Bisons,76,"Allen Arena, Nashville, TN"
2026-01-01,Florida Gulf Coast Eagles,83,Central Arkansas Bears,85,"Farris Center, Conway, AR"
2026-01-01,Valparaiso Beacons,70,Southern Illinois Salukis,75,"Banterra Center, Carbondale, IL"
2026-01-01,Evansville Purple Aces,47,Illinois State Redbirds,73,"CEFCU Arena, Normal, IL"
2026-01-01,California Baptist Lancers,51,UT Arlington Mavericks,63,"College Park Center, Arlington, TX"
2026-01-01,Chattanooga Mocs,72,UNC Greensboro Spartans,77,"Bodford Arena, Greensboro, NC"
2026-01-01,Portland State Vikings,95,Weber State Wildcats,90,"Dee Events Center, Ogden, UT"
2026-01-01,Western Illinois Leathernecks,60,UT Martin Skyhawks,67,"Kathleen and Tom Elam Center, Martin, TN"
2026-01-01,Southern Indiana Screaming Eagles,55,SIU Edwardsville Cougars,59,"First Community Arena, Edwardsville, IL"
2026-01-01,Morehead State Eagles,64,Lindenwood Lions,77,"Hyland Arena, Saint Charles, MO"
2026-01-01,Cal State Northridge Matadors,80,UC Davis Aggies,89,"University Credit Union Center, Davis, CA"
2026-01-01,UC Irvine Anteaters,81,Cal State Bakersfield Roadrunners,77,"Icardo Center, Bakersfield, CA"
2026-01-01,Southern Miss Golden Eagles,87,UL Monroe Warhawks,73,"Fant-Ewing Coliseum, Monroe, LA"
2026-01-01,Omaha Mavericks,69,South Dakota State Jackrabbits,84,"First Bank & Trust Arena, Brookings, SD"
2026-01-01,Northern Arizona Lumberjacks,64,Montana Grizzlies,78,"Dahlberg Arena, Missoula, MT"
2026-01-01,Tennessee Tech Golden Eagles,58,Little Rock Trojans,77,"Jack Stephens Center, Little Rock, AR"
2026-01-01,Bradley Braves,78,Belmont Bruins,88,"Curb Event Center Arena, Nashville, TN"
2026-01-01,Eastern Kentucky Colonels,89,Queens University Royals,91,"Curry Arena, Charlotte, NC"
2026-01-01,Bellarmine Knights,85,West Georgia Wolves,87,"The Coliseum, Carrollton, GA"
2026-01-01,Indiana State Sycamores,66,Northern Iowa Panthers,75,"McLeod Center, Cedar Falls, IA"
2026-01-01,Hawai'i Rainbow Warriors,88,UC Riverside Highlanders,45,"SRC Arena, Riverside, CA"
2026-01-01,North Florida Ospreys,83,Austin Peay Governors,102,"F&M Bank Arena, Clarksville, TN"
2026-01-01,Utah Valley Wolverines,91,Tarleton State Texans,85,"Wisdom Gym, Stephenville, TX"
2026-01-01,Utah Tech Trailblazers,79,Abilene Christian Wildcats,64,"Moody Coliseum (Abilene), Abilene, TX"
2026-01-01,Eastern Illinois Panthers,59,Southeast Missouri State Redhawks,68,"Show Me Center, Cape Girardeau, MO"
2026-01-01,Murray State Racers,81,UIC Flames,77,"Credit Union 1 Arena, Chicago, IL"
2026-01-01,Northern Colorado Bears,75,Montana State Bobcats,89,"Worthington Arena, Bozeman, MT"
2026-01-01,Sacramento State Hornets,84,Idaho State Bengals,97,"Reed Gym, Pocatello, ID"
2026-01-01,UC Santa Barbara Gauchos,84,Cal State Fullerton Titans,95,"Titan Gym, Fullerton, CA"
2026-01-01,UC San Diego Tritons,65,Cal Poly Mustangs,67,"Mott Athletics Center, San Luis Obispo, CA"
2026-01-02,USC Trojans,66,Michigan Wolverines,96,"Crisler Center, Ann Arbor, MI"
2026-01-02,West Virginia Mountaineers,59,Iowa State Cyclones,80,"Hilton Coliseum, Ames, IA"
2026-01-02,Seattle U Redhawks,72,Gonzaga Bulldogs,80,"McCarthey Athletic Center, Spokane, WA"
2026-01-02,Michigan State Spartans,56,Nebraska Cornhuskers,58,"Pinnacle Bank Arena, Lincoln, NE"
2026-01-02,Louisville Cardinals,76,Stanford Cardinal,80,"Maples Pavilion, Stanford, CA"
2026-01-02,New Mexico State Aggies,74,Florida International Panthers,89,"Ocean Bank Convocation Center, Miami, FL"
2026-01-02,Alfred State Pioneers,65,Cornell Big Red,133,"Newman Arena, Ithaca, NY"
2026-01-02,Mount St. Mary's Mountaineers,65,Merrimack Warriors,75,"Lawler Arena, North Andover, MA"
2026-01-02,Sacred Heart Pioneers,61,Niagara Purple Eagles,64,"Gallagher Center, Niagara Falls, NY"
2026-01-02,Fairfield Stags,81,Canisius Golden Griffins,85,"Koessler Athletic Center, Buffalo, NY"
2026-01-02,Sam Houston Bearkats,91,Western Kentucky Hilltoppers,102,"E.A. Diddle Arena, Bowling Green, KY"
2026-01-02,Robert Morris Colonials,85,Detroit Mercy Titans,77,"Calihan Hall, Detroit, MI"
2026-01-02,Siena Saints,72,Iona Gaels,75,"Hynes Athletics Center, New Rochelle, NY"
2026-01-02,Marist Red Foxes,59,Saint Peter's Peacocks,69,"Yanitelli Center, Jersey City, NJ"
2026-01-02,Quinnipiac Bobcats,79,Manhattan Jaspers,80,"Draddy Gymnasium, Riverdale, NY"
2026-01-02,Wagner Seahawks,79,Chicago State Cougars,72,"Jones Convocation Center, Chicago, IL"
2026-01-02,New Haven Chargers,70,Stonehill Skyhawks,55,"Merkert Gymnasium, South Easton, MA"
2026-01-02,Central Connecticut Blue Devils,78,Long Island University Sharks,84,"Steinberg Wellness Center, Brooklyn, NY"
2026-01-02,Le Moyne Dolphins,84,Saint Francis Red Flash,58,"DeGol Arena, Loretto, PA"
2026-01-02,Lamar Cardinals,70,McNeese Cowboys,82,"Townsley Law Arena, Lake Charles, LA"
2026-01-02,Kennesaw State Owls,73,Liberty Flames,81,"Liberty Arena (VA), Lynchburg, VA"
2026-01-02,Jacksonville State Gamecocks,67,Delaware Blue Hens,64,"Bob Carpenter Center, Newark, DE"
2026-01-02,Oregon Ducks,64,Maryland Terrapins,54,"XFINITY Center, College Park, MD"
2026-01-02,Fairleigh Dickinson Knights,74,Mercyhurst Lakers,67,"Mercyhurst Athletic Center, Erie, PA"
2026-01-02,Louisiana Tech Bulldogs,51,Middle Tennessee Blue Raiders,88,"Murphy Center, Murfreesboro, TN"
2026-01-02,Ohio State Buckeyes,80,Rutgers Scarlet Knights,73,"Jersey Mike’s Arena, Piscataway, NJ"
2026-01-02,UTEP Miners,55,Missouri State Bears,79,"Great Southern Bank Arena, Springfield, MO"
2026-01-02,Loyola Marymount Lions,76,Washington State Cougars,78,"Beasley Coliseum, Pullman, WA"
2026-01-02,San Diego Toreros,64,San Francisco Dons,74,"The Sobrato Center, San Francisco, CA"
2026-01-02,Portland Pilots,57,Saint Mary's Gaels,78,"University Credit Union Pavilion, Moraga, CA"
2026-01-02,Pepperdine Waves,63,Santa Clara Broncos,82,"Leavey Center, Santa Clara, CA"
2026-01-02,Oregon State Beavers,53,Pacific Tigers,84,"Alex G. Spanos Center, Stockton, CA"
2026-01-02,Notre Dame Fighting Irish,71,California Golden Bears,72,"Haas Pavilion, Berkeley, CA"
2026-01-03,Arizona Wildcats,97,Utah Utes,78,"Jon M. Huntsman Center, Salt Lake City, UT"
2026-01-03,Purdue Boilermakers,89,Wisconsin Badgers,73,"Kohl Center, Madison, WI"
2026-01-03,Duke Blue Devils,91,Florida State Seminoles,87,"Tucker Center, Tallahassee, FL"
2026-01-03,Houston Cougars,67,Cincinnati Bearcats,60,"Fifth Third Arena, Cincinnati, OH"
2026-01-03,BYU Cougars,83,Kansas State Wildcats,73,"Bramlage Coliseum, Manhattan, KS"
2026-01-03,Vanderbilt Commodores,83,South Carolina Gamecocks,71,"Colonial Life Arena, Columbia, SC"
2026-01-03,North Carolina Tar Heels,83,SMU Mustangs,97,"Moody Coliseum (Dallas), Dallas, TX"
2026-01-03,Kentucky Wildcats,74,Alabama Crimson Tide,89,"Coleman Coliseum, Tuscaloosa, AL"
2026-01-03,Oklahoma State Cowboys,80,Texas Tech Red Raiders,102,"United Supermarkets Arena, Lubbock, TX"
2026-01-03,Kansas Jayhawks,75,UCF Knights,81,"Addition Financial Arena, Orlando, FL"
2026-01-03,Tennessee Volunteers,75,Arkansas Razorbacks,86,"Bud Walton Arena, Fayetteville, AR"
2026-01-03,Illinois Fighting Illini,73,Penn State Nittany Lions,65,"The Palestra, Philadelphia, PA"
2026-01-03,Virginia Cavaliers,76,NC State Wolfpack,61,"Lenovo Center, Raleigh, NC"
2026-01-03,Florida Gators,74,Missouri Tigers,76,"Mizzou Arena, Columbia, MO"
2026-01-03,Auburn Tigers,100,Georgia Bulldogs,104,"Stegeman Coliseum, Athens, GA"
2026-01-03,UCLA Bruins,61,Iowa Hawkeyes,74,"Carver-Hawkeye Arena, Iowa City, IA"
2026-01-03,VCU Rams,93,Duquesne Dukes,80,"UPMC Cooper Fieldhouse, Pittsburgh, PA"
2026-01-03,UTSA Roadrunners,57,Temple Owls,76,"Liacouras Center, Philadelphia, PA"
2026-01-03,Villanova Wildcats,85,Butler Bulldogs,67,"Hinkle Fieldhouse, Indianapolis, IN"
2026-01-03,Providence Friars,77,St. John's Red Storm,71,"Madison Square Garden, New York, NY"
2026-01-03,Virginia Tech Hokies,78,Wake Forest Demon Deacons,81,"LJVM Coliseum, Winston-Salem, NC"
2026-01-03,Clemson Tigers,73,Pittsburgh Panthers,68,"Petersen Events Center, Pittsburgh, PA"
2026-01-03,Northeastern Huskies,82,Campbell Fighting Camels,97,"John W. Pope Jr. Convocation Center, Buies Creek, NC"
2026-01-03,Colgate Raiders,76,Army Black Knights,69,"Christl Arena, West Point, NY"
2026-01-03,American University Eagles,64,Boston University Terriers,62,"Case Gym, Boston, MA"
2026-01-03,Northern Illinois Huskies,73,Kent State Golden Flashes,77,"M.A.C. Center, Kent, OH"
2026-01-03,Vermont Catamounts,80,New Hampshire Wildcats,61,"Lundholm Gymnasium, Durham, NH"
2026-01-03,Chattanooga Mocs,71,VMI Keydets,79,"Cameron Hall, Lexington, VA"
2026-01-03,Wofford Terriers,95,The Citadel Bulldogs,86,"McAlister Field House, Charleston, SC"
2026-01-03,Southern Miss Golden Eagles,74,Louisiana Ragin' Cajuns,67,"Cajundome, Lafayette, LA"
2026-01-03,Georgia State Panthers,89,Coastal Carolina Chanticleers,71,"The HTC Center, Conway, SC"
2026-01-03,La Salle Explorers,55,George Washington Revolutionaries,77,"Charles E. Smith Center, Washington, DC"
2026-01-03,Dayton Flyers,70,Loyola Chicago Ramblers,68,"Gentile Arena, Chicago, IL"
2026-01-03,Baylor Bears,63,TCU Horned Frogs,69,"Schollmaier Arena, Fort Worth, TX"
2026-01-03,South Carolina Upstate Spartans,77,Presbyterian Blue Hose,86,"Templeton Center, Clinton, SC"
2026-01-03,UNC Asheville Bulldogs,83,Charleston Southern Buccaneers,86,"Buccaneer Fieldhouse, Charleston, SC"
2026-01-03,Longwood Lancers,67,High Point Panthers,80,"Qubein Center, High Point, NC"
2026-01-03,Xavier Musketeers,77,DePaul Blue Demons,86,"Wintrust Arena, Chicago, IL"
2026-01-03,Navy Midshipmen,65,Holy Cross Crusaders,58,"Hart Center, Worcester, MA"
2026-01-03,South Dakota State Jackrabbits,87,North Dakota Fighting Hawks,90,"Betty Engelstad Sioux Center, Grand Forks, ND"
2026-01-03,Ohio Bobcats,68,Eastern Michigan Eagles,67,"Gervin GameAbove Center, Ypsilanti, MI"
2026-01-03,Bowling Green Falcons,101,Massachusetts Minutemen,100,"Mullins Center, Amherst, MA"
2026-01-03,Ball State Cardinals,72,Buffalo Bulls,85,"Alumni Arena, Buffalo, NY"
2026-01-03,NJIT Highlanders,73,Binghamton Bearcats,65,"Events Center (Binghamton), Binghamton, NY"
2026-01-03,Bryant Bulldogs,56,Maine Black Bears,51,"Skip Chappelle Court in Memorial Gymnasium, Orono, ME"
2026-01-03,UAlbany Great Danes,71,UMass Lowell River Hawks,83,"Kennedy Family Athletic Complex, Lowell, MA"
2026-01-03,Hofstra Pride,70,Drexel Dragons,67,"Daskalakis Athletic Center, Philadelphia, PA"
2026-01-03,Stetson Hatters,73,Central Arkansas Bears,93,"Farris Center, Conway, AR"
2026-01-03,Eastern Kentucky Colonels,76,West Georgia Wolves,88,"The Coliseum, Carrollton, GA"
2026-01-03,Boston College Eagles,53,Georgia Tech Yellow Jackets,65,"McCamish Pavilion, Atlanta, GA"
2026-01-03,Memphis Tigers,76,Rice Owls,70,"Tudor Fieldhouse, Houston, TX"
2026-01-03,Toledo Rockets,78,Central Michigan Chippewas,75,"McGuirk Arena, Mount Pleasant, MI"
2026-01-03,James Madison Dukes,78,Arkansas State Red Wolves,74,"First National Bank Arena, Jonesboro, AR"
2026-01-03,Florida Gulf Coast Eagles,72,North Alabama Lions,55,"Flowers Hall, Florence, AL"
2026-01-03,Bellarmine Knights,76,Queens University Royals,98,"Curry Arena, Charlotte, NC"
2026-01-03,Florida A&M Rattlers,83,Bethune-Cookman Wildcats,87,"Moore Gymnasium (FL), Daytona Beach, FL"
2026-01-03,Akron Zips,73,Miami (OH) RedHawks,76,"Millett Hall, Oxford, OH"
2026-01-03,Georgia Southern Eagles,93,Old Dominion Monarchs,86,"Chartway Arena, Norfolk, VA"
2026-01-03,Ole Miss Rebels,70,Oklahoma Sooners,86,"Lloyd Noble Center, Norman, OK"
2026-01-03,Texas State Bobcats,84,UL Monroe Warhawks,79,"Fant-Ewing Coliseum, Monroe, LA"
2026-01-03,Rhode Island Rams,50,George Mason Patriots,61,"EagleBank Arena, Fairfax, VA"
2026-01-03,San José State Spartans,78,Utah State Aggies,96,"Dee Glen Smith Spectrum, Logan, UT"
2026-01-03,Gardner-Webb Runnin' Bulldogs,77,Winthrop Eagles,88,"Winthrop Coliseum, Rock Hill, SC"
2026-01-03,UC Santa Barbara Gauchos,65,Cal State Northridge Matadors,74,"Premier America Credit Union Arena, Northridge, CA"
2026-01-03,Oral Roberts Golden Eagles,77,North Dakota State Bison,79,"Scheels Center, Fargo, ND"
2026-01-03,North Carolina A&T Aggies,80,Stony Brook Seawolves,81,"Stony Brook Arena, Stony Brook, NY"
2026-01-03,Samford Bulldogs,82,UNC Greensboro Spartans,89,"Bodford Arena, Greensboro, NC"
2026-01-03,Western Carolina Catamounts,80,Furman Paladins,77,"Timmons Arena, Greenville, SC"
2026-01-03,Mercer Bears,71,East Tennessee State Buccaneers,77,"Freedom Hall (TN), Johnson City, TN"
2026-01-03,App State Mountaineers,81,Marshall Thundering Herd,88,"Cam Henderson Center, Huntington, WV"
2026-01-03,LSU Tigers,72,Texas A&M Aggies,75,"Reed Arena, College Station, TX"
2026-01-03,Utah Valley Wolverines,68,Abilene Christian Wildcats,85,"Moody Coliseum (Abilene), Abilene, TX"
2026-01-03,Howard Bison,57,South Carolina State Bulldogs,58,"Smith-Hammond-Middleton Memorial Center, Orangeburg, SC"
2026-01-03,Norfolk State Spartans,67,North Carolina Central Eagles,69,"McDougald-McLendon Arena, Durham, NC"
2026-01-03,Alcorn State Braves,86,Jackson State Tigers,89,"Lee E. Williams Athletics and Assembly Center, Jackson, MS"
2026-01-03,Morgan State Bears,49,Maryland Eastern Shore Hawks,66,"Hytche Center, Princess Anne, MD"
2026-01-03,Coppin State Eagles,53,Delaware State Hornets,51,"Memorial Hall (DE), Dover, DE"
2026-01-03,Stephen F. Austin Lumberjacks,73,SE Louisiana Lions,63,"University Center, Hammond, LA"
2026-01-03,New Orleans Privateers,68,Northwestern State Demons,74,"Prather Coliseum, Natchitoches, LA"
2026-01-03,East Texas A&M Lions,58,Nicholls Colonels,80,"David R. Stopher Gymnasium, Thibodaux, LA"
2026-01-03,South Alabama Jaguars,49,Troy Trojans,59,"Trojan Arena, Troy, AL"
2026-01-03,Morehead State Eagles,73,SIU Edwardsville Cougars,72,"First Community Arena, Edwardsville, IL"
2026-01-03,Tennessee State Tigers,84,Little Rock Trojans,79,"Jack Stephens Center, Little Rock, AR"
2026-01-03,Southern Indiana Screaming Eagles,80,Lindenwood Lions,83,"Hyland Arena, Saint Charles, MO"
2026-01-03,Eastern Illinois Panthers,61,UT Martin Skyhawks,65,"Kathleen and Tom Elam Center, Martin, TN"
2026-01-03,Western Illinois Leathernecks,50,Southeast Missouri State Redhawks,73,"Show Me Center, Cape Girardeau, MO"
2026-01-03,Lehigh Mountain Hawks,65,Bucknell Bison,72,"Sojka Pavilion, Lewisburg, PA"
2026-01-03,Minnesota Golden Gophers,84,Northwestern Wildcats,78,"Welsh-Ryan Arena, Evanston, IL"
2026-01-03,Air Force Falcons,39,UNLV Rebels,67,"Thomas & Mack Center, Las Vegas, NV"
2026-01-03,Houston Christian Huskies,56,Incarnate Word Cardinals,73,"McDermott Center, San Antonio, TX"
2026-01-03,Lafayette Leopards,79,Loyola Maryland Greyhounds,64,"Reitz Arena, Baltimore, MD"
2026-01-03,Cal State Bakersfield Roadrunners,81,UC Davis Aggies,79,"University Credit Union Center, Davis, CA"
2026-01-03,Eastern Washington Eagles,81,Idaho Vandals,84,"ICCU Arena, Moscow, ID"
2026-01-03,North Florida Ospreys,74,Lipscomb Bisons,82,"Allen Arena, Nashville, TN"
2026-01-03,Jacksonville Dolphins,68,Austin Peay Governors,71,"F&M Bank Arena, Clarksville, TN"
2026-01-03,California Baptist Lancers,76,Tarleton State Texans,81,"Wisdom Gym, Stephenville, TX"
2026-01-03,Colorado Buffaloes,95,Arizona State Sun Devils,89,"Desert Financial Arena, Tempe, AZ"
2026-01-03,Prairie View A&M Panthers,72,Grambling Tigers,76,"Fredrick C. Hobdy Assembly Center, Grambling, LA"
2026-01-03,Texas A&M-Corpus Christi Islanders,63,UT Rio Grande Valley Vaqueros,59,"UTRGV Fieldhouse, Edinburg, TX"
2026-01-03,Davidson Wildcats,62,Saint Joseph's Hawks,56,"Michael J. Hagan '85 Arena, Philadelphia, PA"
2026-01-03,Texas Southern Tigers,73,Southern Jaguars,84,"F.G. Clark Activity Center, Baton Rouge, LA"
2026-01-03,Monmouth Hawks,62,Towson Tigers,48,"SECU Arena, Towson, MD"
2026-01-03,Northern Colorado Bears,79,Montana Grizzlies,88,"Dahlberg Arena, Missoula, MT"
2026-01-03,Portland State Vikings,93,Idaho State Bengals,87,"Reed Gym, Pocatello, ID"
2026-01-03,Mississippi State Bulldogs,101,Texas Longhorns,98,"Moody Center, Austin, TX"
2026-01-03,Wichita State Shockers,100,Charlotte 49ers,104,"Halton Arena, Charlotte, NC"
2026-01-03,Alabama State Hornets,89,Mississippi Valley State Delta Devils,69,"R.W. Harrison HPER Complex, Itta Bena, MS"
2026-01-03,Alabama A&M Bulldogs,83,Arkansas-Pine Bluff Golden Lions,95,"H.O. Clemmons Arena, Pine Bluff, AR"
2026-01-03,Nevada Wolf Pack,66,Fresno State Bulldogs,65,"Save Mart Center, Fresno, CA"
2026-01-03,Hampton Pirates,45,UNC Wilmington Seahawks,49,"Trask Coliseum, Wilmington, NC"
2026-01-03,UC Irvine Anteaters,86,Cal State Fullerton Titans,64,"Titan Gym, Fullerton, CA"
2026-01-03,Wyoming Cowboys,58,New Mexico Lobos,78,"The Pit, Albuquerque, NM"
2026-01-03,Colorado State Rams,70,Grand Canyon Lopes,60,"Global Credit Union Arena, Phoenix, AZ"
2026-01-03,Kansas City Roos,73,Omaha Mavericks,66,"Baxter Arena, Omaha, NE"
2026-01-03,Northern Arizona Lumberjacks,68,Montana State Bobcats,77,"Worthington Arena, Bozeman, MT"
2026-01-03,UT Arlington Mavericks,86,Southern Utah Thunderbirds,77,"America First Events Center, Cedar City, UT"
2026-01-03,Cal Poly Mustangs,66,Long Beach State Beach,74,"Walter Pyramid, Long Beach, CA"
2026-01-03,Sacramento State Hornets,82,Weber State Wildcats,95,"Dee Events Center, Ogden, UT"
2026-01-03,Boise State Broncos,107,San Diego State Aztecs,110,"Viejas Arena, San Diego, CA"
2026-01-03,Hawai'i Rainbow Warriors,73,UC San Diego Tritons,83,"LionTree Arena, San Diego, CA"
2026-01-04,Marquette Golden Eagles,57,UConn Huskies,73,"Gampel Pavilion, Storrs, CT"
2026-01-04,Loyola Marymount Lions,47,Gonzaga Bulldogs,82,"McCarthey Athletic Center, Spokane, WA"
2026-01-04,Richmond Spiders,83,Fordham Rams,75,"Rose Hill Gym, Bronx, NY"
2026-01-04,Creighton Bluejays,54,Seton Hall Pirates,56,"Prudential Center, Newark, NJ"
2026-01-04,Sacred Heart Pioneers,78,Canisius Golden Griffins,82,"Koessler Athletic Center, Buffalo, NY"
2026-01-04,Manhattan Jaspers,66,Merrimack Warriors,73,"Lawler Arena, North Andover, MA"
2026-01-04,Florida Atlantic Owls,66,Tulane Green Wave,69,"Devlin Fieldhouse, New Orleans, LA"
2026-01-04,UAB Blazers,109,South Florida Bulls,106,"Yuengling Center, Tampa, FL"
2026-01-04,Denver Pioneers,88,St. Thomas-Minnesota Tommies,92,"Lee & Penny Anderson Arena, Saint Paul, MN"
2026-01-04,New Haven Chargers,61,Central Connecticut Blue Devils,72,"Detrick Gymnasium, New Britain, CT"
2026-01-04,Cleveland State Vikings,71,Purdue Fort Wayne Mastodons,74,"Memorial Coliseum (IN), Fort Wayne, IN"
2026-01-04,Wright State Raiders,81,IU Indianapolis Jaguars,77,"The Jungle, Indianapolis, IN"
2026-01-04,Siena Saints,74,Rider Broncs,65,"Alumni Gymnasium (Rider), Lawrenceville, NJ"
2026-01-04,Mount St. Mary's Mountaineers,69,Quinnipiac Bobcats,80,"M&T Bank Arena, Hamden, CT"
2026-01-04,Fairfield Stags,83,Niagara Purple Eagles,75,"Gallagher Center, Niagara Falls, NY"
2026-01-04,Iona Gaels,38,Marist Red Foxes,83,"McCann Arena, Poughkeepsie, NY"
2026-01-04,Long Island University Sharks,74,Chicago State Cougars,55,"Jones Convocation Center, Chicago, IL"
2026-01-04,Le Moyne Dolphins,60,Mercyhurst Lakers,74,"Mercyhurst Athletic Center, Erie, PA"
2026-01-04,Kennesaw State Owls,52,Delaware Blue Hens,67,"Bob Carpenter Center, Newark, DE"
2026-01-04,Jacksonville State Gamecocks,69,Liberty Flames,78,"Liberty Arena (VA), Lynchburg, VA"
2026-01-04,Sam Houston Bearkats,67,Middle Tennessee Blue Raiders,68,"Murphy Center, Murfreesboro, TN"
2026-01-04,UIC Flames,59,Valparaiso Beacons,66,"Athletics-Recreation Center, Valparaiso, IN"
2026-01-04,Indiana State Sycamores,72,Drake Bulldogs,74,"Knapp Center, Des Moines, IA"
2026-01-04,Robert Morris Colonials,73,Oakland Golden Grizzlies,96,"OU Credit Union O'rena, Rochester, MI"
2026-01-04,Louisiana Tech Bulldogs,61,Western Kentucky Hilltoppers,66,"E.A. Diddle Arena, Bowling Green, KY"
2026-01-04,New Mexico State Aggies,82,Missouri State Bears,89,"Great Southern Bank Arena, Springfield, MO"
2026-01-04,Northern Iowa Panthers,62,Evansville Purple Aces,48,"Ford Center, Evansville, IN"
2026-01-04,Tulsa Golden Hurricane,67,North Texas Mean Green,72,"The Super Pit, Denton, TX"
2026-01-04,Youngstown State Penguins,79,Northern Kentucky Norse,94,"Truist Arena, Highland Heights, KY"
2026-01-04,Stonehill Skyhawks,69,Wagner Seahawks,60,"Spiro Sports Center, Staten Island, NY"
2026-01-04,Fairleigh Dickinson Knights,82,Saint Francis Red Flash,85,"DeGol Arena, Loretto, PA"
2026-01-04,UTEP Miners,64,Florida International Panthers,76,"Ocean Bank Convocation Center, Miami, FL"
2026-01-04,Bradley Braves,66,Murray State Racers,86,"CFSB Center, Murray, KY"
2026-01-04,Southern Illinois Salukis,68,Belmont Bruins,67,"Curb Event Center Arena, Nashville, TN"
2026-01-04,San Diego Toreros,70,Santa Clara Broncos,98,"Leavey Center, Santa Clara, CA"
2026-01-04,Portland Pilots,68,San Francisco Dons,73,"The Sobrato Center, San Francisco, CA"
2026-01-04,Pepperdine Waves,69,Pacific Tigers,74,"Alex G. Spanos Center, Stockton, CA"
2026-01-04,Oregon State Beavers,67,Washington State Cougars,81,"Beasley Coliseum, Pullman, WA"
2026-01-04,Seattle U Redhawks,76,Saint Mary's Gaels,93,"University Credit Union Pavilion, Moraga, CA"
2026-01-04,Washington Huskies,80,Indiana Hoosiers,90,"Simon Skjodt Assembly Hall, Bloomington, IN"
2026-01-05,Nebraska Cornhuskers,72,Ohio State Buckeyes,69,"Value City Arena, Columbus, OH"
2026-01-05,USC Trojans,51,Michigan State Spartans,80,"Breslin Center, East Lansing, MI"
2026-01-05,Columbia Lions,104,Cornell Big Red,99,"Newman Arena, Ithaca, NY"
2026-01-05,Alabama State Hornets,79,Arkansas-Pine Bluff Golden Lions,90,"H.O. Clemmons Arena, Pine Bluff, AR"
2026-01-05,Prairie View A&M Panthers,89,Southern Jaguars,85,"F.G. Clark Activity Center, Baton Rouge, LA"
2026-01-05,Oregon Ducks,85,Rutgers Scarlet Knights,88,"Jersey Mike’s Arena, Piscataway, NJ"
2026-01-05,Yale Bulldogs,70,Brown Bears,53,"Pizzitola Sports Center, Providence, RI"
2026-01-05,Milwaukee Panthers,76,Green Bay Phoenix,79,"Resch Center, Ashwaubenon, WI"
2026-01-05,Dartmouth Big Green,76,Harvard Crimson,68,"Lavietes Pavilion, Cambridge, MA"
2026-01-05,Pennsylvania Quakers,76,Princeton Tigers,78,"Jadwin Gymnasium, Princeton, NJ"
2026-01-05,William & Mary Tribe,79,Charleston Cougars,88,"TD Arena, Charleston, SC"
2026-01-05,Lamar Cardinals,52,SE Louisiana Lions,60,"University Center, Hammond, LA"
2026-01-05,Texas Southern Tigers,67,Grambling Tigers,84,"Fredrick C. Hobdy Assembly Center, Grambling, LA"
2026-01-05,Incarnate Word Cardinals,67,UT Rio Grande Valley Vaqueros,80,"UTRGV Fieldhouse, Edinburg, TX"
2026-01-05,Northwestern State Demons,72,Nicholls Colonels,74,"David R. Stopher Gymnasium, Thibodaux, LA"
2026-01-05,Stephen F. Austin Lumberjacks,64,McNeese Cowboys,66,"Townsley Law Arena, Lake Charles, LA"
2026-01-05,Alabama A&M Bulldogs,71,Mississippi Valley State Delta Devils,51,"R.W. Harrison HPER Complex, Itta Bena, MS"
2026-01-05,Texas A&M-Corpus Christi Islanders,81,Houston Christian Huskies,65,"Sharp Gymnasium, Houston, TX"
2026-01-05,East Texas A&M Lions,73,New Orleans Privateers,83,"Lakefront Arena, New Orleans, LA"
2026-01-06,Michigan Wolverines,74,Penn State Nittany Lions,72,"Bryce Jordan Center, University Park, PA"
2026-01-06,Duke Blue Devils,84,Louisville Cardinals,73,"KFC Yum! Center, Louisville, KY"
2026-01-06,Texas Tech Red Raiders,65,Houston Cougars,69,"Fertitta Center, Houston, TX"
2026-01-06,Georgia Bulldogs,77,Florida Gators,92,"Stephen C. O'Connell Center, Gainesville, FL"
2026-01-06,Iowa Hawkeyes,67,Minnesota Golden Gophers,70,"Williams Arena, Minneapolis, MN"
2026-01-06,Texas Longhorns,71,Tennessee Volunteers,85,"Food City Center, Knoxville, TN"
2026-01-06,TCU Horned Frogs,100,Kansas Jayhawks,104,"Allen Fieldhouse, Lawrence, KS"
2026-01-06,UCF Knights,76,Oklahoma State Cowboys,87,"Gallagher-Iba Arena, Stillwater, OK"
2026-01-06,Massachusetts Minutemen,83,Ohio Bobcats,86,"Convocation Center (OH), Athens, OH"
2026-01-06,Cincinnati Bearcats,60,West Virginia Mountaineers,62,"WVU Coliseum, Morgantown, WV"
2026-01-06,St. John's Red Storm,84,Butler Bulldogs,70,"Hinkle Fieldhouse, Indianapolis, IN"
2026-01-06,Syracuse Orange,82,Georgia Tech Yellow Jackets,72,"McCamish Pavilion, Atlanta, GA"
2026-01-06,Western Michigan Broncos,76,Miami (OH) RedHawks,87,"Millett Hall, Oxford, OH"
2026-01-06,Eastern Michigan Eagles,74,Ball State Cardinals,52,"Worthen Arena, Muncie, IN"
2026-01-06,Central Michigan Chippewas,69,Akron Zips,82,"James A. Rhodes Arena, Akron, OH"
2026-01-06,Bowling Green Falcons,93,Kent State Golden Flashes,96,"M.A.C. Center, Kent, OH"
2026-01-06,South Carolina Gamecocks,78,LSU Tigers,68,"Pete Maravich Assembly Center, Baton Rouge, LA"
2026-01-06,George Washington Revolutionaries,72,Dayton Flyers,79,"UD Arena, Dayton, OH"
2026-01-06,Georgetown Hoyas,50,DePaul Blue Demons,56,"Wintrust Arena, Chicago, IL"
2026-01-06,Toledo Rockets,75,Northern Illinois Huskies,61,"NIU Convocation Center, Dekalb, IL"
2026-01-06,Lindenwood Lions,62,SIU Edwardsville Cougars,66,"First Community Arena, Edwardsville, IL"
2026-01-06,New Mexico Lobos,80,Colorado State Rams,70,"Moby Arena, Fort Collins, CO"
2026-01-06,UCLA Bruins,72,Wisconsin Badgers,80,"Kohl Center, Madison, WI"
2026-01-06,NC State Wolfpack,79,Boston College Eagles,71,"Conte Forum, Chestnut Hill, MA"
2026-01-06,Utah State Aggies,99,Air Force Falcons,62,"Clune Arena, Colorado Springs, CO"
2026-01-06,Texas A&M Aggies,90,Auburn Tigers,88,"Neville Arena, Auburn, AL"
2026-01-06,UNLV Rebels,66,Wyoming Cowboys,98,"Arena-Auditorium, Laramie, WY"
2026-01-06,Fresno State Bulldogs,70,San José State Spartans,55,"Provident Credit Union Event Center, San Jose, CA"
2026-01-06,San Diego State Aztecs,73,Nevada Wolf Pack,68,"Lawlor Events Center, Reno, NV"
2026-01-07,Kansas State Wildcats,76,Arizona Wildcats,101,"McKale Memorial Center, Tucson, AZ"
2026-01-07,Iowa State Cyclones,70,Baylor Bears,60,"Foster Pavilion, Waco, TX"
2026-01-07,UConn Huskies,103,Providence Friars,98,"Amica Mutual Pavilion, Providence, RI"
2026-01-07,Washington Huskies,73,Purdue Boilermakers,81,"Mackey Arena, West Lafayette, IN"
2026-01-07,Arizona State Sun Devils,76,BYU Cougars,104,"Marriott Center, Provo, UT"
2026-01-07,Alabama Crimson Tide,90,Vanderbilt Commodores,96,"Memorial Gymnasium (TN), Nashville, TN"
2026-01-07,Arkansas Razorbacks,94,Ole Miss Rebels,87,"The Sandy and John Black Pavilion at Ole Miss, Oxford, MS"
2026-01-07,California Golden Bears,60,Virginia Cavaliers,84,"John Paul Jones Arena, Charlottesville, VA"
2026-01-07,SMU Mustangs,70,Clemson Tigers,74,"Littlejohn Coliseum, Clemson, SC"
2026-01-07,Furman Paladins,78,Chattanooga Mocs,67,"McKenzie Arena, Chattanooga, TN"
2026-01-07,Holy Cross Crusaders,58,Lehigh Mountain Hawks,66,"Stabler Arena, Bethlehem, PA"
2026-01-07,Loyola Maryland Greyhounds,84,Army Black Knights,76,"Christl Arena, West Point, NY"
2026-01-07,UNC Greensboro Spartans,85,Wofford Terriers,97,"Jerry Richardson Indoor Stadium, Spartanburg, SC"
2026-01-07,Indiana Hoosiers,84,Maryland Terrapins,66,"XFINITY Center, College Park, MD"
2026-01-07,Longwood Lancers,61,UNC Asheville Bulldogs,72,"Kimmel Arena, Asheville, NC"
2026-01-07,Charleston Southern Buccaneers,77,Winthrop Eagles,81,"Winthrop Coliseum, Rock Hill, SC"
2026-01-07,Belmont Bruins,78,Northern Iowa Panthers,65,"McLeod Center, Cedar Falls, IA"
2026-01-07,American University Eagles,62,Colgate Raiders,64,"Cotterell Court, Hamilton, NY"
2026-01-07,Saint Louis Billikens,71,VCU Rams,62,"Siegel Center, Richmond, VA"
2026-01-07,Richmond Spiders,89,St. Bonaventure Bonnies,80,"Reilly Center, Saint Bonaventure, NY"
2026-01-07,La Salle Explorers,79,Rhode Island Rams,72,"Thomas M. Ryan Center, Kingston, RI"
2026-01-07,George Mason Patriots,67,Fordham Rams,58,"Rose Hill Gym, Bronx, NY"
2026-01-07,Duquesne Dukes,90,Saint Joseph's Hawks,97,"Michael J. Hagan '85 Arena, Philadelphia, PA"
2026-01-07,East Carolina Pirates,67,Temple Owls,75,"Liacouras Center, Philadelphia, PA"
2026-01-07,Boston University Terriers,83,Lafayette Leopards,67,"Kirby Sports Center, Easton, PA"
2026-01-07,Presbyterian Blue Hose,61,Radford Highlanders,80,"The Dedmon Center, Radford, VA"
2026-01-07,Gardner-Webb Runnin' Bulldogs,49,High Point Panthers,104,"Qubein Center, High Point, NC"
2026-01-07,Xavier Musketeers,65,Marquette Golden Eagles,66,"Fiserv Forum, Milwaukee, WI"
2026-01-07,Miami Hurricanes,81,Wake Forest Demon Deacons,77,"LJVM Coliseum, Winston-Salem, NC"
2026-01-07,Stanford Cardinal,69,Virginia Tech Hokies,68,"Cassell Coliseum, Blacksburg, VA"
2026-01-07,Bucknell Bison,55,Navy Midshipmen,76,"Alumni Hall (Navy), Annapolis, MD"
2026-01-07,Western Carolina Catamounts,77,Samford Bulldogs,82,"Pete Hanna Center, Homewood, AL"
2026-01-07,The Citadel Bulldogs,63,Mercer Bears,101,"Hawkins Arena, Macon, GA"
2026-01-07,VMI Keydets,67,East Tennessee State Buccaneers,81,"Freedom Hall (TN), Johnson City, TN"
2026-01-07,Marshall Thundering Herd,66,James Madison Dukes,64,"Atlantic Union Bank Center, Harrisonburg, VA"
2026-01-07,Missouri Tigers,73,Kentucky Wildcats,68,"Rupp Arena, Lexington, KY"
2026-01-07,Oklahoma Sooners,53,Mississippi State Bulldogs,72,"Humphrey Coliseum, Starkville, MS"
2026-01-07,Missouri State Bears,80,Kennesaw State Owls,90,"KSU Convocation Center, Kennesaw, GA"
2026-01-07,Florida International Panthers,64,Jacksonville State Gamecocks,71,"Pete Mathews Coliseum, Jacksonville, AL"
2026-01-07,Purdue Fort Wayne Mastodons,71,Youngstown State Penguins,69,"Beeghly Center, Youngstown, OH"
2026-01-07,Rice Owls,66,Wichita State Shockers,64,"Charles Koch Arena, Wichita, KS"
2026-01-07,Florida Atlantic Owls,76,UAB Blazers,71,"Bartow Arena, Birmingham, AL"
2026-01-07,Creighton Bluejays,76,Villanova Wildcats,72,"Finneran Pavilion, Villanova, PA"
2026-01-07,Illinois State Redbirds,71,Valparaiso Beacons,77,"Athletics-Recreation Center, Valparaiso, IN"
2026-01-07,Southern Illinois Salukis,57,UIC Flames,70,"Credit Union 1 Arena, Chicago, IL"
2026-01-07,Murray State Racers,79,Evansville Purple Aces,69,"Ford Center, Evansville, IN"
2026-01-07,South Florida Bulls,74,North Texas Mean Green,70,"The Super Pit, Denton, TX"
2026-01-07,Charlotte 49ers,74,UTSA Roadrunners,58,"UTSA Convocation Center, San Antonio, TX"
2026-01-07,Troy Trojans,74,Arkansas State Red Wolves,86,"First National Bank Arena, Jonesboro, AR"
2026-01-07,Drake Bulldogs,66,Bradley Braves,93,"Carver Arena, Peoria, IL"
2026-01-07,Davidson Wildcats,79,Loyola Chicago Ramblers,64,"Gentile Arena, Chicago, IL"
2026-01-07,Utah Utes,73,Colorado Buffaloes,85,"CU Events Center, Boulder, CO"
2026-01-07,South Dakota Coyotes,86,St. Thomas-Minnesota Tommies,99,"Lee & Penny Anderson Arena, Saint Paul, MN"
2026-01-07,Grand Canyon Lopes,75,Boise State Broncos,58,"ExtraMile Arena, Boise, ID"
2026-01-08,Santa Clara Broncos,77,Gonzaga Bulldogs,89,"McCarthey Athletic Center, Spokane, WA"
2026-01-08,Northwestern Wildcats,66,Michigan State Spartans,76,"Breslin Center, East Lansing, MI"
2026-01-08,Rutgers Scarlet Knights,55,Illinois Fighting Illini,81,"State Farm Center, Champaign, IL"
2026-01-08,Hofstra Pride,78,Towson Tigers,67,"SECU Arena, Towson, MD"
2026-01-08,Chicago State Cougars,63,Fairleigh Dickinson Knights,70,"Bogota Savings Bank Center, Hackensack, NJ"
2026-01-08,UMass Lowell River Hawks,77,Bryant Bulldogs,63,"Chace Athletic Center, Smithfield, RI"
2026-01-08,Maine Black Bears,62,UMBC Retrievers,69,"Chesapeake Employers Insurance Arena, Baltimore, MD"
2026-01-08,Stonehill Skyhawks,69,Central Connecticut Blue Devils,76,"Detrick Gymnasium, New Britain, CT"
2026-01-08,Saint Francis Red Flash,71,Wagner Seahawks,69,"Spiro Sports Center, Staten Island, NY"
2026-01-08,Mercyhurst Lakers,58,Long Island University Sharks,60,"Steinberg Wellness Center, Brooklyn, NY"
2026-01-08,New Haven Chargers,47,Le Moyne Dolphins,73,"Ted Grant Court, Syracuse, NY"
2026-01-08,New Hampshire Wildcats,76,NJIT Highlanders,80,"Joel & Diane Bloom Wellness and Events Center, Newark, NJ"
2026-01-08,Binghamton Bearcats,59,Vermont Catamounts,60,"Patrick Gymnasium, Burlington, VT"
2026-01-08,UNC Wilmington Seahawks,87,Northeastern Huskies,78,"Cabot Center, Boston, MA"
2026-01-08,Elon Phoenix,69,North Carolina A&T Aggies,64,"Corbett Sports Center, Greensboro, NC"
2026-01-08,Hampton Pirates,72,Campbell Fighting Camels,86,"John W. Pope Jr. Convocation Center, Buies Creek, NC"
2026-01-08,William & Mary Tribe,70,Monmouth Hawks,81,"OceanFirst Bank Center, West Long Branch, NJ"
2026-01-08,Stony Brook Seawolves,37,Drexel Dragons,56,"Daskalakis Athletic Center, Philadelphia, PA"
2026-01-08,App State Mountaineers,52,Georgia State Panthers,50,"GSU Convocation Center, Atlanta, GA"
2026-01-08,Old Dominion Monarchs,70,Coastal Carolina Chanticleers,66,"The HTC Center, Conway, SC"
2026-01-08,West Georgia Wolves,85,North Florida Ospreys,73,"UNF Arena, Jacksonville, FL"
2026-01-08,Queens University Royals,77,Jacksonville Dolphins,51,"Swisher Gymnasium, Jacksonville, FL"
2026-01-08,North Alabama Lions,80,Eastern Kentucky Colonels,88,"Baptist Health Arena, Richmond, KY"
2026-01-08,Lipscomb Bisons,83,Stetson Hatters,91,"Edmunds Center, DeLand, FL"
2026-01-08,Central Arkansas Bears,78,Bellarmine Knights,84,"Knights Hall, Louisville, KY"
2026-01-08,Austin Peay Governors,82,Florida Gulf Coast Eagles,71,"Alico Arena, Fort Myers, FL"
2026-01-08,Liberty Flames,72,Louisiana Tech Bulldogs,56,"Thomas Assembly Center, Ruston, LA"
2026-01-08,UT Martin Skyhawks,76,Morehead State Eagles,68,"Ellis T. Johnson Arena, Morehead, KY"
2026-01-08,Delaware Blue Hens,60,Sam Houston Bearkats,72,"Bernard G. Johnson Coliseum, Huntsville, TX"
2026-01-08,Denver Pioneers,79,South Dakota State Jackrabbits,87,"First Bank & Trust Arena, Brookings, SD"
2026-01-08,North Dakota State Bison,97,Kansas City Roos,73,"Swinney Center, Kansas City, MO"
2026-01-08,North Dakota Fighting Hawks,79,Omaha Mavericks,90,"Baxter Arena, Omaha, NE"
2026-01-08,Texas State Bobcats,70,Southern Miss Golden Eagles,80,"Reed Green Coliseum, Hattiesburg, MS"
2026-01-08,Weber State Wildcats,78,Northern Arizona Lumberjacks,65,"J. Lawrence Walkup Skydome, Flagstaff, AZ"
2026-01-08,Idaho State Bengals,72,Northern Colorado Bears,85,"Bank of Colorado Arena, Greeley, CO"
2026-01-08,Southern Utah Thunderbirds,72,Utah Valley Wolverines,89,"UCCU Center, Orem, UT"
2026-01-08,Abilene Christian Wildcats,84,Tarleton State Texans,80,"Wisdom Gym, Stephenville, TX"
2026-01-08,Tennessee State Tigers,90,Western Illinois Leathernecks,68,"Western Hall, Macomb, IL"
2026-01-08,Southeast Missouri State Redhawks,84,Southern Indiana Screaming Eagles,76,"Liberty Arena (IN), Evansville, IN"
2026-01-08,Little Rock Trojans,73,SIU Edwardsville Cougars,70,"First Community Arena, Edwardsville, IL"
2026-01-08,Tennessee Tech Golden Eagles,61,Eastern Illinois Panthers,71,"Groniger Arena, Charleston, IL"
2026-01-08,UL Monroe Warhawks,79,Louisiana Ragin' Cajuns,85,"Cajundome, Lafayette, LA"
2026-01-08,UC Davis Aggies,93,UC Santa Barbara Gauchos,86,"The Thunderdome, Santa Barbara, CA"
2026-01-08,Montana Grizzlies,79,Idaho Vandals,73,"ICCU Arena, Moscow, ID"
2026-01-08,Montana State Bobcats,68,Eastern Washington Eagles,64,"Reese Court, Cheney, WA"
2026-01-08,Middle Tennessee Blue Raiders,80,UTEP Miners,83,"Don Haskins Center, El Paso, TX"
2026-01-08,Western Kentucky Hilltoppers,64,New Mexico State Aggies,80,"Pan American Center, Las Cruces, NM"
2026-01-08,Pepperdine Waves,63,San Diego Toreros,83,"Jenny Craig Pavilion, San Diego, CA"
2026-01-08,UC Riverside Highlanders,66,Cal State Bakersfield Roadrunners,67,"Icardo Center, Bakersfield, CA"
2026-01-08,Seattle U Redhawks,55,Oregon State Beavers,68,"Gill Coliseum, Corvallis, OR"
2026-01-08,Pacific Tigers,89,Portland Pilots,90,"Chiles Center, Portland, OR"
2026-01-08,Cal Poly Mustangs,90,Cal State Northridge Matadors,95,"Premier America Credit Union Arena, Northridge, CA"
2026-01-08,Long Beach State Beach,64,UC Irvine Anteaters,74,"Bren Events Center, Irvine, CA"
2026-01-08,Cal State Fullerton Titans,88,UC San Diego Tritons,71,"LionTree Arena, San Diego, CA"
2026-01-08,Utah Tech Trailblazers,72,California Baptist Lancers,84,"Dale E. and Sarah Ann Fowler Events Center, Riverside, CA"
2026-01-08,Ohio State Buckeyes,72,Oregon Ducks,62,"Matthew Knight Arena, Eugene, OR"
2026-01-08,San Francisco Dons,82,Loyola Marymount Lions,84,"Gersten Pavilion, Los Angeles, CA"
2026-01-09,Bryant & Stratton (Ohio) Bobcats,61,Youngstown State Penguins,99,"Beeghly Center, Youngstown, OH"
2026-01-09,Miami (OH) RedHawks,87,Toledo Rockets,73,"Savage Arena, Toledo, OH"
2026-01-09,Rider Broncs,62,Fairfield Stags,68,"Leo D. Mahoney Arena, Fairfield, CT"
2026-01-09,Cleveland State Vikings,74,Oakland Golden Grizzlies,97,"OU Credit Union O'rena, Rochester, MI"
2026-01-09,Wright State Raiders,84,Detroit Mercy Titans,82,"Calihan Hall, Detroit, MI"
2026-01-09,IU Indianapolis Jaguars,59,Green Bay Phoenix,75,"Resch Center, Ashwaubenon, WI"
2026-01-09,Merrimack Warriors,63,Siena Saints,59,"MVP Arena, Albany, NY"
2026-01-09,Saint Peter's Peacocks,65,Mount St. Mary's Mountaineers,70,"Knott Arena, Emmitsburg, MD"
2026-01-09,Niagara Purple Eagles,53,Iona Gaels,71,"Hynes Athletics Center, New Rochelle, NY"
2026-01-09,Marist Red Foxes,76,Sacred Heart Pioneers,72,"William H. Pitt Center, Fairfield, CT"
2026-01-09,Canisius Golden Griffins,70,Manhattan Jaspers,64,"Draddy Gymnasium, Riverdale, NY"
2026-01-09,Northern Kentucky Norse,85,Milwaukee Panthers,67,"UW-Milwaukee Panther Arena, Milwaukee, WI"
2026-01-09,Akron Zips,77,Bowling Green Falcons,67,"Stroh Center, Bowling Green, OH"
2026-01-09,USC Trojans,70,Minnesota Golden Gophers,69,"Williams Arena, Minneapolis, MN"
2026-01-09,UNLV Rebels,62,Colorado State Rams,70,"Moby Arena, Fort Collins, CO"
2026-01-10,Arizona Wildcats,86,TCU Horned Frogs,73,"Schollmaier Arena, Fort Worth, TX"
2026-01-10,Wisconsin Badgers,91,Michigan Wolverines,88,"Crisler Center, Ann Arbor, MI"
2026-01-10,Oklahoma State Cowboys,71,Iowa State Cyclones,83,"Hilton Coliseum, Ames, IA"
2026-01-10,DePaul Blue Demons,60,UConn Huskies,72,"PeoplesBank Arena, Hartford, CT"
2026-01-10,Penn State Nittany Lions,85,Purdue Boilermakers,93,"Mackey Arena, West Lafayette, IN"
2026-01-10,SMU Mustangs,75,Duke Blue Devils,82,"Cameron Indoor Stadium, Durham, NC"
2026-01-10,Houston Cougars,77,Baylor Bears,55,"Foster Pavilion, Waco, TX"
2026-01-10,BYU Cougars,89,Utah Utes,84,"Jon M. Huntsman Center, Salt Lake City, UT"
2026-01-10,Nebraska Cornhuskers,83,Indiana Hoosiers,77,"Simon Skjodt Assembly Hall, Bloomington, IN"
2026-01-10,LSU Tigers,73,Vanderbilt Commodores,84,"Memorial Gymnasium (TN), Nashville, TN"
2026-01-10,Texas Longhorns,92,Alabama Crimson Tide,88,"Coleman Coliseum, Tuscaloosa, AL"
2026-01-10,Texas Tech Red Raiders,73,Colorado Buffaloes,71,"CU Events Center, Boulder, CO"
2026-01-10,Arkansas Razorbacks,73,Auburn Tigers,95,"Neville Arena, Auburn, AL"
2026-01-10,Wake Forest Demon Deacons,84,North Carolina Tar Heels,87,"Dean E. Smith Center, Chapel Hill, NC"
2026-01-10,Georgia Bulldogs,75,South Carolina Gamecocks,70,"Colonial Life Arena, Columbia, SC"
2026-01-10,Boston College Eagles,62,Louisville Cardinals,75,"KFC Yum! Center, Louisville, KY"
2026-01-10,Tennessee Volunteers,67,Florida Gators,91,"Stephen C. O'Connell Center, Gainesville, FL"
2026-01-10,Kansas Jayhawks,75,West Virginia Mountaineers,86,"WVU Coliseum, Morgantown, WV"
2026-01-10,Stanford Cardinal,55,Virginia Cavaliers,70,"John Paul Jones Arena, Charlottesville, VA"
2026-01-10,VCU Rams,80,George Mason Patriots,86,"EagleBank Arena, Fairfax, VA"
2026-01-10,Fordham Rams,81,St. Bonaventure Bonnies,77,"Reilly Center, Saint Bonaventure, NY"
2026-01-10,Georgia Tech Yellow Jackets,81,Miami Hurricanes,91,"Watsco Center, Coral Gables, FL"
2026-01-10,NC State Wolfpack,113,Florida State Seminoles,69,"Tucker Center, Tallahassee, FL"
2026-01-10,Evansville Purple Aces,72,Indiana State Sycamores,69,"Hulman Center, Terre Haute, IN"
2026-01-10,Army Black Knights,91,Boston University Terriers,100,"Case Gym, Boston, MA"
2026-01-10,Eastern Michigan Eagles,62,Western Michigan Broncos,79,"University Arena (MI), Kalamazoo, MI"
2026-01-10,Mercyhurst Lakers,70,Wagner Seahawks,69,"Spiro Sports Center, Staten Island, NY"
2026-01-10,Central Connecticut Blue Devils,69,Le Moyne Dolphins,59,"Ted Grant Court, Syracuse, NY"
2026-01-10,Fairleigh Dickinson Knights,55,New Haven Chargers,65,"Jeffery P. Hazell Athletics Center, West Haven, CT"
2026-01-10,New Hampshire Wildcats,74,UMBC Retrievers,75,"Chesapeake Employers Insurance Arena, Baltimore, MD"
2026-01-10,Western Carolina Catamounts,77,The Citadel Bulldogs,79,"McAlister Field House, Charleston, SC"
2026-01-10,Troy Trojans,90,Louisiana Ragin' Cajuns,70,"Cajundome, Lafayette, LA"
2026-01-10,App State Mountaineers,62,Coastal Carolina Chanticleers,67,"The HTC Center, Conway, SC"
2026-01-10,Dartmouth Big Green,102,Cornell Big Red,91,"Newman Arena, Ithaca, NY"
2026-01-10,Lehigh Mountain Hawks,78,Colgate Raiders,77,"Cotterell Court, Hamilton, NY"
2026-01-10,Rhode Island Rams,70,Davidson Wildcats,45,"John M. Belk Arena, Davidson, NC"
2026-01-10,Winthrop Eagles,71,South Carolina Upstate Spartans,50,"G.B. Hodge Center, Spartanburg, SC"
2026-01-10,High Point Panthers,84,Charleston Southern Buccaneers,82,"Buccaneer Fieldhouse, Charleston, SC"
2026-01-10,St. John's Red Storm,90,Creighton Bluejays,73,"CHI Health Center Omaha, Omaha, NE"
2026-01-10,Syracuse Orange,83,Pittsburgh Panthers,72,"Petersen Events Center, Pittsburgh, PA"
2026-01-10,Lafayette Leopards,50,Navy Midshipmen,76,"Alumni Hall (Navy), Annapolis, MD"
2026-01-10,Denver Pioneers,72,South Dakota Coyotes,82,"Sanford Coyote Sports Center, Vermillion, SD"
2026-01-10,North Dakota State Bison,78,Omaha Mavericks,76,"Baxter Arena, Omaha, NE"
2026-01-10,Yale Bulldogs,60,Princeton Tigers,76,"Jadwin Gymnasium, Princeton, NJ"
2026-01-10,Buffalo Bulls,80,Ohio Bobcats,91,"Convocation Center (OH), Athens, OH"
2026-01-10,Harvard Crimson,79,Columbia Lions,54,"Levien Gymnasium, New York, NY"
2026-01-10,Brown Bears,73,Pennsylvania Quakers,81,"The Palestra, Philadelphia, PA"
2026-01-10,Chicago State Cougars,82,Stonehill Skyhawks,85,"Merkert Gymnasium, South Easton, MA"
2026-01-10,UMass Lowell River Hawks,73,Binghamton Bearcats,68,"Events Center (Binghamton), Binghamton, NY"
2026-01-10,Maine Black Bears,74,NJIT Highlanders,70,"Joel & Diane Bloom Wellness and Events Center, Newark, NJ"
2026-01-10,Bryant Bulldogs,46,UAlbany Great Danes,71,"Broadview Center, Albany, NY"
2026-01-10,William & Mary Tribe,58,Drexel Dragons,64,"Daskalakis Athletic Center, Philadelphia, PA"
2026-01-10,Towson Tigers,87,Northeastern Huskies,78,"Cabot Center, Boston, MA"
2026-01-10,Monmouth Hawks,64,Hofstra Pride,67,"David S. Mack Sports and Exhibition Complex, Hempstead, NY"
2026-01-10,Wofford Terriers,97,Mercer Bears,109,"Hawkins Arena, Macon, GA"
2026-01-10,VMI Keydets,48,Furman Paladins,69,"Timmons Arena, Greenville, SC"
2026-01-10,Georgia Southern Eagles,71,South Alabama Jaguars,87,"Mitchell Center, Mobile, AL"
2026-01-10,Queens University Royals,89,North Florida Ospreys,82,"UNF Arena, Jacksonville, FL"
2026-01-10,North Alabama Lions,82,Bellarmine Knights,73,"Knights Hall, Louisville, KY"
2026-01-10,Austin Peay Governors,81,Stetson Hatters,69,"Edmunds Center, DeLand, FL"
2026-01-10,UNC Asheville Bulldogs,91,Radford Highlanders,72,"The Dedmon Center, Radford, VA"
2026-01-10,Villanova Wildcats,76,Marquette Golden Eagles,73,"Fiserv Forum, Milwaukee, WI"
2026-01-10,Loyola Chicago Ramblers,66,George Washington Revolutionaries,101,"Charles E. Smith Center, Washington, DC"
2026-01-10,South Florida Bulls,93,Tulsa Golden Hurricane,78,"Reynolds Center, Tulsa, OK"
2026-01-10,Kansas State Wildcats,84,Arizona State Sun Devils,87,"Desert Financial Arena, Tempe, AZ"
2026-01-10,Presbyterian Blue Hose,70,Longwood Lancers,77,"Joan Perry Brock Center, Farmville, VA"
2026-01-10,New Mexico Lobos,91,Air Force Falcons,49,"Clune Arena, Colorado Springs, CO"
2026-01-10,Kent State Golden Flashes,85,Central Michigan Chippewas,87,"McGuirk Arena, Mount Pleasant, MI"
2026-01-10,UL Monroe Warhawks,60,Southern Miss Golden Eagles,70,"Reed Green Coliseum, Hattiesburg, MS"
2026-01-10,Texas State Bobcats,82,Arkansas State Red Wolves,83,"First National Bank Arena, Jonesboro, AR"
2026-01-10,West Georgia Wolves,43,Jacksonville Dolphins,75,"Swisher Gymnasium, Jacksonville, FL"
2026-01-10,Abilene Christian Wildcats,72,UT Arlington Mavericks,82,"College Park Center, Arlington, TX"
2026-01-10,Delaware Blue Hens,68,Louisiana Tech Bulldogs,70,"Thomas Assembly Center, Ruston, LA"
2026-01-10,Ball State Cardinals,71,Massachusetts Minutemen,79,"Mullins Center, Amherst, MA"
2026-01-10,Oklahoma Sooners,76,Texas A&M Aggies,83,"Reed Arena, College Station, TX"
2026-01-10,Southeast Missouri State Redhawks,69,Morehead State Eagles,71,"Ellis T. Johnson Arena, Morehead, KY"
2026-01-10,Liberty Flames,82,Sam Houston Bearkats,74,"Bernard G. Johnson Coliseum, Huntsville, TX"
2026-01-10,Valparaiso Beacons,79,Murray State Racers,92,"CFSB Center, Murray, KY"
2026-01-10,Saint Louis Billikens,84,La Salle Explorers,72,"John Glaser Arena, Philadelphia, PA"
2026-01-10,Jackson State Tigers,75,Alabama State Hornets,64,"Dunn-Oliver Acadome, Montgomery, AL"
2026-01-10,Holy Cross Crusaders,84,American University Eagles,73,"Bender Arena, Washington, DC"
2026-01-10,Providence Friars,84,Xavier Musketeers,97,"Cintas Center, Cincinnati, OH"
2026-01-10,California Golden Bears,75,Virginia Tech Hokies,78,"Cassell Coliseum, Blacksburg, VA"
2026-01-10,Saint Francis Red Flash,63,Long Island University Sharks,67,"Steinberg Wellness Center, Brooklyn, NY"
2026-01-10,UNC Greensboro Spartans,60,East Tennessee State Buccaneers,86,"Freedom Hall (TN), Johnson City, TN"
2026-01-10,Old Dominion Monarchs,69,James Madison Dukes,70,"Atlantic Union Bank Center, Harrisonburg, VA"
2026-01-10,Marshall Thundering Herd,73,Georgia State Panthers,81,"GSU Convocation Center, Atlanta, GA"
2026-01-10,Lipscomb Bisons,84,Florida Gulf Coast Eagles,77,"Alico Arena, Fort Myers, FL"
2026-01-10,Central Arkansas Bears,75,Eastern Kentucky Colonels,79,"Baptist Health Arena, Richmond, KY"
2026-01-10,Utah Tech Trailblazers,76,Utah Valley Wolverines,92,"UCCU Center, Orem, UT"
2026-01-10,Western Kentucky Hilltoppers,68,UTEP Miners,56,"Don Haskins Center, El Paso, TX"
2026-01-10,Norfolk State Spartans,66,Delaware State Hornets,64,"Memorial Hall (DE), Dover, DE"
2026-01-10,Howard Bison,57,Maryland Eastern Shore Hawks,69,"Hytche Center, Princess Anne, MD"
2026-01-10,Samford Bulldogs,79,Chattanooga Mocs,88,"McKenzie Arena, Chattanooga, TN"
2026-01-10,Texas A&M-Corpus Christi Islanders,78,Northwestern State Demons,79,"Prather Coliseum, Natchitoches, LA"
2026-01-10,Tennessee Tech Golden Eagles,59,Western Illinois Leathernecks,54,"Western Hall, Macomb, IL"
2026-01-10,Little Rock Trojans,82,Lindenwood Lions,74,"Hyland Arena, Saint Charles, MO"
2026-01-10,Tennessee State Tigers,70,Eastern Illinois Panthers,74,"Groniger Arena, Charleston, IL"
2026-01-10,South Carolina State Bulldogs,67,Morgan State Bears,72,"Hill Field House, Baltimore, MD"
2026-01-10,UIC Flames,63,Illinois State Redbirds,59,"CEFCU Arena, Normal, IL"
2026-01-10,Washington State Cougars,82,Saint Mary's Gaels,88,"University Credit Union Pavilion, Moraga, CA"
2026-01-10,Tulane Green Wave,85,UTSA Roadrunners,52,"UTSA Convocation Center, San Antonio, TX"
2026-01-10,North Carolina Central Eagles,88,Coppin State Eagles,77,"Physical Education Complex, Baltimore, MD"
2026-01-10,Loyola Maryland Greyhounds,67,Bucknell Bison,70,"Sojka Pavilion, Lewisburg, PA"
2026-01-10,Hampton Pirates,70,Charleston Cougars,74,"TD Arena, Charleston, SC"
2026-01-10,UC Davis Aggies,78,Cal Poly Mustangs,84,"Mott Athletics Center, San Luis Obispo, CA"
2026-01-10,SE Louisiana Lions,61,McNeese Cowboys,73,"Townsley Law Arena, Lake Charles, LA"
2026-01-10,Sacramento State Hornets,69,Portland State Vikings,96,"Viking Pavilion, Portland, OR"
2026-01-10,Montana State Bobcats,89,Idaho Vandals,92,"ICCU Arena, Moscow, ID"
2026-01-10,Montana Grizzlies,65,Eastern Washington Eagles,66,"Reese Court, Cheney, WA"
2026-01-10,Florida International Panthers,71,Missouri State Bears,79,"Great Southern Bank Arena, Springfield, MO"
2026-01-10,Jacksonville State Gamecocks,82,Kennesaw State Owls,88,"KSU Convocation Center, Kennesaw, GA"
2026-01-10,Alcorn State Braves,64,Alabama A&M Bulldogs,62,"Event Center, Huntsville, AL"
2026-01-10,Arkansas-Pine Bluff Golden Lions,74,Texas Southern Tigers,66,"H&PE Arena, Houston, TX"
2026-01-10,Grambling Tigers,65,Bethune-Cookman Wildcats,74,"Moore Gymnasium (FL), Daytona Beach, FL"
2026-01-10,Northern Iowa Panthers,69,Bradley Braves,75,"Carver Arena, Peoria, IL"
2026-01-10,Belmont Bruins,78,Drake Bulldogs,76,"Knapp Center, Des Moines, IA"
2026-01-10,Mississippi Valley State Delta Devils,69,Prairie View A&M Panthers,70,"William Nicks Building, Prairie View, TX"
2026-01-10,Clemson Tigers,76,Notre Dame Fighting Irish,61,"Purcell Pavilion, South Bend, IN"
2026-01-10,UNC Wilmington Seahawks,75,Stony Brook Seawolves,71,"Stony Brook Arena, Stony Brook, NY"
2026-01-10,Houston Christian Huskies,67,Stephen F. Austin Lumberjacks,85,"William R. Johnson Coliseum, Nacogdoches, TX"
2026-01-10,Nicholls Colonels,90,New Orleans Privateers,77,"Lakefront Arena, New Orleans, LA"
2026-01-10,UT Rio Grande Valley Vaqueros,69,East Texas A&M Lions,77,"The Field House, Commerce, TX"
2026-01-10,Missouri Tigers,69,Ole Miss Rebels,76,"The Sandy and John Black Pavilion at Ole Miss, Oxford, MS"
2026-01-10,Seton Hall Pirates,76,Georgetown Hoyas,67,"Capital One Arena, Washington, DC"
2026-01-10,San Diego Toreros,70,Pacific Tigers,77,"Alex G. Spanos Center, Stockton, CA"
2026-01-10,Southern Jaguars,59,Florida A&M Rattlers,67,"Al Lawson Center, Tallahassee, FL"
2026-01-10,Cal State Bakersfield Roadrunners,75,Long Beach State Beach,81,"Walter Pyramid, Long Beach, CA"
2026-01-10,Cal State Northridge Matadors,79,Cal State Fullerton Titans,86,"Titan Gym, Fullerton, CA"
2026-01-10,Incarnate Word Cardinals,51,Lamar Cardinals,63,"Montagne Center, Beaumont, TX"
2026-01-10,Campbell Fighting Camels,82,Elon Phoenix,83,"Schar Center, Elon, NC"
2026-01-10,San Francisco Dons,80,Pepperdine Waves,60,"Firestone Fieldhouse, Malibu, CA"
2026-01-10,Oregon State Beavers,76,Portland Pilots,82,"Chiles Center, Portland, OR"
2026-01-10,Maryland Terrapins,55,UCLA Bruins,67,"Pauley Pavilion, Los Angeles, CA"
2026-01-10,San José State Spartans,58,Grand Canyon Lopes,76,"Global Credit Union Arena, Phoenix, AZ"
2026-01-10,St. Thomas-Minnesota Tommies,82,Oral Roberts Golden Eagles,71,"Mabee Center, Tulsa, OK"
2026-01-10,North Dakota Fighting Hawks,81,Kansas City Roos,79,"Swinney Center, Kansas City, MO"
2026-01-10,UC San Diego Tritons,69,UC Riverside Highlanders,66,"SRC Arena, Riverside, CA"
2026-01-10,Weber State Wildcats,76,Northern Colorado Bears,71,"Bank of Colorado Arena, Greeley, CO"
2026-01-10,Idaho State Bengals,81,Northern Arizona Lumberjacks,79,"J. Lawrence Walkup Skydome, Flagstaff, AZ"
2026-01-10,Southern Utah Thunderbirds,55,California Baptist Lancers,58,"Dale E. and Sarah Ann Fowler Events Center, Riverside, CA"
2026-01-10,Middle Tennessee Blue Raiders,59,New Mexico State Aggies,55,"Pan American Center, Las Cruces, NM"
2026-01-10,Mississippi State Bulldogs,68,Kentucky Wildcats,92,"Rupp Arena, Lexington, KY"
2026-01-10,UT Martin Skyhawks,73,Southern Indiana Screaming Eagles,56,"Liberty Arena (IN), Evansville, IN"
2026-01-10,Utah State Aggies,93,Boise State Broncos,68,"ExtraMile Arena, Boise, ID"
2026-01-10,Wyoming Cowboys,83,Nevada Wolf Pack,92,"Lawlor Events Center, Reno, NV"
2026-01-10,Loyola Marymount Lions,72,Santa Clara Broncos,103,"Leavey Center, Santa Clara, CA"
2026-01-10,Fresno State Bulldogs,52,San Diego State Aztecs,71,"Viejas Arena, San Diego, CA"
2026-01-10,UC Irvine Anteaters,66,Hawai'i Rainbow Warriors,67,"Stan Sheriff Center, Honolulu, HI"
2026-01-11,Illinois Fighting Illini,75,Iowa Hawkeyes,69,"Carver-Hawkeye Arena, Iowa City, IA"
2026-01-11,Cincinnati Bearcats,72,UCF Knights,73,"Addition Financial Arena, Orlando, FL"
2026-01-11,Saint Joseph's Hawks,67,Richmond Spiders,65,"Robins Center, Richmond, VA"
2026-01-11,Memphis Tigers,78,Florida Atlantic Owls,89,"Eleanor R. Baldwin Arena, Boca Raton, FL"
2026-01-11,Cleveland State Vikings,84,Detroit Mercy Titans,94,"Calihan Hall, Detroit, MI"
2026-01-11,Canisius Golden Griffins,48,Iona Gaels,74,"Hynes Athletics Center, New Rochelle, NY"
2026-01-11,Charlotte 49ers,74,Rice Owls,73,"Tudor Fieldhouse, Houston, TX"
2026-01-11,UAB Blazers,87,East Carolina Pirates,85,"Minges Coliseum, Greenville, NC"
2026-01-11,Merrimack Warriors,63,Saint Peter's Peacocks,76,"Yanitelli Center, Jersey City, NJ"
2026-01-11,Quinnipiac Bobcats,70,Sacred Heart Pioneers,60,"William H. Pitt Center, Fairfield, CT"
2026-01-11,Northern Kentucky Norse,78,Green Bay Phoenix,80,"Resch Center, Ashwaubenon, WI"
2026-01-11,Purdue Fort Wayne Mastodons,79,Robert Morris Colonials,74,"UPMC Events Center, Moon Township, PA"
2026-01-11,Siena Saints,67,Mount St. Mary's Mountaineers,50,"Knott Arena, Emmitsburg, MD"
2026-01-11,Marist Red Foxes,71,Rider Broncs,49,"Alumni Gymnasium (Rider), Lawrenceville, NJ"
2026-01-11,Niagara Purple Eagles,70,Manhattan Jaspers,79,"Draddy Gymnasium, Riverdale, NY"
2026-01-11,North Texas Mean Green,67,Wichita State Shockers,78,"Charles Koch Arena, Wichita, KS"
2026-01-11,Wright State Raiders,94,Oakland Golden Grizzlies,84,"OU Credit Union O'rena, Rochester, MI"
2026-01-11,IU Indianapolis Jaguars,83,Milwaukee Panthers,95,"UW-Milwaukee Panther Arena, Milwaukee, WI"
2026-01-11,Northwestern Wildcats,75,Rutgers Scarlet Knights,77,"Jersey Mike’s Arena, Piscataway, NJ"
2026-01-11,Ohio State Buckeyes,74,Washington Huskies,81,"Alaska Airlines Arena, Seattle, WA"
2026-01-12,North Carolina Central Eagles,89,Morgan State Bears,78,"Hill Field House, Baltimore, MD"
2026-01-12,Delaware State Hornets,58,Howard Bison,84,"Burr Gymnasium, Washington, DC"
2026-01-12,Alcorn State Braves,66,Alabama State Hornets,81,"Dunn-Oliver Acadome, Montgomery, AL"
2026-01-12,Grambling Tigers,84,Florida A&M Rattlers,91,"Al Lawson Center, Tallahassee, FL"
2026-01-12,Arkansas-Pine Bluff Golden Lions,61,Prairie View A&M Panthers,73,"William Nicks Building, Prairie View, TX"
2026-01-12,Southern Jaguars,77,Bethune-Cookman Wildcats,73,"Moore Gymnasium (FL), Daytona Beach, FL"
2026-01-12,Maryland Eastern Shore Hawks,74,Norfolk State Spartans,70,"Joseph G. Echols Hall, Norfolk, VA"
2026-01-12,South Carolina State Bulldogs,74,Coppin State Eagles,72,"Physical Education Complex, Baltimore, MD"
2026-01-12,Houston Christian Huskies,56,Lamar Cardinals,64,"Montagne Center, Beaumont, TX"
2026-01-12,Navy Midshipmen,51,American University Eagles,65,"Bender Arena, Washington, DC"
2026-01-12,Incarnate Word Cardinals,46,Stephen F. Austin Lumberjacks,56,"William R. Johnson Coliseum, Nacogdoches, TX"
2026-01-12,New Orleans Privateers,79,SE Louisiana Lions,76,"University Center, Hammond, LA"
2026-01-12,UT Rio Grande Valley Vaqueros,63,Northwestern State Demons,64,"Prather Coliseum, Natchitoches, LA"
2026-01-12,Nicholls Colonels,68,McNeese Cowboys,94,"Townsley Law Arena, Lake Charles, LA"
2026-01-12,Texas A&M-Corpus Christi Islanders,61,East Texas A&M Lions,50,"The Field House, Commerce, TX"
2026-01-12,Mississippi Valley State Delta Devils,51,Texas Southern Tigers,84,"H&PE Arena, Houston, TX"
2026-01-12,Jackson State Tigers,91,Alabama A&M Bulldogs,100,"Event Center, Huntsville, AL"
2026-01-13,Iowa State Cyclones,63,Kansas Jayhawks,84,"Allen Fieldhouse, Lawrence, KS"
2026-01-13,UConn Huskies,69,Seton Hall Pirates,64,"Prudential Center, Newark, NJ"
2026-01-13,West Virginia Mountaineers,48,Houston Cougars,77,"Fertitta Center, Houston, TX"
2026-01-13,Oregon Ducks,55,Nebraska Cornhuskers,90,"Pinnacle Bank Arena, Lincoln, NE"
2026-01-13,Indiana Hoosiers,60,Michigan State Spartans,81,"Breslin Center, East Lansing, MI"
2026-01-13,Virginia Cavaliers,79,Louisville Cardinals,70,"KFC Yum! Center, Louisville, KY"
2026-01-13,Alabama Crimson Tide,97,Mississippi State Bulldogs,82,"Humphrey Coliseum, Starkville, MS"
2026-01-13,Florida Gators,96,Oklahoma Sooners,79,"Lloyd Noble Center, Norman, OK"
2026-01-13,Boston College Eagles,50,Clemson Tigers,74,"Littlejohn Coliseum, Clemson, SC"
2026-01-13,Texas A&M Aggies,82,Tennessee Volunteers,87,"Food City Center, Knoxville, TN"
2026-01-13,Villanova Wildcats,88,Providence Friars,82,"Amica Mutual Pavilion, Providence, RI"
2026-01-13,Marquette Golden Eagles,68,St. John's Red Storm,92,"Madison Square Garden, New York, NY"
2026-01-13,Northern Illinois Huskies,59,Eastern Michigan Eagles,77,"Gervin GameAbove Center, Ypsilanti, MI"
2026-01-13,Kent State Golden Flashes,87,Buffalo Bulls,81,"Alumni Arena, Buffalo, NY"
2026-01-13,UIC Flames,69,Northern Iowa Panthers,61,"McLeod Center, Cedar Falls, IA"
2026-01-13,George Mason Patriots,82,Loyola Chicago Ramblers,74,"Gentile Arena, Chicago, IL"
2026-01-13,Dayton Flyers,71,Duquesne Dukes,65,"UPMC Cooper Fieldhouse, Pittsburgh, PA"
2026-01-13,Wisconsin Badgers,78,Minnesota Golden Gophers,75,"Williams Arena, Minneapolis, MN"
2026-01-13,Miami Hurricanes,81,Notre Dame Fighting Irish,69,"Purcell Pavilion, South Bend, IN"
2026-01-13,Massachusetts Minutemen,85,Western Michigan Broncos,82,"University Arena (MI), Kalamazoo, MI"
2026-01-13,Ohio Bobcats,85,Toledo Rockets,101,"Savage Arena, Toledo, OH"
2026-01-13,Central Michigan Chippewas,61,Miami (OH) RedHawks,100,"Millett Hall, Oxford, OH"
2026-01-13,Ball State Cardinals,77,Akron Zips,87,"James A. Rhodes Arena, Akron, OH"
2026-01-13,Valparaiso Beacons,74,Belmont Bruins,78,"Curb Event Center Arena, Nashville, TN"
2026-01-13,Bradley Braves,94,Evansville Purple Aces,90,"Ford Center, Evansville, IN"
2026-01-13,Western Illinois Leathernecks,55,Eastern Illinois Panthers,57,"Groniger Arena, Charleston, IL"
2026-01-13,Colorado State Rams,69,Fresno State Bulldogs,79,"Save Mart Center, Fresno, CA"
2026-01-13,Baylor Bears,94,Oklahoma State Cowboys,79,"Gallagher-Iba Arena, Stillwater, OK"
2026-01-13,Grand Canyon Lopes,64,New Mexico Lobos,87,"The Pit, Albuquerque, NM"
2026-01-13,Georgetown Hoyas,83,Creighton Bluejays,86,"CHI Health Center Omaha, Omaha, NE"
2026-01-13,Florida State Seminoles,86,Syracuse Orange,94,"JMA Wireless Dome, Syracuse, NY"
2026-01-13,Air Force Falcons,62,San José State Spartans,70,"Provident Credit Union Event Center, San Jose, CA"
2026-01-13,Maryland Terrapins,71,USC Trojans,88,"Galen Center, Los Angeles, CA"
2026-01-13,Saint Mary's Gaels,82,San Francisco Dons,68,"The Sobrato Center, San Francisco, CA"
2026-01-13,Boise State Broncos,85,UNLV Rebels,89,"Thomas & Mack Center, Las Vegas, NV"
2026-01-14,Arizona State Sun Devils,82,Arizona Wildcats,89,"McKale Memorial Center, Tucson, AZ"
2026-01-14,Michigan Wolverines,82,Washington Huskies,72,"Alaska Airlines Arena, Seattle, WA"
2026-01-14,Iowa Hawkeyes,72,Purdue Boilermakers,79,"Mackey Arena, West Lafayette, IN"
2026-01-14,Duke Blue Devils,71,California Golden Bears,56,"Haas Pavilion, Berkeley, CA"
2026-01-14,Vanderbilt Commodores,64,Texas Longhorns,80,"Moody Center, Austin, TX"
2026-01-14,TCU Horned Frogs,70,BYU Cougars,76,"Marriott Center, Provo, UT"
2026-01-14,Illinois Fighting Illini,79,Northwestern Wildcats,68,"Welsh-Ryan Arena, Evanston, IL"
2026-01-14,North Carolina Tar Heels,90,Stanford Cardinal,95,"Maples Pavilion, Stanford, CA"
2026-01-14,Utah Utes,74,Texas Tech Red Raiders,88,"United Supermarkets Arena, Lubbock, TX"
2026-01-14,South Carolina Gamecocks,74,Arkansas Razorbacks,108,"Bud Walton Arena, Fayetteville, AR"
2026-01-14,Ole Miss Rebels,97,Georgia Bulldogs,95,"Stegeman Coliseum, Athens, GA"
2026-01-14,Nevada Wolf Pack,62,Utah State Aggies,71,"Dee Glen Smith Spectrum, Logan, UT"
2026-01-14,VCU Rams,84,Rhode Island Rams,75,"Thomas M. Ryan Center, Kingston, RI"
2026-01-14,Army Black Knights,75,Holy Cross Crusaders,82,"Hart Center, Worcester, MA"
2026-01-14,Lehigh Mountain Hawks,93,Boston University Terriers,91,"Case Gym, Boston, MA"
2026-01-14,Chattanooga Mocs,76,Wofford Terriers,67,"Jerry Richardson Indoor Stadium, Spartanburg, SC"
2026-01-14,East Tennessee State Buccaneers,68,Western Carolina Catamounts,72,"Ramsey Center, Cullowhee, NC"
2026-01-14,High Point Panthers,75,Winthrop Eagles,92,"Winthrop Coliseum, Rock Hill, SC"
2026-01-14,Butler Bulldogs,75,Xavier Musketeers,89,"Cintas Center, Cincinnati, OH"
2026-01-14,Illinois State Redbirds,89,Indiana State Sycamores,94,"Hulman Center, Terre Haute, IN"
2026-01-14,St. Bonaventure Bonnies,64,Saint Joseph's Hawks,68,"Michael J. Hagan '85 Arena, Philadelphia, PA"
2026-01-14,La Salle Explorers,53,Richmond Spiders,74,"Robins Center, Richmond, VA"
2026-01-14,Davidson Wildcats,84,George Washington Revolutionaries,79,"Charles E. Smith Center, Washington, DC"
2026-01-14,East Carolina Pirates,71,South Florida Bulls,82,"Yuengling Center, Tampa, FL"
2026-01-14,Tulsa Golden Hurricane,86,Charlotte 49ers,74,"Halton Arena, Charlotte, NC"
2026-01-14,Colorado Buffaloes,68,Cincinnati Bearcats,77,"Fifth Third Arena, Cincinnati, OH"
2026-01-14,South Carolina Upstate Spartans,86,Charleston Southern Buccaneers,81,"Buccaneer Fieldhouse, Charleston, SC"
2026-01-14,UNC Asheville Bulldogs,70,Presbyterian Blue Hose,71,"Templeton Center, Clinton, SC"
2026-01-14,Radford Highlanders,89,Gardner-Webb Runnin' Bulldogs,80,"Paul Porter Arena, Boiling Springs, NC"
2026-01-14,Iona Gaels,68,Rider Broncs,72,"Alumni Gymnasium (Rider), Lawrenceville, NJ"
2026-01-14,Pittsburgh Panthers,89,Georgia Tech Yellow Jackets,66,"McCamish Pavilion, Atlanta, GA"
2026-01-14,Saint Peter's Peacocks,74,Quinnipiac Bobcats,70,"M&T Bank Arena, Hamden, CT"
2026-01-14,Colgate Raiders,86,Loyola Maryland Greyhounds,80,"Reitz Arena, Baltimore, MD"
2026-01-14,Sacred Heart Pioneers,86,Siena Saints,80,"MVP Arena, Albany, NY"
2026-01-14,Niagara Purple Eagles,59,Canisius Golden Griffins,54,"Koessler Athletic Center, Buffalo, NY"
2026-01-14,Manhattan Jaspers,62,Fairfield Stags,98,"Leo D. Mahoney Arena, Fairfield, CT"
2026-01-14,Furman Paladins,77,Samford Bulldogs,73,"Pete Hanna Center, Homewood, AL"
2026-01-14,Southern Miss Golden Eagles,65,Troy Trojans,91,"Trojan Arena, Troy, AL"
2026-01-14,Coastal Carolina Chanticleers,85,Marshall Thundering Herd,83,"Cam Henderson Center, Huntington, WV"
2026-01-14,Auburn Tigers,74,Missouri Tigers,84,"Mizzou Arena, Columbia, MO"
2026-01-14,Kentucky Wildcats,75,LSU Tigers,74,"Pete Maravich Assembly Center, Baton Rouge, LA"
2026-01-14,Florida International Panthers,86,Kennesaw State Owls,89,"KSU Convocation Center, Kennesaw, GA"
2026-01-14,Sam Houston Bearkats,77,Jacksonville State Gamecocks,62,"Pete Mathews Coliseum, Jacksonville, AL"
2026-01-14,Lafayette Leopards,69,Bucknell Bison,76,"Sojka Pavilion, Lewisburg, PA"
2026-01-14,UAB Blazers,82,Tulane Green Wave,69,"Devlin Fieldhouse, New Orleans, LA"
2026-01-14,Missouri State Bears,72,Western Kentucky Hilltoppers,87,"E.A. Diddle Arena, Bowling Green, KY"
2026-01-14,Middle Tennessee Blue Raiders,58,Louisiana Tech Bulldogs,59,"Thomas Assembly Center, Ruston, LA"
2026-01-14,San Diego State Aztecs,74,Wyoming Cowboys,57,"Arena-Auditorium, Laramie, WY"
2026-01-14,Drake Bulldogs,76,Southern Illinois Salukis,73,"Banterra Center, Carbondale, IL"
2026-01-14,Fordham Rams,56,Saint Louis Billikens,78,"Chaifetz Arena, St. Louis, MO"
2026-01-14,Rice Owls,89,UTSA Roadrunners,73,"UTSA Convocation Center, San Antonio, TX"
2026-01-14,Temple Owls,53,Memphis Tigers,55,"FedExForum, Memphis, TN"
2026-01-14,UCF Knights,82,Kansas State Wildcats,73,"Bramlage Coliseum, Manhattan, KS"
2026-01-14,South Dakota State Jackrabbits,65,North Dakota State Bison,76,"Scheels Center, Fargo, ND"
2026-01-14,Louisiana Ragin' Cajuns,54,Texas State Bobcats,59,"Strahan Arena at the University Events Center, San Marcos, TX"
2026-01-14,UCLA Bruins,71,Penn State Nittany Lions,60,"Bryce Jordan Center, University Park, PA"
2026-01-14,Portland Pilots,63,Pepperdine Waves,67,"Firestone Fieldhouse, Malibu, CA"
2026-01-14,Virginia Tech Hokies,76,SMU Mustangs,77,"Moody Coliseum (Dallas), Dallas, TX"
2026-01-14,Oral Roberts Golden Eagles,87,Denver Pioneers,98,"Hamilton Gymnasium, Denver, CO"
2026-01-14,Pacific Tigers,69,Santa Clara Broncos,85,"Leavey Center, Santa Clara, CA"
2026-01-14,Loyola Marymount Lions,70,Oregon State Beavers,76,"Gill Coliseum, Corvallis, OR"
2026-01-15,Gonzaga Bulldogs,86,Washington State Cougars,65,"Beasley Coliseum, Pullman, WA"
2026-01-15,NJIT Highlanders,73,UMass Lowell River Hawks,64,"Kennedy Family Athletic Complex, Lowell, MA"
2026-01-15,UMBC Retrievers,74,Bryant Bulldogs,79,"Chace Athletic Center, Smithfield, RI"
2026-01-15,Mercer Bears,77,VMI Keydets,67,"Cameron Hall, Lexington, VA"
2026-01-15,New Mexico State Aggies,71,Liberty Flames,73,"Liberty Arena (VA), Lynchburg, VA"
2026-01-15,Robert Morris Colonials,93,IU Indianapolis Jaguars,96,"The Jungle, Indianapolis, IN"
2026-01-15,Binghamton Bearcats,53,UAlbany Great Danes,69,"Broadview Center, Albany, NY"
2026-01-15,James Madison Dukes,65,App State Mountaineers,80,"Holmes Convocation Center, Boone, NC"
2026-01-15,Youngstown State Penguins,83,Wright State Raiders,93,"Nutter Center, Dayton, OH"
2026-01-15,Oakland Golden Grizzlies,73,Milwaukee Panthers,60,"UW-Milwaukee Panther Arena, Milwaukee, WI"
2026-01-15,Detroit Mercy Titans,71,Northern Kentucky Norse,96,"Truist Arena, Highland Heights, KY"
2026-01-15,Green Bay Phoenix,88,Cleveland State Vikings,73,"Wolstein Center, Cleveland, OH"
2026-01-15,Maine Black Bears,62,Vermont Catamounts,67,"Patrick Gymnasium, Burlington, VT"
2026-01-15,Elon Phoenix,78,Northeastern Huskies,85,"Cabot Center, Boston, MA"
2026-01-15,North Carolina A&T Aggies,89,William & Mary Tribe,97,"Kaplan Arena, Williamsburg, VA"
2026-01-15,Drexel Dragons,73,Monmouth Hawks,51,"OceanFirst Bank Center, West Long Branch, NJ"
2026-01-15,Hofstra Pride,71,Stony Brook Seawolves,76,"Stony Brook Arena, Stony Brook, NY"
2026-01-15,The Citadel Bulldogs,66,UNC Greensboro Spartans,69,"Bodford Arena, Greensboro, NC"
2026-01-15,Old Dominion Monarchs,84,Georgia Southern Eagles,87,"Jack and Ruth Ann Hill Convocation Center, Statesboro, GA"
2026-01-15,West Georgia Wolves,86,Stetson Hatters,95,"Edmunds Center, DeLand, FL"
2026-01-15,Queens University Royals,85,Florida Gulf Coast Eagles,74,"Alico Arena, Fort Myers, FL"
2026-01-15,North Florida Ospreys,105,North Alabama Lions,91,"Flowers Hall, Florence, AL"
2026-01-15,UTEP Miners,70,Delaware Blue Hens,69,"Bob Carpenter Center, Newark, DE"
2026-01-15,Jacksonville Dolphins,60,Central Arkansas Bears,62,"Farris Center, Conway, AR"
2026-01-15,Kansas City Roos,83,South Dakota Coyotes,99,"Sanford Coyote Sports Center, Vermillion, SD"
2026-01-15,St. Thomas-Minnesota Tommies,91,North Dakota Fighting Hawks,80,"Betty Engelstad Sioux Center, Grand Forks, ND"
2026-01-15,Charleston Cougars,52,Towson Tigers,61,"SECU Arena, Towson, MD"
2026-01-15,Arkansas State Red Wolves,87,South Alabama Jaguars,91,"Mitchell Center, Mobile, AL"
2026-01-15,Eastern Kentucky Colonels,72,Austin Peay Governors,74,"F&M Bank Arena, Clarksville, TN"
2026-01-15,Bellarmine Knights,71,Lipscomb Bisons,81,"Allen Arena, Nashville, TN"
2026-01-15,California Baptist Lancers,74,Abilene Christian Wildcats,58,"Moody Coliseum (Abilene), Abilene, TX"
2026-01-15,SIU Edwardsville Cougars,59,UT Martin Skyhawks,65,"Kathleen and Tom Elam Center, Martin, TN"
2026-01-15,Morehead State Eagles,100,Tennessee State Tigers,105,"Gentry Center, Nashville, TN"
2026-01-15,Eastern Illinois Panthers,63,Little Rock Trojans,74,"Jack Stephens Center, Little Rock, AR"
2026-01-15,Tarleton State Texans,105,Southern Utah Thunderbirds,106,"America First Events Center, Cedar City, UT"
2026-01-15,Wichita State Shockers,67,Florida Atlantic Owls,85,"Eleanor R. Baldwin Arena, Boca Raton, FL"
2026-01-15,Cal State Fullerton Titans,69,UC Davis Aggies,74,"University Credit Union Center, Davis, CA"
2026-01-15,Idaho Vandals,68,Idaho State Bengals,76,"Reed Gym, Pocatello, ID"
2026-01-15,Eastern Washington Eagles,80,Weber State Wildcats,91,"Dee Events Center, Ogden, UT"
2026-01-15,Southern Indiana Screaming Eagles,71,Tennessee Tech Golden Eagles,54,"Hooper Eblen Center, Cookeville, TN"
2026-01-15,Lindenwood Lions,88,Southeast Missouri State Redhawks,76,"Show Me Center, Cape Girardeau, MO"
2026-01-15,UT Arlington Mavericks,56,Utah Tech Trailblazers,52,"Burns Arena, St. George, UT"
2026-01-15,UC Santa Barbara Gauchos,75,Cal State Bakersfield Roadrunners,69,"Icardo Center, Bakersfield, CA"
2026-01-15,San Diego Toreros,64,Seattle U Redhawks,75,"Redhawk Center, Seattle, WA"
2026-01-15,UC Riverside Highlanders,73,Long Beach State Beach,88,"Walter Pyramid, Long Beach, CA"
2026-01-15,Hawai'i Rainbow Warriors,86,Cal Poly Mustangs,66,"Mott Athletics Center, San Luis Obispo, CA"
2026-01-15,Cal State Northridge Matadors,84,UC San Diego Tritons,79,"LionTree Arena, San Diego, CA"
2026-01-15,Northern Colorado Bears,73,Portland State Vikings,76,"Viking Pavilion, Portland, OR"
2026-01-15,Northern Arizona Lumberjacks,69,Sacramento State Hornets,83,"Hornet Pavilion, Sacramento, CA"
